"PARID","CONVNUM","SALEDTE","PRICE","OLDOWN","OWNERNAME1","PARCELLOCATION","MAILINGNAME1","MAILINGNAME2","PADDR1","PADDR2","PADDR3","CLS","ACRES","TAXLAND","TAXBLDG","TAXTOTAL","ASMTLAND","ASMTBLDG","ASMTTOTL","SALETYPE","SALEVALIDITY","DYTNCRDT"
"A01 00203 0010",6014,12-MAY-11,000000000.00,"HOPKINS EILEEN P ET AL","HOPKINS EILEEN P ET AL","11591 N DIXIE DR","HOPKINS EILEEN P ET AL","","11601 N DIXIE DR","","TIPP CITY OH 45371 9108","I",0016.11600,0000134370,0000027480,0000161850,0000383900,0000078510,0000462410,"LAND AND BUILDING","NOT VALIDATED","N"
"A01 00203 0087",6015,12-MAY-11,000390000.00,"HOPKINS EILEEN P","BOWDEN TED W AND","11601 11603 N DIXIE DR","BOWDEN TED W AND","PATRICIA J","11180 N DIXIE DR","","VANDALIA OH 45377 9108","I",0002.27200,0000032540,0000089040,0000121580,0000092970,0000254390,0000347360,"LAND AND BUILDING","VALID SALE","N"
"B02 00132 0011",12232,15-SEP-11,000000000.00,"COLUMBIA PROPERTIES LD","COLUMBIA PROPERTIES LD","875 CENTER DR","COLUMBIA PROPERTIES LD","","2501 THUNDERHAWK CT","","DAYTON OH 45414","I",0008.20300,0000113650,0000464350,0000578000,0000324720,0001326710,0001651430,"LAND AND BUILDING","NOT VALIDATED","N"
"B02 00132 0011",10886,17-AUG-11,001650000.00,"MAE REAL ESTATE LLC","COLUMBIA PROPERTIES LD","875 CENTER DR","COLUMBIA PROPERTIES LD","","2501 THUNDERHAWK CT","","DAYTON OH 45414","I",0008.20300,0000113650,0000464350,0000578000,0000324720,0001326710,0001651430,"LAND AND BUILDING","VALID SALE","N"
"B02 00508 0041",13483,11-OCT-11,001200000.00,"HUBERT FAMILY LLC","PRINTGRAPHICS LLC","1170 INDUSTRIAL PARK DR","PRINTGRAPHICS LLC","","5332 RAPID RUN RD","","CINCINNATI OH 45238","I",0003.30300,0000042000,0000276100,0000318100,0000119990,0000788870,0000908860,"LAND AND BUILDING","VALID SALE","N"
"B02 01013 0011",11217,24-AUG-11,000000000.00,"CITY OF VANDALIA","PASCO ENTERPRISES INC","CAPSTONE WAY","PASCO ENTERPRISES INC","","4020 W 73RD ST","","ANDERSON IN 46011","I",0024.52800,0000226640,0000000000,0000226640,0000647540,0000000000,0000647540,"LAND ONLY","NOT VALIDATED","N"
"C05 00106 0001",13950,20-OCT-11,000430000.00,"BENCHMARK ACQUISITION","CCWB ASSET INVESTMENT","630 HAY AVE","CCWB ASSET INVESTMENT","LLC","22461 SHAW RD","","STERLING VA 20166 3410","I",0001.75300,0000027670,0000032030,0000059700,0000079070,0000091500,0000170570,"LAND AND BUILDING","LIQUIDATION/FORECLOSURE","N"
"C05 00405 0008",13950,20-OCT-11,000430000.00,"BENCHMARK ACQUISITION COMPANY","CCWB ASSET INVESTMENT","ALBERT RD","CCWB ASSET INVESTMENT","LLC","22461 SHAW RD","","STERLING VA 20166 3410","I",0005.92300,0000058610,0000167070,0000225680,0000167450,0000477350,0000644800,"LAND AND BUILDING","LIQUIDATION/FORECLOSURE","N"
"C05 00405 0010",6116,13-MAY-11,000000000.00,"GOLLAHON RAYMOND M AND","GOLLAHON DONNA KAY","650 ALBERT RD","GOLLAHON DONNA KAY","","597 GOLDEN MAPLE AVE","","BROOKVILLE OH 45309","I",0003.73500,0000025130,0000121870,0000147000,0000071810,0000348200,0000420010,"LAND AND BUILDING","RELATED INDIVIDUALS OR CORPORATIONS","N"
"C05 00405 0039",6116,13-MAY-11,000000000.00,"GOLLAHON RAYMOND M AND","GOLLAHON DONNA KAY","718 ALBERT RD","GOLLAHON DONNA KAY","","597 GOLDEN MAPLE AVE","","BROOKVILLE OH 45309","I",0000.02400,0000000160,0000000000,0000000160,0000000460,0000000000,0000000460,"LAND AND BUILDING","RELATED INDIVIDUALS OR CORPORATIONS","N"
"C06 16217 0002",1975,15-FEB-11,000000000.00,"HOFACKER PRECISION","HOFACKER FREDERICK D","7560 JACKS LN","HOFACKER REAL ESTATE LLC","","6284 BROOKVILLE SALEM RD","","CLAYTON OH 45315","I",0001.32700,0000025060,0000050340,0000075400,0000071600,0000143840,0000215440,"LAND AND BUILDING","RELATED INDIVIDUALS OR CORPORATIONS","N"
"C06 16217 0002",1978,15-FEB-11,000000000.00,"HOFACKER JANE C","HOFACKER REAL ESTATE LLC","7560 JACKS LN","HOFACKER REAL ESTATE LLC","","6284 BROOKVILLE SALEM RD","","CLAYTON OH 45315","I",0001.32700,0000025060,0000050340,0000075400,0000071600,0000143840,0000215440,"LAND AND BUILDING","RELATED INDIVIDUALS OR CORPORATIONS","N"
"C06 16217 0002",1976,15-FEB-11,000000000.00,"HOFACKER FREDERICK D","HOFACKER JANE C","7560 JACKS LN","HOFACKER REAL ESTATE LLC","","6284 BROOKVILLE SALEM RD","","CLAYTON OH 45315","I",0001.32700,0000025060,0000050340,0000075400,0000071600,0000143840,0000215440,"LAND AND BUILDING","RELATED INDIVIDUALS OR CORPORATIONS","N"
"C08 00103 0027",15768,01-DEC-11,000000000.00,"LAWHORN WILLIAM C","LAWHORN WILLIAM C AND","WALNUT ST","LAWHORN WILLIAM C","","30 E WALNUT ST","","PHILLIPSBURG OH 45354","I",0000.00000,0000002300,0000000000,0000002300,0000006560,0000000000,0000006560,"LAND AND BUILDING","RELATED INDIVIDUALS OR CORPORATIONS","N"
"C08 00103 0028",15768,01-DEC-11,000000000.00,"LAWHORN WILLIAM C","LAWHORN WILLIAM C AND","25 WALNUT ST","WILLIAM C LAWHORN","","PO BOX 36","","PHILLIPSBURG OH 45354 0036","I",0000.00000,0000002610,0000018280,0000020890,0000007460,0000052220,0000059680,"LAND AND BUILDING","RELATED INDIVIDUALS OR CORPORATIONS","N"
"E21 01002 0111",12082,12-SEP-11,000313658.00,"TEMPLE HOLDINGS LLC","SSK INVESMENTS LLC","6234 WEBSTER ST","SSK INVESMENTS LLC","","676 TOWNCREST DR","","DAYTON OH 45434","I",0001.13500,0000015400,0000059660,0000075060,0000044000,0000170470,0000214470,"LAND AND BUILDING","VALID SALE","N"
"E21 17304 0079",4550,12-APR-11,000000000.00,"WAGNER BRUCE A","2124 NEVA DRIVE LLC","2124 NEVA DR","2124 NEVA DRIVE LLC","","P O BOX 215","","DAYTON OH 45401","I",0000.00000,0000010580,0000003620,0000014200,0000030220,0000010340,0000040560,"LAND AND BUILDING","NOT VALIDATED","N"
"E21 17409 0016",961,25-JAN-11,000072345.00,"REECE`S RESTORATION INC","DUNCAN MICHAEL","5558 WADSWORTH RD","DUNCAN MICHAEL","","5558 WADSWORTH RD","","DAYTON OH 45414","I",0000.00000,0000007080,0000018140,0000025220,0000020220,0000051820,0000072040,"LAND AND BUILDING","VALID SALE","N"
"H33 02301 0004",13632,14-OCT-11,000065000.00,"REHFELD FRANZ AND","BOSQUE-WOLAK LAURA AND","1661 1665 GUENTHER RD","BOSQUE-WOLAK LAURA AND","FRANK WOLAK","1661 GUENTHER RD","","DAYTON OH 45415","I",0008.30110,0000032690,0000040020,0000072710,0000093390,0000114350,0000207740,"LAND AND BUILDING","VALID SALE","N"
"H33 02301 0004",6707,25-MAY-11,000029900.00,"SOPRAMCO III REO LLC","REHFELD FRANZ AND","1661 1665 GUENTHER RD","BOSQUE-WOLAK LAURA AND","FRANK WOLAK","1661 GUENTHER RD","","DAYTON OH 45415","I",0008.30110,0000032690,0000040020,0000072710,0000093390,0000114350,0000207740,"LAND AND BUILDING","NOT VALIDATED","N"
"H33300904 0052",9934,28-JUL-11,000000000.00,"LUTHER FRED M","GUMP RICHARD E JR AND","4147 GARDENDALE AVE","GUMP RICHARD E JR AND","DARYL R DOUPLE TRS","5724 PRICE HILL PL","","DAYTON OH 45459","I",0000.00000,0000001420,0000026590,0000028010,0000004050,0000075960,0000080010,"LAND AND BUILDING","NOT VALIDATED","N"
"H33300904 0053",9934,28-JUL-11,000000000.00,"LUTHER FRED M","GUMP RICHARD E JR AND","4153 GARDENDALE AVE","GUMP RICHARD E JR AND","DARYL R DOUPLE TRS","5724 PRICE HILL PL","","DAYTON OH 45459","I",0000.00000,0000001420,0000000000,0000001420,0000004050,0000000000,0000004050,"LAND AND BUILDING","NOT VALIDATED","N"
"J44 04101 0017",4525,11-APR-11,000000000.00,"BROADWAY SAND AND GRAVEL","SANDRIDGE PROPERTIES SOUTH INC","SANDRIDGE DR","SANDRIDGE PROPERTIES SOUTH INC","","P O BOX 356","","SPRINGBORO OH 45066","I",0004.80400,0000007980,0000000000,0000007980,0000022810,0000000000,0000022810,"LAND AND BUILDING","NOT VALIDATED","N"
"J44 04101 0020",4529,11-APR-11,000000000.00,"BROADWAY SAND AND GRAVEL","SANDRIDGE PROPERTIES SOUTH INC","SANDRIDGE DR","SANDRIDGE PROPERTIES SOUTH INC","","P O BOX 356","","SPRINGBORO OH 45066","I",0008.32700,0000013850,0000000000,0000013850,0000039580,0000000000,0000039580,"LAND AND BUILDING","NOT VALIDATED","N"
"J44 04101 0027",6903,27-MAY-11,000300000.00,"L C TRUCKING INC","WEILER INVESTMENTS LLCX","SANDRIDGE DR","WEILER INVESTMENTS LLCX","","324 E SECOND ST","","DAYTON OH 45402","I",0012.62300,0000047240,0000000000,0000047240,0000134980,0000000000,0000134980,"LAND ONLY","SALE INVOLVING MULTIPLE PARCELS","N"
"J44 04101 0033",13210,04-OCT-11,000000000.00,"SNYDER LEE AND","SNYDER LEE AND","CARDINGTON RD","SNYDER LEE AND","EMA ENTERPRISES LLC","2301 W DOROTHY LN","","DAYTON OH 45439","I",0037.09360,0000011220,0000000000,0000011220,0000032050,0000000000,0000032050,"LAND AND BUILDING","NOT VALIDATED","N"
"J44 04101 0034",12640,22-SEP-11,000000000.00,"VIKING DEV CO","BD OF CTY COMM","2100 SPRINGBORO PIKE","BD OF CTY COMM","","451 W THIRD ST","","DAYTON OH 45422","I",0001.81000,0000022730,0000010250,0000032980,0000064940,0000029280,0000094220,"LAND AND BUILDING","NOT VALIDATED","N"
"J44 04101 0237",4533,11-APR-11,000000000.00,"BROADWAY SAND & GRAVEL INC","SANDRIDGE PROPERTIES SOUTH INC","2000 SANDRIDGE DR","SANDRIDGE PROPERTIES SOUTH INC","","P O BOX 356","","SPRINGBORO OH 45066","I",0001.12000,0000009020,0000022250,0000031270,0000025760,0000063570,0000089330,"LAND AND BUILDING","NOT VALIDATED","N"
"J44 04101 0247",6903,27-MAY-11,000300000.00,"L C TRUCKING INC","WEILER INVESTMENTS LLCX","SANDRIDGE DR","WEILER INVESTMENTS LLCX","","324 E SECOND ST","","DAYTON OH 45402","I",0000.47300,0000001430,0000000000,0000001430,0000004090,0000000000,0000004090,"LAND ONLY","SALE INVOLVING MULTIPLE PARCELS","N"
"J44 04104 0002",4602,12-APR-11,000341300.00,"ASHLAND CHEMICAL INC","NEXEO SOLUTIONS LLC","2830 SPRINGBORO","NEXEO SOLUTIONS LLC","","5200 BLAZER PKWY","","DUBLIN OH 43017","I",0000.00000,0000025410,0000000290,0000025700,0000072610,0000000840,0000073450,"LAND AND BUILDING","NOT VALIDATED","N"
"J44 04104 0006",4602,12-APR-11,000341300.00,"ASHLAND INC","NEXEO SOLUTIONS LLC","2854 SPRINGBORO","NEXEO SOLUTIONS LLC","","5200 BLAZER PKWY","","DUBLIN OH 43017","I",0001.58000,0000032230,0000044370,0000076600,0000092080,0000126760,0000218840,"LAND AND BUILDING","NOT VALIDATED","N"
"J44 04106 0018",8796,07-JUL-11,000000000.00,"RACER PROPERTIES LLC","IRG MORAINE LLC","DRYDEN RD","IRG MORAINE LLC","","23240 CHAGRIN BLVD STE 250","ATTN:  CHRISTOPHER S SEMARJIAN","CLEVELAND OH 44122","I",0004.89600,0000000000,0000000000,0000000000,0000000000,0000000000,0000000000,"LAND AND BUILDING","SALE INVOLVING MULTIPLE PARCELS","N"
"J44 04106 0018",8788,07-JUL-11,000000000.00,"GENERAL MOTORS CORPORATION","RACER PROPERTIES LLC","DRYDEN RD","IRG MORAINE LLC","","23240 CHAGRIN BLVD STE 250","ATTN:  CHRISTOPHER S SEMARJIAN","CLEVELAND OH 44122","I",0004.89600,0000000000,0000000000,0000000000,0000000000,0000000000,0000000000,"LAND AND BUILDING","NOT VALIDATED","N"
"J44 04106 0089",8796,07-JUL-11,000000000.00,"RACER PROPERTIES LLC","IRG MORAINE LLC","DRYDEN RD","IRG MORAINE LLC","","23240 CHAGRIN BLVD STE 250","ATTN:  CHRISTOPHER S SEMARJIAN","CLEVELAND OH 44122","I",0002.29300,0000000000,0000000000,0000000000,0000000000,0000000000,0000000000,"LAND AND BUILDING","SALE INVOLVING MULTIPLE PARCELS","N"
"J44 04106 0089",8788,07-JUL-11,000000000.00,"GENERAL MOTORS CORPORATION","RACER PROPERTIES LLC","DRYDEN RD","IRG MORAINE LLC","","23240 CHAGRIN BLVD STE 250","ATTN:  CHRISTOPHER S SEMARJIAN","CLEVELAND OH 44122","I",0002.29300,0000000000,0000000000,0000000000,0000000000,0000000000,0000000000,"LAND AND BUILDING","SALE INVOLVING MULTIPLE PARCELS","N"
"J44 20908 0065",17107,30-DEC-11,000556804.00,"DEUBER RUTH AND WARREN","MALACOS PROPERTIES LTD","2830 EAST RIVER RD","RUTH & WARREN DEUBER","FAMILY PARTNERSHIP","2830 E RIVER RD","","DAYTON OH 45439 1538","I",0002.34000,0000028300,0000378740,0000407040,0000080870,0001082100,0001162970,"LAND AND BUILDING","VALID SALE","N"
"J44 26413 0003",8796,07-JUL-11,000000000.00,"RACER PROPERTIES LLC","IRG MORAINE LLC","KETTERING BLVD","IRG MORAINE LLC","","23240 CHAGRIN BLVD STE 250","ATTN:  CHRISTOPHER S SEMARJIAN","CLEVELAND OH 44122","I",0031.57600,0000381940,0002409400,0002791340,0001091270,0006883990,0007975260,"LAND AND BUILDING","SALE INVOLVING MULTIPLE PARCELS","N"
"J44 26413 0003",8788,07-JUL-11,000000000.00,"GENERAL MOTORS CORPORATION","RACER PROPERTIES LLC","KETTERING BLVD","IRG MORAINE LLC","","23240 CHAGRIN BLVD STE 250","ATTN:  CHRISTOPHER S SEMARJIAN","CLEVELAND OH 44122","I",0031.57600,0000381940,0002409400,0002791340,0001091270,0006883990,0007975260,"LAND AND BUILDING","SALE INVOLVING MULTIPLE PARCELS","N"
"J44 26413 0004",8788,07-JUL-11,000000000.00,"GENERAL MOTORS CORPORATION","RACER PROPERTIES LLC","W STROOP RD","IRG MORAINE LLC","","23240 CHAGRIN BLVD STE 250","ATTN:  CHRISTOPHER S SEMARJIAN","CLEVELAND OH 44122","I",0125.63400,0001519670,0002865110,0004384780,0004341910,0008186020,0012527930,"LAND AND BUILDING","SALE INVOLVING MULTIPLE PARCELS","N"
"J44 26413 0004",8796,07-JUL-11,000000000.00,"RACER PROPERTIES LLC","IRG MORAINE LLC","W STROOP RD","IRG MORAINE LLC","","23240 CHAGRIN BLVD STE 250","ATTN:  CHRISTOPHER S SEMARJIAN","CLEVELAND OH 44122","I",0125.63400,0001519670,0002865110,0004384780,0004341910,0008186020,0012527930,"LAND AND BUILDING","SALE INVOLVING MULTIPLE PARCELS","N"
"J44 26413 0005",8788,07-JUL-11,000000000.00,"GENERAL MOTORS CORPORATION","RACER PROPERTIES LLC","3501 SP SPRINGBORO PIKE","IRG MORAINE LLC","","23240 CHAGRIN BLVD STE 250","ATTN:  CHRISTOPHER S SEMARJIAN","CLEVELAND OH 44122","I",0046.04000,0000314740,0000902620,0001217360,0000899250,0002578900,0003478150,"LAND AND BUILDING","SALE INVOLVING MULTIPLE PARCELS","N"
"J44 26413 0005",8796,07-JUL-11,000000000.00,"RACER PROPERTIES LLC","IRG MORAINE LLC","3501 SP SPRINGBORO PIKE","IRG MORAINE LLC","","23240 CHAGRIN BLVD STE 250","ATTN:  CHRISTOPHER S SEMARJIAN","CLEVELAND OH 44122","I",0046.04000,0000314740,0000902620,0001217360,0000899250,0002578900,0003478150,"LAND AND BUILDING","SALE INVOLVING MULTIPLE PARCELS","N"
"J44 26413 0007",8792,07-JUL-11,000000000.00,"RACER PROPERTIES LLC","RACER PROPERTIES LLC","3600 DRYDEN RD","IRG MORAINE LLC","","23240 CHAGRIN BLVD STE 250","ATTN:  CHRISTOPHER S SEMARJIAN","CLEVELAND OH 44122","I",0088.34000,0000594760,0000107180,0000701940,0001699320,0000306220,0002005540,"LAND AND BUILDING","SALE INVOLVING MULTIPLE PARCELS","N"
"J44 26413 0007",8788,07-JUL-11,000000000.00,"GENERAL MOTORS CORPORATION AND","RACER PROPERTIES LLC","3600 DRYDEN RD","IRG MORAINE LLC","","23240 CHAGRIN BLVD STE 250","ATTN:  CHRISTOPHER S SEMARJIAN","CLEVELAND OH 44122","I",0088.34000,0000594760,0000107180,0000701940,0001699320,0000306220,0002005540,"LAND AND BUILDING","SALE INVOLVING MULTIPLE PARCELS","N"
"J44 26413 0007",8796,07-JUL-11,000000000.00,"RACER PROPERTIES LLC","IRG MORAINE LLC","3600 DRYDEN RD","IRG MORAINE LLC","","23240 CHAGRIN BLVD STE 250","ATTN:  CHRISTOPHER S SEMARJIAN","CLEVELAND OH 44122","I",0088.34000,0000594760,0000107180,0000701940,0001699320,0000306220,0002005540,"LAND AND BUILDING","SALE INVOLVING MULTIPLE PARCELS","N"
"J44104109 0001",15979,06-DEC-11,000000000.00,"GENERAL MOTORS CORP FRIG","RACER PROPERTIES LLC","4691 SPRINGBORO PIKE","RACER PROPERTIES LLC","","2930 ECORSE RD","ATTN:  RICK ZABLOCKI","YPSILANTI MI 48198","I",0018.17400,0000000000,0000000000,0000000000,0000000000,0000000000,0000000000,"LAND AND BUILDING","NOT VALIDATED","N"
"J44126413 0006",8788,07-JUL-11,000000000.00,"GENERAL MOTORS CORPORATION","RACER PROPERTIES LLC","4691 SPRINGBORO PIKE","IRG MORAINE LLC","","23240 CHAGRIN BLVD STE 250","ATTN:  CHRISTOPHER S SEMARJIAN","CLEVELAND OH 44122","I",0027.38300,0000183760,0000041050,0000224810,0000525020,0000117290,0000642310,"LAND AND BUILDING","SALE INVOLVING MULTIPLE PARCELS","N"
"J44126413 0006",8796,07-JUL-11,000000000.00,"RACER PROPERTIES LLC","IRG MORAINE LLC","4691 SPRINGBORO PIKE","IRG MORAINE LLC","","23240 CHAGRIN BLVD STE 250","ATTN:  CHRISTOPHER S SEMARJIAN","CLEVELAND OH 44122","I",0027.38300,0000183760,0000041050,0000224810,0000525020,0000117290,0000642310,"LAND AND BUILDING","SALE INVOLVING MULTIPLE PARCELS","N"
"J44126413 0008",8788,07-JUL-11,000000000.00,"GENERAL MOTORS CORPORATION AND","RACER PROPERTIES LLC","DRYDEN RD","IRG MORAINE LLC","","23240 CHAGRIN BLVD STE 250","ATTN:  CHRISTOPHER S SEMARJIAN","CLEVELAND OH 44122","I",0039.25400,0000237410,0000037070,0000274480,0000678310,0000105920,0000784230,"LAND AND BUILDING","SALE INVOLVING MULTIPLE PARCELS","N"
"J44126413 0008",8792,07-JUL-11,000000000.00,"RACER PROPERTIES LLC","RACER PROPERTIES LLC","DRYDEN RD","IRG MORAINE LLC","","23240 CHAGRIN BLVD STE 250","ATTN:  CHRISTOPHER S SEMARJIAN","CLEVELAND OH 44122","I",0039.25400,0000237410,0000037070,0000274480,0000678310,0000105920,0000784230,"LAND AND BUILDING","SALE INVOLVING MULTIPLE PARCELS","N"
"J44126413 0008",8796,07-JUL-11,000000000.00,"RACER PROPERTIES LLC","IRG MORAINE LLC","DRYDEN RD","IRG MORAINE LLC","","23240 CHAGRIN BLVD STE 250","ATTN:  CHRISTOPHER S SEMARJIAN","CLEVELAND OH 44122","I",0039.25400,0000237410,0000037070,0000274480,0000678310,0000105920,0000784230,"LAND AND BUILDING","SALE INVOLVING MULTIPLE PARCELS","N"
"J44204113 0041",1933,14-FEB-11,000000000.00,"ANTONIO LEVESQUE & SONS ,INC","FRASER PAPERS LIMITED","3710 SOLDIERS HOME WEST CARROLLTON RD","FRASER PAPERS LIMITED","","82 BRIDGE ST","","MADAWASKA ME 04756","I",0000.76500,0000000670,0000000000,0000000670,0000001900,0000000000,0000001900,"LAND AND BUILDING","RELATED INDIVIDUALS OR CORPORATIONS","N"
"J44204113 0044",1933,14-FEB-11,000000000.00,"ANTONIO LEVESQUE & SONS ,INC","FRASER PAPERS LIMITED","PINNACLE RD","FRASER PAPERS LIMITED","","82 BRIDGE ST","","MADAWASKA ME 04756","I",0055.12600,0000047230,0000000000,0000047230,0000134950,0000000000,0000134950,"LAND AND BUILDING","RELATED INDIVIDUALS OR CORPORATIONS","N"
"J44204113 0047",1933,14-FEB-11,000000000.00,"ANTONIO LEVESQUE & SONS ,INC","FRASER PAPERS LIMITED","4590 PINNACLE RD","FRASER PAPERS LIMITED","","82 BRIDGE ST","","MADAWASKA ME 04756","I",0072.20000,0000062110,0000015470,0000077580,0000177470,0000044200,0000221670,"LAND AND BUILDING","RELATED INDIVIDUALS OR CORPORATIONS","N"
"K45100129 0001",8819,07-JUL-11,000000000.00,"TERRY BRILL AND JOHN","BRILL MCCONNAUGHEY PROPERTIES LLC","3366 SOUTH TECH BLVD","BRILL MCCONNAUGHEY PROPERTIES LLC","","4119 INFIRMARY RD","","MIAMISBURG OH 45342","I",0003.84600,0000087700,0000000000,0000087700,0000250570,0000000000,0000250570,"LAND ONLY","NOT VALIDATED","N"
"K45100129 0001",1677,09-FEB-11,001400000.00,"CURT JACKSON INC","TERRY BRILL AND JOHN","3366 SOUTH TECH BLVD","BRILL MCCONNAUGHEY PROPERTIES LLC","","4119 INFIRMARY RD","","MIAMISBURG OH 45342","I",0003.84600,0000087700,0000000000,0000087700,0000250570,0000000000,0000250570,"LAND AND BUILDING","VALID SALE","N"
"K46 00718 0053",6260,17-MAY-11,001056679.00,"PITNEY BOWES INC","1 KOHNLE DRIVE LLC","1 KOHNLE DR","1 KOHNLE DRIVE LLC","","1 KOHNLE DR","","MIAMISBURG OH 45342","I",0010.00000,0000141590,0000222150,0000363740,0000404550,0000634700,0001039250,"LAND AND BUILDING","VALID SALE","N"
"K46 01004 0008",11395,26-AUG-11,001500000.00,"DOMINION ENTERPRISES","OCM REAL ESTATE LLC","4500 LYONS RD","OCM REAL ESTATE LLC","","4500 LYONS RD","","MIAMISBURG OH 45342","I",0004.99900,0000113900,0000439940,0000553840,0000325430,0001256980,0001582410,"LAND AND BUILDING","VALID SALE","N"
"K46 01004 0008",7672,13-JUN-11,000000000.00,"INTERCO PRINT LLC","DOMINION ENTERPRISES","4500 LYONS RD","OCM REAL ESTATE LLC","","4500 LYONS RD","","MIAMISBURG OH 45342","I",0004.99900,0000113900,0000439940,0000553840,0000325430,0001256980,0001582410,"LAND AND BUILDING","NOT VALIDATED","N"
"K46 01113 0011",14694,04-NOV-11,000000000.00,"CHARLTON JAMES R AND","CANE CREEK LLC","2578 CORPORATE PL","CANE CREEK LLC","","6804 WEMBLEY CIR","","DAYTON OH 45459","I",0002.64100,0000060180,0000258310,0000318490,0000171930,0000738020,0000909950,"LAND AND BUILDING","NOT VALIDATED","N"
"K46 01513 0004",4167,04-APR-11,001200000.00,"VICKORY B DAVID AND","HARTZELL PROPERTIES LLC","2533 TECHNICAL DR","HARTZELL PROPERTIES LLC","","618 GREENMOUNT BLVD","","DAYTON OH 45419","I",0003.41300,0000077700,0000302990,0000380690,0000221990,0000865690,0001087680,"LAND AND BUILDING","VALID SALE","N"
"K46 01513 0006",5133,25-APR-11,000375000.00,"BAYVIEW LOAN SERVICING","SALVATOR PROPERTIES LLC","2532 TECHNICAL DR","SALVATOR PROPERTIES LLC","","7617 DEEP WOODS CT","","SPRINGBORO OH 45066","I",0001.75500,0000039990,0000133820,0000173810,0000114250,0000382350,0000496600,"LAND AND BUILDING","VALID SALE","N"
"K46 01513 0006",4215,05-APR-11,000322000.00,"SMITH PATRICIA J","BAYVIEW LOAN SERVICING","2532 TECHNICAL DR","SALVATOR PROPERTIES LLC","","7617 DEEP WOODS CT","","SPRINGBORO OH 45066","I",0001.75500,0000039990,0000133820,0000173810,0000114250,0000382350,0000496600,"LAND AND BUILDING","LIQUIDATION/FORECLOSURE","N"
"K48 00106 0033",7928,17-JUN-11,000000000.00,"TEAM INDUSTRIAL, LLC","WEST CARROLLTON CITY OF","51 S ELM ST","WEST CARROLLTON CITY OF","","300 E CENTRAL AVE","","DAYTON OH 45449","I",0013.69400,0000040960,0000033640,0000074600,0000117030,0000096100,0000213130,"LAND AND BUILDING","SALE INVOLVING MULTIPLE PARCELS","N"
"K48 00106 0051",7928,17-JUN-11,000000000.00,"TEAM INDUSTRIAL, LLC","WEST CARROLLTON CITY OF","51 S ELM ST","WEST CARROLLTON CITY OF","","300 E CENTRAL AVE","","DAYTON OH 45449","I",0000.78300,0000001720,0000000000,0000001720,0000004900,0000000000,0000004900,"LAND AND BUILDING","SALE INVOLVING MULTIPLE PARCELS","N"
"K48 00109 0018",7928,17-JUN-11,000000000.00,"TEAM INDUSTRIAL, LLC","WEST CARROLLTON CITY OF","ELM ST","WEST CARROLLTON CITY OF","","300 E CENTRAL AVE","","DAYTON OH 45449","I",0002.31700,0000002590,0000000000,0000002590,0000007410,0000000000,0000007410,"LAND AND BUILDING","SALE INVOLVING MULTIPLE PARCELS","N"
"K48 00229 0003",7200,03-JUN-11,000000000.00,"KINCAID CLIFFORD MICHAEL","WEST CARROLLTON CITY OF","51 S ELM ST","WEST CARROLLTON CITY OF","","300 E CENTRLA AVE","","DAYTON OH 45449","I",0041.99690,0000021740,0000000000,0000021740,0000062120,0000000000,0000062120,"LAND AND BUILDING","NOT VALIDATED","N"
"K48200920 0037",6052,12-MAY-11,000400000.00,"INFIRMARY ROAD CORP INC","VEOLIA ES TECHNICAL","4343 INFIRMARY RD","VEOLIA ES TECHNICAL","SOLUTIONS LLC","4301 INFIRMARY RD","","DAYTON OH 45449","I",0005.58500,0000025160,0000015780,0000040940,0000071890,0000045090,0000116980,"LAND AND BUILDING","SALE INVOLVING MULTIPLE PARCELS","N"
"K48200920 0040",1228,31-JAN-11,001475000.00,"BRILL TERRY AND JOHN","VEOLIA ES TECHNICAL","4119 INFIRMARY RD","VEOLIA ES TECHNICAL","SOLUTIONS LLC","P O BOX 453","","DAYTON OH 45449","I",0002.13500,0000032130,0000175870,0000208000,0000091810,0000502490,0000594300,"LAND AND BUILDING","VALID SALE","N"
"K48201011 0003",5597,03-MAY-11,000000000.00,"BEAVERCREEK FARMS INC","BEAVERCREEK FARMS INC","4359 INFIRMARY RD","","","","","","I",0000.06900,0000000000,0000000000,0000000000,0000000000,0000000000,0000000000,"LAND ONLY","NOT VALIDATED","N"
"K48201011 0003",6052,12-MAY-11,000400000.00,"INFIRMARY ROAD CORPORATION INC","VEOLIA ES TECHNICAL","4359 INFIRMARY RD","","","","","","I",0000.06900,0000000000,0000000000,0000000000,0000000000,0000000000,0000000000,"LAND AND BUILDING","SALE INVOLVING MULTIPLE PARCELS","N"
"M57 00903 0016",10016,01-AUG-11,000470000.00,"JP REAL ESTATE LLC","INDUSTRIAL HOLDING LLC","85 HARRISBURG DR","INDUSTRIAL HOLDING LLC","","85 HARRISBURG DR","","ENGLEWOOD OH 45322","I",0000.00000,0000036230,0000126120,0000162350,0000103510,0000360350,0000463860,"LAND AND BUILDING","SALE INVOLVING MULTIPLE PARCELS","N"
"M57 00903 0017",10016,01-AUG-11,000470000.00,"JP REAL ESTATE LLC","INDUSTRIAL HOLDING LLC","HAAS DR","INDUSTRIAL HOLDING LLC","","85 HARRISBURG DR","","ENGLEWOOD OH 45322","I",0000.00000,0000008710,0000000000,0000008710,0000024890,0000000000,0000024890,"LAND AND BUILDING","SALE INVOLVING MULTIPLE PARCELS","N"
"M57 00903 0022",9787,26-JUL-11,000000000.00,"HINKLE BENNY S AND","HINKLE MARLENE M TRUSTEE","130 HARRISBURG DR","CRB HINKLE PROPERTIES LLC","","130 HARRISBURG DR","","ENGLEWOOD OH 45322","I",0000.96400,0000025830,0000043540,0000069370,0000073790,0000124410,0000198200,"LAND AND BUILDING","RELATED INDIVIDUALS OR CORPORATIONS","N"
"M57 00903 0022",9788,26-JUL-11,000210000.00,"HINKLE MARLENE M TRUSTEE","CRB HINKLE PROPERTIES LLC","130 HARRISBURG DR","CRB HINKLE PROPERTIES LLC","","130 HARRISBURG DR","","ENGLEWOOD OH 45322","I",0000.96400,0000025830,0000043540,0000069370,0000073790,0000124410,0000198200,"LAND AND BUILDING","VALID SALE","N"
"M57 00907 0026",2228,22-FEB-11,004096601.00,"RUSKIN COMPANY","HART & COOLEY INC","1 LAU PKWY","HART & COOLEY INC","","1 LAU PKWY","","CLAYTON OH 45315 2013","I",0020.24400,0000224740,0000000000,0000224740,0000642120,0000000000,0000642120,"LAND AND BUILDING","NOT VALIDATED","N"
"M57 00907 0026",2227,22-FEB-11,004650612.00,"LAU INDUSTRIES INC","RUSKIN COMPANY","1 LAU PKWY","HART & COOLEY INC","","1 LAU PKWY","","CLAYTON OH 45315 2013","I",0020.24400,0000224740,0000000000,0000224740,0000642120,0000000000,0000642120,"LAND AND BUILDING","NOT VALIDATED","N"
"M58100410 0004",12680,23-SEP-11,000000000.00,"GO GRAVEL LLC","FIVE RIVERS METROPARKS","OLD SPRINGFIELD RD","GO GRAVEL LLC","","80 S PLUM ST","","TROY OH 45373","I",0031.80100,0000021110,0000000000,0000021110,0000060320,0000000000,0000060320,"LAND AND BUILDING","NOT VALIDATED","N"
"N64 00406A0162",9419,19-JUL-11,000000000.00,"THURMAN WILLIAM E","T & K ENTERPRISES","1700 BAUER AVE","PORBOYZ LLC","","1708 BAUER AVE","","DAYTON OH 45420","I",0000.00000,0000007520,0000011610,0000019130,0000021480,0000033170,0000054650,"LAND AND BUILDING","NOT VALIDATED","N"
"N64 00406A0162",9842,27-JUL-11,000036300.00,"T & K ENTERPRISES","PORBOYZ LLC","1700 BAUER AVE","PORBOYZ LLC","","1708 BAUER AVE","","DAYTON OH 45420","I",0000.00000,0000007520,0000011610,0000019130,0000021480,0000033170,0000054650,"LAND AND BUILDING","VALID SALE","N"
"N64 01012 0003",17086,30-DEC-11,005965245.00,"DAYTON RELIABLE TOOL","DRT MFG PROPERTIES LLC","ACORN DR","DAYTON RELIABLE TOOL","MANUFACTURING CO","618 GREENMOUNT BLVD","","DAYTON OH 45419","I",0000.04200,0000000400,0000000000,0000000400,0000001130,0000000000,0000001130,"LAND AND BUILDING","SALE INVOLVING MULTIPLE PARCELS","N"
"N64 03305 0127",8788,07-JUL-11,000000000.00,"GENERAL MOTORS CORPORATION","RACER PROPERTIES LLC","HOYLE RD","IRG MORAINE LLC","","23240 CHAGRIN BLVD STE 250","ATTN:  CHRISTOPHER S SEMARJIAN","CLEVELAND OH 44122","I",0015.56800,0000070180,0000000000,0000070180,0000200520,0000000000,0000200520,"LAND AND BUILDING","SALE INVOLVING MULTIPLE PARCELS","N"
"N64 03305 0127",8796,07-JUL-11,000000000.00,"RACER PROPERTIES LLC","IRG MORAINE LLC","HOYLE RD","IRG MORAINE LLC","","23240 CHAGRIN BLVD STE 250","ATTN:  CHRISTOPHER S SEMARJIAN","CLEVELAND OH 44122","I",0015.56800,0000070180,0000000000,0000070180,0000200520,0000000000,0000200520,"LAND AND BUILDING","SALE INVOLVING MULTIPLE PARCELS","N"
"N64 03404 0041",16189,09-DEC-11,000065000.00,"HALLIWELL MARK J","ELMSCO LTD","4235 WILMINGTON PIKE","ELMSCO LTD","","4481 LOTZ RD","","DAYTON OH 45429","I",0000.52300,0000035500,0000015420,0000050920,0000101430,0000044070,0000145500,"LAND AND BUILDING","NOT VALIDATED","N"
"N64 03505 0069",17086,30-DEC-11,005965245.00,"DAYTON RELIABLE TOOL + MFG","DRT MFG PROPERTIES LLC","628 ACORN DR","DAYTON RELIABLE TOOL + MFG","","618 GREENMOUNT BLVD","","DAYTON OH 45419","I",0000.77000,0000012680,0000250590,0000263270,0000036230,0000715960,0000752190,"LAND AND BUILDING","SALE INVOLVING MULTIPLE PARCELS","N"
"N64 03505 0115",17086,30-DEC-11,005965245.00,"DAYTON RELIABLE TOOL AND","DRT MFG PROPERTIES LLC","ACORN DR","DAYTON RELIABLE TOOL & MFG","CO","618 GREENMOUNT BLVD","","DAYTON OH 45419","I",0000.39500,0000011870,0000000000,0000011870,0000033920,0000000000,0000033920,"LAND AND BUILDING","SALE INVOLVING MULTIPLE PARCELS","N"
"N64 03505 0116",17086,30-DEC-11,005965245.00,"DAYTON RELIABLE TOOL AND","DRT MFG PROPERTIES LLC","SHROYER RD","DAYTON RELIABLE TOOL AND","MANUFACTURING","618 GREENMOUNT BLVD","","DAYTON OH 45419","I",0000.22200,0000006610,0000000000,0000006610,0000018890,0000000000,0000018890,"LAND AND BUILDING","SALE INVOLVING MULTIPLE PARCELS","N"
"N64 03505 0121",17086,30-DEC-11,005965245.00,"DAYTON RELIABLE TOOL AND","DRT MFG PROPERTIES LLC","LEBANON DR","DRT MFG. CO.","","618 GREENMOUNT BLVD","","DAYTON OH 45419 2835","I",0000.53300,0000001020,0000000000,0000001020,0000002910,0000000000,0000002910,"LAND AND BUILDING","SALE INVOLVING MULTIPLE PARCELS","N"
"N64 03621 0001",590,12-JAN-11,000255000.00,"JOHN E REINERT AND JOYCE M","TUCKER PROPERTIES LLC","GATEWAY CIR","TUCKER PROPERTIES LLC","","4528 GATEWAY CIR","","DAYTON OH 45440","I",0000.63500,0000016260,0000000000,0000016260,0000046470,0000000000,0000046470,"LAND AND BUILDING","SALE INVOLVING MULTIPLE PARCELS","N"
"N64 03621 0002",590,12-JAN-11,000255000.00,"JOHN E REINERT AND JOYCE M","TUCKER PROPERTIES LLC","4524 4528 GATEWAY CIR","TUCKER PROPERTIES LLC","","4528 GATEWAY CIR","","DAYTON OH 45440","I",0000.57200,0000014650,0000064910,0000079560,0000041860,0000185470,0000227330,"LAND AND BUILDING","SALE INVOLVING MULTIPLE PARCELS","N"
"N65 02113 0002",13351,06-OCT-11,000000000.00,"SMITH G W + SONS INC","SMITH G W + SONS INC","1700 SPAULDING RD","SMITH G W + SONS INC","","1700 SPAULDING RD","","DAYTON OH 45432 1212","I",0000.00000,0000076790,0000243260,0000320050,0000219410,0000695040,0000914450,"LAND AND BUILDING","NOT VALIDATED","N"
"N65 02113 0003",13351,06-OCT-11,000000000.00,"SMITH G W + SONS INC","SMITH G W + SONS INC","1700 SPAULDING RD","SMITH G W + SONS INC","","1700 SPAULDING RD","","DAYTON OH 45432 1212","I",0000.06100,0000000430,0000000000,0000000430,0000001240,0000000000,0000001240,"LAND AND BUILDING","NOT VALIDATED","N"
"N65 02113 0008",14220,26-OCT-11,000550000.00,"TANNER ROBERT F TR","TAYZAC PREMIER LLC","3050 PLAINFIELD RD","TAYZAC PREMIER LLC","","3050 PLAINFIELD RD","","DAYTON OH 45432","I",0000.00000,0000039840,0000152960,0000192800,0000113830,0000437040,0000550870,"LAND AND BUILDING","NOT VALIDATED","N"
"N65 02113 0010",4538,11-APR-11,000225000.00,"PLASCO INC","TGM PROPERTIES LLC","3060 PLAINFIELD RD","TGM PROPERTIES LLC","","4770 HEMPSTEAD STATION DR","","DAYTON OH 45429","I",0000.00000,0000013040,0000053190,0000066230,0000037270,0000151980,0000189250,"LAND AND BUILDING","VALID SALE","N"
"O67 03710 0086",10005,29-JUL-11,000149900.00,"440 CONGRESS PARK LLC","TRISTAN GROUP LLC","451 CONGRESS PARK    DR","TRISTAN GROUP LLC","","1680 GLENWOOD WAY","","DAYTON OH 45440","I",0000.59600,0000022530,0000019980,0000042510,0000064370,0000057080,0000121450,"LAND AND BUILDING","VALID SALE","N"
"O67 21916 0003",10949,17-AUG-11,000725000.00,"967 SENATE COMPANY","EASTSIDE JERSEY DAIRY","967 SENATE DR","EASTSIDE JERSEY DAIRY","INC","722 BROADWAY TER","","ANDERSON IN 46012","I",0001.05400,0000039440,0000054880,0000094320,0000112690,0000156790,0000269480,"LAND AND BUILDING","VALID SALE","N"
"O67 21916 0011",16659,20-DEC-11,000355500.00,"925 CONGRESS PARK DRIVE LTD","DJEC ENTERPRISES LLC","706 708 CONGRESS PARK DR","DJEC ENTERPRISES LLC","","P O BOX 287","","BELLBROOK OH 45305","I",0000.69000,0000026080,0000067880,0000093960,0000074520,0000193950,0000268470,"LAND AND BUILDING","VALID SALE","N"
"O68 01704 0002",11209,23-AUG-11,000530000.00,"THE EDWARD INVESTMENT COMPANY","ATHLETES FIRST LLC","6540 6560 CENTERVILLE BUSINESS PKWY","ATHLETES FIRST LLC","","6560 CENTERVILLE BUSINESS PKWY","","DAYTON OH 45459 2242","I",0001.26200,0000039890,0000190960,0000230850,0000113970,0000545600,0000659570,"LAND AND BUILDING","VALID SALE","N"
"R72 00602 0036",4750,15-APR-11,000000000.00,"VNA-DAYTON LLC","ARGEROPLOS SOTERIOS THEODORE AND","26 WYANDOT AVE","ARGEROPLOS SOTERIOS THEODORE AND","DEMETRA","5232 RISINK SUN LADE","","COLUMBIA MD 21045","I",0000.98400,0000045780,0000053910,0000099690,0000130810,0000154040,0000284850,"LAND AND BUILDING","NOT VALIDATED","N"
"R72 00605 0001",13302,05-OCT-11,000000000.00,"HIS ACQUISITION CORP","H D SUPPLY HOLDINGS LLC","210 WAYNE AVE","HUGHES SUPPLY, INC #7402/7429","","P.O. BOX 1713","","ORLANDO FL 32802","I",0000.00000,0000041990,0000351780,0000393770,0000119970,0001005080,0001125050,"LAND AND BUILDING","NOT VALIDATED","N"
"R72 00806 0013",5937,10-MAY-11,000000000.00,"LAHM BROTHERS ENTERPRISES","REGER HOLDINGS LLC","22 24 TAYLOR ST","REGER HOLDINGS LLC","","711 E SECOND ST","","DAYTON OH 45401","I",0000.00000,0000001120,0000000000,0000001120,0000003190,0000000000,0000003190,"LAND AND BUILDING","NOT VALIDATED","N"
"R72 00806 0014",5937,10-MAY-11,000000000.00,"LAHM BROS ENTERPRISE","REGER HOLDINGS LLC","18 TAYLOR ST","REGER HOLDINGS LLC","","711 E SECOND ST","","DAYTON OH 45401","I",0000.00000,0000001140,0000000000,0000001140,0000003250,0000000000,0000003250,"LAND AND BUILDING","NOT VALIDATED","N"
"R72 00806 0015",5937,10-MAY-11,000000000.00,"LAHM BROS ENTERPRISE","REGER HOLDINGS LLC","706 708 POND ST","REGER HOLDINGS LLC","","711 E SECOND ST","","DAYTON OH 45401","I",0000.00000,0000000900,0000000000,0000000900,0000002570,0000000000,0000002570,"LAND AND BUILDING","NOT VALIDATED","N"
"R72 00806 0016",5937,10-MAY-11,000000000.00,"LAHM BROS ENTERPRISE","REGER HOLDINGS LLC","711 E 2ND ST","REGER HOLDINGS LLC","","711 E SECOND ST","","DAYTON OH 45401","I",0000.00000,0000010200,0000063940,0000074140,0000029130,0000182690,0000211820,"LAND AND BUILDING","NOT VALIDATED","N"
"R72 00806 0017",5937,10-MAY-11,000000000.00,"LAHM BROS ENTERPRISE","REGER HOLDINGS LLC","714 POND ST","REGER HOLDINGS LLC","","711 E SECOND ST","","DAYTON OH 45401","I",0000.00000,0000001240,0000000000,0000001240,0000003530,0000000000,0000003530,"LAND AND BUILDING","NOT VALIDATED","N"
"R72 00806 0018",5937,10-MAY-11,000000000.00,"LAHM BROTHERS ENTERPRISES","REGER HOLDINGS LLC","716 POND ST","REGER HOLDINGS LLC","","711 E SECOND ST","","DAYTON OH 45401","I",0000.00000,0000001020,0000000000,0000001020,0000002920,0000000000,0000002920,"LAND AND BUILDING","NOT VALIDATED","N"
"R72 00806 0020",5937,10-MAY-11,000000000.00,"LAHM BROS ENTERPRISE","REGER HOLDINGS LLC","703 705 E 2ND ST","REGER HOLDINGS LLC","","711 E SECOND ST","","DAYTON OH 45401","I",0000.00000,0000003150,0000017330,0000020480,0000009000,0000049500,0000058500,"LAND AND BUILDING","NOT VALIDATED","N"
"R72 00806 0022",5937,10-MAY-11,000000000.00,"LAHM BROS ENTERPRISE","REGER HOLDINGS LLC","E 2ND ST","REGER HOLDINGS LLC","","711 E SECOND ST","","DAYTON OH 45401","I",0000.00000,0000001840,0000000000,0000001840,0000005270,0000000000,0000005270,"LAND AND BUILDING","NOT VALIDATED","N"
"R72 00806 0034",5937,10-MAY-11,000000000.00,"LAHM BROS ENTERPRISE","REGER HOLDINGS LLC","13 MEIGS ST","REGER HOLDINGS LLC","","711 E SECOND ST","","DAYTON OH 45401","I",0000.00000,0000001530,0000001380,0000002910,0000004380,0000003940,0000008320,"LAND AND BUILDING","NOT VALIDATED","N"
"R72 00806 0035",5937,10-MAY-11,000000000.00,"LAHM BROS ENTERPRISE","REGER HOLDINGS LLC","17 19 MEIGS ST","REGER HOLDINGS LLC","","711 E SECOND ST","","DAYTON OH 45401","I",0000.00000,0000002790,0000000850,0000003640,0000007980,0000002420,0000010400,"LAND AND BUILDING","NOT VALIDATED","N"
"R72 00806 0036",5937,10-MAY-11,000000000.00,"LAHM BROS ENTERPRISE","REGER HOLDINGS LLC","MEIGS ST","REGER HOLDINGS LLC","","711 E SECOND ST","","DAYTON OH 45401","I",0000.00000,0000004120,0000000000,0000004120,0000011770,0000000000,0000011770,"LAND AND BUILDING","NOT VALIDATED","N"
"R72 00806 0039",5937,10-MAY-11,000000000.00,"LAHM BROTHERS ENTERPRISES","REGER HOLDINGS LLC","POND ST","REGER HOLDINGS LLC","","711 E SECOND ST","","DAYTON OH 45401","I",0000.03700,0000001090,0000000000,0000001090,0000003100,0000000000,0000003100,"LAND AND BUILDING","NOT VALIDATED","N"
"R72 00808 0004",6227,17-MAY-11,000295500.00,"848 E MONUMENT AVE LTD","MEIER INVESTMENTS LLC","MONUMENT AVE","MEIER INVESTMENTS LLC","","848 E MONUMENT AVE","","DAYTON OH 45402","I",0000.00000,0000006810,0000002640,0000009450,0000019460,0000007550,0000027010,"LAND AND BUILDING","VALID SALE","N"
"R72 00808 0005",6227,17-MAY-11,000295500.00,"","","848 E MONUMENT AVE","MEIER INVESTMENTS LLC","","848 E MONUMENT AVE","","DAYTON OH 45402 1312","I",0000.00000,0000008780,0000044050,0000052830,0000025090,0000125850,0000150940,"LAND AND BUILDING","VALID SALE","N"
"R72 00809 0010",5382,29-APR-11,000080000.00,"GS & RR INVESTMENTS LLC","2J'S TOOL AND DIE LLC","CLINTON ST","2J'S TOOL AND DIE LLC","","6300 FISHBURG RD","","DAYTON OH 45424","I",0000.00000,0000001510,0000000600,0000002110,0000004320,0000001710,0000006030,"LAND AND BUILDING","VALID SALE","N"
"R72 00904 0033",7507,09-JUN-11,000000000.00,"GENERAL MOTORS CORP","RACER PROPERTIES LLC","WEBSTER ST","GENERAL MOTORS CORP","","401 S WOODWARD AVE STE 370","","BIRMINGHAM MI 48009","I",0000.00000,0000000170,0000000000,0000000170,0000000480,0000000000,0000000480,"LAND AND BUILDING","NOT VALIDATED","N"
"R72 01103 0055",14188,26-OCT-11,000024000.00,"D A REALTY + DEV CO","LUCKOSKI TOM AND","1300 E 2ND ST","LUCKOSKI TOM AND","LYNN MARIE","2516 VAYVIEW DR","","DAYTON OH 45431","I",0000.00000,0000001370,0000003630,0000005000,0000003910,0000010370,0000014280,"LAND AND BUILDING","NOT VALIDATED","N"
"R72 01103 0056",14188,26-OCT-11,000024000.00,"D A REALTY + DEV CO","LUCKOSKI TOM AND","1300 E 2ND ST","LUCKOSKI TOM AND","LYNN MARIE","2516 VAYVIEW DR","","DAYTON OH 45431","I",0000.00000,0000001370,0000013670,0000015040,0000003910,0000039070,0000042980,"LAND AND BUILDING","NOT VALIDATED","N"
"R72 01404 0058",14948,10-NOV-11,000165000.00,"GAGNET JAMES M","SINGER EUGENE TROY","JONES ST","SINGER EUGENE TROY","","336 JONES ST","","DAYTON OH 45410","I",0000.00300,0000000100,0000000000,0000000100,0000000280,0000000000,0000000280,"LAND AND BUILDING","SALE INVOLVING MULTIPLE PARCELS","N"
"R72 01704 0006",1152,27-JAN-11,000175000.00,"CAPERNA FAMILY LIMITED","KAST PROPERTIES LLC","WASHINGTON ST","CAPERNA FAMILY LIMITED","","P.O. BOX 123","","ALPHA OH 45301","I",0000.00000,0000009580,0000000000,0000009580,0000027360,0000000000,0000027360,"LAND AND BUILDING","SALE INVOLVING MULTIPLE PARCELS","N"
"R72 01704 0007",1152,27-JAN-11,000175000.00,"CAPERNA FAMILY","KAST PROPERTIES LLC","315 317 LONGWORTH ST","CAPERNA FAMILY LTD","","P.O. BOX 123","","ALPHA OH 45301","I",0000.00000,0000011610,0000000000,0000011610,0000033180,0000000000,0000033180,"LAND AND BUILDING","SALE INVOLVING MULTIPLE PARCELS","N"
"R72 01704 0028",1152,27-JAN-11,000175000.00,"CAPERNA FAMILY LIMITED","KAST PROPERTIES LLC","321 WASHINGTON ST","CAPERNA FAMILY LIMITED","","P.O. BOX 123","","ALPHA OH 45301 0123","I",0000.00000,0000002440,0000000000,0000002440,0000006970,0000000000,0000006970,"LAND AND BUILDING","SALE INVOLVING MULTIPLE PARCELS","N"
"R72 01704 0029",1152,27-JAN-11,000175000.00,"","","323 WASHINGTON ST","CAPERNA FAMILY LIMITED","","P.O. BOX 123","","ALPHA OH 45301 0123","I",0000.00000,0000002000,0000000000,0000002000,0000005700,0000000000,0000005700,"LAND AND BUILDING","SALE INVOLVING MULTIPLE PARCELS","N"
"R72 01704 0030",1152,27-JAN-11,000175000.00,"","","329 WASHINGTON ST","CAPERNA FAMILY LIMITED","","P.O. BOX 123","","ALPHA OH 45301 0123","I",0000.00000,0000007210,0000003010,0000010220,0000020590,0000008610,0000029200,"LAND AND BUILDING","SALE INVOLVING MULTIPLE PARCELS","N"
"R72 01704 0032",1152,27-JAN-11,000175000.00,"","","331 335 WASHINGTON ST","CAPERNA FAMILY LIMITED","","P.O. BOX 123","","ALPHA OH 45301 0123","I",0000.00000,0000007210,0000012040,0000019250,0000020590,0000034390,0000054980,"LAND AND BUILDING","SALE INVOLVING MULTIPLE PARCELS","N"
"R72 01704 0034",1152,27-JAN-11,000175000.00,"CAPERNA FAMILY LIMITED","KAST PROPERTIES LLC","WASHINGTON ST","CAPERNA FAMILY LIMITED","","P.O. BOX 123","","ALPHA OH 45301","I",0000.00000,0000013830,0000025150,0000038980,0000039510,0000071870,0000111380,"LAND AND BUILDING","SALE INVOLVING MULTIPLE PARCELS","N"
"R72 01704 0052",1152,27-JAN-11,000175000.00,"","","WASHINGTON ST","CAPERNA FAMILY LIMITED","","PO BOX 123","","ALPHA OH 45301 0123","I",0000.00000,0000012620,0000015020,0000027640,0000036060,0000042920,0000078980,"LAND AND BUILDING","SALE INVOLVING MULTIPLE PARCELS","N"
"R72 01704 0055",1152,27-JAN-11,000175000.00,"CAPERNA FAMILY LIMITED","KAST PROPERTIES LLC","332 336 WASHINGTON ST","KAST PROPERTIES LLC","","3345 O'HARA DR","","DAYTON OH 45434","I",0000.00000,0000001990,0000001250,0000003240,0000005680,0000003580,0000009260,"LAND AND BUILDING","SALE INVOLVING MULTIPLE PARCELS","N"
"R72 01704 0057",1152,27-JAN-11,000175000.00,"CAPERNA FAMILY LIMITED","KAST PROPERTIES LLC","330 WASHINGTON ST","KAST PROPERTIES LLC","","3345 O'HARA DR","","DAYTON OH 45434","I",0000.00000,0000002670,0000000000,0000002670,0000007620,0000000000,0000007620,"LAND AND BUILDING","SALE INVOLVING MULTIPLE PARCELS","N"
"R72 01704 0058",1152,27-JAN-11,000175000.00,"CAPERNA FAMILY LIMITED","KAST PROPERTIES LLC","326 WASHINGTON ST","KAST PROPERTIES LLC","","3345 O'HARA DR","","DAYTON OH 45434","I",0000.00000,0000001880,0000000000,0000001880,0000005380,0000000000,0000005380,"LAND AND BUILDING","SALE INVOLVING MULTIPLE PARCELS","N"
"R72 01704 0059",1152,27-JAN-11,000175000.00,"CAPERNA FAMILY LIMITED","KAST PROPERTIES LLC","324 WASHINGTON ST","KAST PROPERTIES LLC","","3345 O'HARA DR","","DAYTON OH 45434","I",0000.00000,0000001400,0000000000,0000001400,0000004010,0000000000,0000004010,"LAND AND BUILDING","SALE INVOLVING MULTIPLE PARCELS","N"
"R72 01704 0060",1152,27-JAN-11,000175000.00,"CAPERNA FAMILY LIMITED","KAST PROPERTIES LLC","320 WASHINGTON ST","KAST PROPERTIES LLC","","3345 O'HARA DR","","DAYTON OH 45434","I",0000.00000,0000003310,0000000000,0000003310,0000009450,0000000000,0000009450,"LAND AND BUILDING","SALE INVOLVING MULTIPLE PARCELS","N"
"R72 01704 0061",1152,27-JAN-11,000175000.00,"CAPERNA FAMILY LIMITED","KAST PROPERTIES LLC","318 WASHINGTON ST","KAST PROPERTIES LLC","","3345 O'HARA DR","","DAYTON OH 45434","I",0000.00000,0000002070,0000000000,0000002070,0000005900,0000000000,0000005900,"LAND AND BUILDING","SALE INVOLVING MULTIPLE PARCELS","N"
"R72 01704 0062",1152,27-JAN-11,000175000.00,"CAPERNA FAMILY LIMITED","KAST PROPERTIES LLC","314 WASHINGTON ST","KAST PROPERTIES LLC","","3345 O'HARA DR","","DAYTON OH 45434","I",0000.00000,0000002070,0000000000,0000002070,0000005900,0000000000,0000005900,"LAND AND BUILDING","SALE INVOLVING MULTIPLE PARCELS","N"
"R72 01704 0063",1152,27-JAN-11,000175000.00,"CAPERNA FAMILY LIMITED","KAST PROPERTIES LLC","312 317 WASHINGTON ST","KAST PROPERTIES LLC","","3345 O'HARA DR","","DAYTON OH 45434","I",0000.00000,0000002070,0000000000,0000002070,0000005900,0000000000,0000005900,"LAND AND BUILDING","SALE INVOLVING MULTIPLE PARCELS","N"
"R72 01704 0064",1152,27-JAN-11,000175000.00,"CAPERNA FAMILY LIMITED","KAST PROPERTIES LLC","306 308 WASHINGTON ST","KAST PROPERTIES LLC","","3345 O'HARA DR","","DAYTON OH 45434","I",0000.00000,0000003720,0000020120,0000023840,0000010630,0000057480,0000068110,"LAND AND BUILDING","SALE INVOLVING MULTIPLE PARCELS","N"
"R72 01704 0070",2949,08-MAR-11,000000000.00,"CAPERNA A JOSEPH AND","KAST PROPERTIES LLC","WASHINGTON ST","KAST PROPERTIES LLC","","3345 O'HARA DR","","DAYTON OH 45434","I",0000.01500,0000000440,0000000000,0000000440,0000001250,0000000000,0000001250,"LAND ONLY","NOT VALIDATED","N"
"R72 01708 0012",12117,13-SEP-11,000000000.00,"MARSHALL CHARLES L II AND","WELLESLEY-PATTERSON LLC","STOUT ST & PERRY","WELLESLEY-PATTERSON LLC","","P O BOX 337","","DAYTON OH 45401","I",0000.00000,0000003390,0000000000,0000003390,0000009690,0000000000,0000009690,"LAND AND BUILDING","NOT VALIDATED","N"
"R72 04907 0045",1497,04-FEB-11,000000000.00,"MAYS ROBERT F TR","TALBOT LINDA S","600 N IRWIN ST","TALBOT LINDA S","","1022 HERON WAY","","SUGAR LAND TX 77478","I",0000.00000,0000015100,0000065560,0000080660,0000043130,0000187320,0000230450,"LAND AND BUILDING","RELATED INDIVIDUALS OR CORPORATIONS","N"
"R72 04907 0046",1497,04-FEB-11,000000000.00,"MAYS ROBERT F TR","TALBOT LINDA S","600 604 N IRWIN ST","TALBOT LINDA S","","1022 HERON WAY","","SUGAR LAND TX 77478","I",0000.00000,0000023990,0000074740,0000098730,0000068550,0000213530,0000282080,"LAND AND BUILDING","RELATED INDIVIDUALS OR CORPORATIONS","N"
"R72 04907 0047",1497,04-FEB-11,000000000.00,"MAYS ROBERT F TR","TALBOT LINDA S","IRWIN ST","TALBOT LINDA S","","1022 HERON WAY","","SUGAR LAND TX 77478","I",0000.00000,0000014900,0000053490,0000068390,0000042570,0000152820,0000195390,"LAND AND BUILDING","RELATED INDIVIDUALS OR CORPORATIONS","N"
"R72 04913 0002",10615,11-AUG-11,000190000.00,"PACHIN A L AND","TREE CARE WAREHOUSE LLC","1000 PRUDEN AVE","TREE CARE WAREHOUSE LLC","","P O BOX 333","","TROY OH 45373","I",0000.00000,0000045150,0000021630,0000066780,0000129000,0000061810,0000190810,"LAND AND BUILDING","VALID SALE","N"
"R72 05503 0013",5534,03-MAY-11,000065000.00,"LIBERTY SAVINGS BANK FSB","HOLMES SUSAN M","800 WEBSTER ST","HOLMES SUSAN M","","800 WEBSTER ST","","DAYTON OH 45404","I",0000.00000,0000001120,0000000130,0000001250,0000003210,0000000380,0000003590,"LAND AND BUILDING","SALE INVOLVING MULTIPLE PARCELS","N"
"R72 05503 0014",5534,03-MAY-11,000065000.00,"LIBERTY SAVINGS BANK FSB","HOLMES SUSAN M","800 WEBSTER ST","HOLMES SUSAN M","","800 WEBSTER ST","","DAYTON OH 45404","I",0000.00000,0000004490,0000023320,0000027810,0000012830,0000066640,0000079470,"LAND AND BUILDING","SALE INVOLVING MULTIPLE PARCELS","N"
"R72 05504 0021",9931,28-JUL-11,000000000.00,"LUTHER FRED M","GUMP RICHARD E JR AND","642 MILBURN AVE","GUMP RICHARD E JR AND","DARYL R DOUPLE TRS","5724 PRICE HILL PL","","DAYTON OH 45459","I",0000.00000,0000001950,0000016220,0000018170,0000005580,0000046340,0000051920,"LAND AND BUILDING","NOT VALIDATED","N"
"R72 05504 0022",9931,28-JUL-11,000000000.00,"LUTHER FRED M","GUMP RICHARD E JR AND","MILBURN ST","GUMP RICHARD E JR AND","DARYL R DOUPLE TRS","5724 PRICE HILL PL","","DAYTON OH 45459","I",0000.00000,0000001950,0000001780,0000003730,0000005580,0000005080,0000010660,"LAND AND BUILDING","NOT VALIDATED","N"
"R72 05701 0054",7565,10-JUN-11,000000000.00,"YODER DIE CASTING CORP","TIPP CITY LUMBER","MILBURN AVE","TIPP CITY LUMBER","COMPANY BASEBALL INC","1265 SHOOP RD","","TIPP CITY OH 45371","I",0000.00000,0000001410,0000000000,0000001410,0000004030,0000000000,0000004030,"LAND AND BUILDING","NOT VALIDATED","N"
"R72 05701 0055",7565,10-JUN-11,000000000.00,"YODER DIE CASTING CORP","TIPP CITY LUMBER","MILBURN AVE","TIPP CITY LUMBER","COMPANY BASEBALL INC","1265 SHOOP RD","","TIPP CITY OH 45371","I",0000.00000,0000001410,0000000000,0000001410,0000004030,0000000000,0000004030,"LAND AND BUILDING","NOT VALIDATED","N"
"R72 05701 0056",7565,10-JUN-11,000000000.00,"YODER DIE CASTING CORP","TIPP CITY LUMBER","MILBURN AVE","TIPP CITY LUMBER","COMPANY BASEBALL INC","1265 SHOOP RD","","TIPP CITY OH 45371","I",0000.00000,0000001410,0000000000,0000001410,0000004030,0000000000,0000004030,"LAND AND BUILDING","NOT VALIDATED","N"
"R72 05701 0057",7565,10-JUN-11,000000000.00,"YODER DIE CASTING CORP","TIPP CITY LUMBER","MILBURN AVE","TIPP CITY LUMBER","COMPANY BASEBALL INC","1265 SHOOP RD","","TIPP CITY OH 45371","I",0000.00000,0000001410,0000000000,0000001410,0000004030,0000000000,0000004030,"LAND AND BUILDING","NOT VALIDATED","N"
"R72 05701 0058",7565,10-JUN-11,000000000.00,"YODER DIE CASTING CORP","TIPP CITY LUMBER","727 KISER ST","TIPP CITY LUMBER","COMPANY BASEBALL INC","1265 SHOOP RD","","TIPP CITY OH 45371","I",0000.00000,0000017950,0000141630,0000159580,0000051290,0000404670,0000455960,"LAND AND BUILDING","NOT VALIDATED","N"
"R72 05701 0065",7565,10-JUN-11,000000000.00,"YODER DIE CASTING CORP","TIPP CITY LUMBER","1428 MILBURN AVE","TIPP CITY LUMBER","COMPANY BASEBALL INC","1265 SHOOP RD","","TIPP CITY OH 45371","I",0000.00000,0000001400,0000000000,0000001400,0000003990,0000000000,0000003990,"LAND AND BUILDING","NOT VALIDATED","N"
"R72 05702 0061",5162,25-APR-11,000000000.00,"GIAMBRONE LETITIA G ETAL","MASTANDREA INVESTMENT CO","300 304 VERMONT AVE","MASTANDREA INVESTMENT CO","","265 PIONEER BLVD","","SPRINGBORO OH 45066","I",0000.00000,0000005130,0000032410,0000037540,0000014670,0000092590,0000107260,"LAND AND BUILDING","NOT VALIDATED","N"
"R72 05704 0144",833,20-JAN-11,000000000.00,"CCP REAL ESTATE LTD","RICHMOND DAVID G AND","828 HALL AVE","CHAMPPS UNITED INC","","7950 CLYO RD","","DAYTON OH 45459","I",0000.00000,0000005440,0000036110,0000041550,0000015530,0000103170,0000118700,"LAND AND BUILDING","NOT VALIDATED","N"
"R72 05704 0144",1747,10-FEB-11,000000000.00,"RICHMOND DAVID G AND","CHAMPPS UNITED INC","828 HALL AVE","CHAMPPS UNITED INC","","7950 CLYO RD","","DAYTON OH 45459","I",0000.00000,0000005440,0000036110,0000041550,0000015530,0000103170,0000118700,"LAND AND BUILDING","NOT VALIDATED","N"
"R72 05706 0062",17027,29-DEC-11,000000000.00,"CASSIS SHEILA M ET AL 3","JSC REAL ESTATE LLC","1235 MCCOOK AVE","JSC REAL ESTATE LLC","","2427 GRANGE HALL RD","","DAYTON OH 45431","I",0000.69000,0000017790,0000108640,0000126430,0000050820,0000310400,0000361220,"LAND AND BUILDING","NOT VALIDATED","N"
"R72 05706 0070",15678,30-NOV-11,000000000.00,"MADDEN DIANA F ET AL","MADDEN DIANA F ET AL","1245 MCCOOK AVE","MADDEN DIANA F ET AL","","7525 E 550 S","","ZIONSVILLE IN 46077","I",0000.50500,0000013020,0000047790,0000060810,0000037200,0000136550,0000173750,"LAND AND BUILDING","NOT VALIDATED","N"
"R72 05706 0071",17027,29-DEC-11,000000000.00,"CASSIS JOHN A ET AL 3","JSC REAL ESTATE LLC","MCCOOK AVE","JSC REAL ESTATE LLC","","2427 GRANGE HALL RD","","DAYTON OH 45431","I",0000.34400,0000008870,0000000000,0000008870,0000025340,0000000000,0000025340,"LAND AND BUILDING","NOT VALIDATED","N"
"R72 08210 0039",6548,20-MAY-11,000000000.00,"J V PROPERTIES AND","DAYTON CITY OF","RIVERVIEW AVE","","","","","","I",0000.07300,0000000000,0000000000,0000000000,0000000000,0000000000,0000000000,"LAND ONLY","SALE INVOLVING MULTIPLE PARCELS","N"
"R72 09009 0016",2439,25-FEB-11,000000000.00,"ORCHARD BUILDING CO LTD","DAYTON CITY OF","1977 1979 HOME AVE","DAYTON CITY OF","","101 W THIRD ST","","DAYTON OH 45402","I",0000.00000,0000000440,0000000000,0000000440,0000001260,0000000000,0000001260,"LAND AND BUILDING","SALE INVOLVING MULTIPLE PARCELS","N"
"R72 09009 0017",2439,25-FEB-11,000000000.00,"ORCHARD BUILDING CO LTD","DAYTON CITY OF","HOME AVE","DAYTON CITY OF","","101 W THIRD ST","","DAYTON OH 45402","I",0000.00000,0000000440,0000000000,0000000440,0000001260,0000000000,0000001260,"LAND AND BUILDING","SALE INVOLVING MULTIPLE PARCELS","N"
"R72 09009 0018",2439,25-FEB-11,000000000.00,"ORCHARD BUILDING CO LTD","DAYTON CITY OF","1985 HOME AVE","DAYTON CITY OF","","101 W THIRD ST","","DAYTON OH 45402","I",0000.00000,0000000440,0000000000,0000000440,0000001260,0000000000,0000001260,"LAND AND BUILDING","SALE INVOLVING MULTIPLE PARCELS","N"
"R72 09009 0019",2439,25-FEB-11,000000000.00,"ORCHARD BUILDING CO LTD","DAYTON CITY OF","1989 HOME AVE","DAYTON CITY OF","","101 W THIRD ST","","DAYTON OH 45402","I",0000.00000,0000000440,0000002430,0000002870,0000001260,0000006930,0000008190,"LAND AND BUILDING","SALE INVOLVING MULTIPLE PARCELS","N"
"R72 10105 0034",8649,05-JUL-11,001200000.00,"STONE PROPERTY CO LLP","KELB PROPERTIES LLC","258 HOPELAND ST","KELB PROPERTIES LLC","","1020 HERMAN ST","","ELKHART IN 46516","I",0000.00000,0000001600,0000000000,0000001600,0000004570,0000000000,0000004570,"LAND AND BUILDING","SALE INVOLVING MULTIPLE PARCELS","N"
"R72 10105 0035",8649,05-JUL-11,001200000.00,"STONE PROPERTY CO LLP","KELB PROPERTIES LLC","252 254 HOPELAND ST","KELB PROPERTIES LLC","","1020 HERMAN ST","","ELKHART IN 46516","I",0000.00000,0000001600,0000000000,0000001600,0000004570,0000000000,0000004570,"LAND AND BUILDING","SALE INVOLVING MULTIPLE PARCELS","N"
"R72 10105 0036",8649,05-JUL-11,001200000.00,"STONE PROPERTY CO LLP","KELB PROPERTIES LLC","248 HOPELAND ST","KELB PROPERTIES LLC","","1020 HERMAN ST","","ELKHART IN 46516","I",0000.00000,0000001830,0000000000,0000001830,0000005220,0000000000,0000005220,"LAND AND BUILDING","SALE INVOLVING MULTIPLE PARCELS","N"
"R72 10105 0037",8649,05-JUL-11,001200000.00,"STONE PROPERTY CO LLP","KELB PROPERTIES LLC","246 HOPELAND ST","KELB PROPERTIES LLC","","1020 HERMAN ST","","ELKHART IN 46516","I",0000.00000,0000001830,0000000000,0000001830,0000005220,0000000000,0000005220,"LAND AND BUILDING","SALE INVOLVING MULTIPLE PARCELS","N"
"R72 10105 0038",8649,05-JUL-11,001200000.00,"STONE PROPERTY CO LLP","KELB PROPERTIES LLC","242 HOPELAND ST","KELB PROPERTIES LLC","","1020 HERMAN ST","","ELKHART IN 46516","I",0000.00000,0000001830,0000000000,0000001830,0000005220,0000000000,0000005220,"LAND AND BUILDING","SALE INVOLVING MULTIPLE PARCELS","N"
"R72 10105 0039",8649,05-JUL-11,001200000.00,"STONE PROPERTY CO LLP","KELB PROPERTIES LLC","236 HOPELAND ST","KELB PROPERTIES LLC","","1020 HERMAN ST","","ELKHART IN 46516","I",0000.00000,0000001830,0000000000,0000001830,0000005220,0000000000,0000005220,"LAND AND BUILDING","SALE INVOLVING MULTIPLE PARCELS","N"
"R72 10105 0040",8649,05-JUL-11,001200000.00,"STONE PROPERTY CO LLP","KELB PROPERTIES LLC","234 HOPELAND ST","STONE PROPERTY CO LLP.","","321 HOPELAND ST","","DAYTON OH 45408","I",0000.00000,0000002740,0000000000,0000002740,0000007830,0000000000,0000007830,"LAND AND BUILDING","SALE INVOLVING MULTIPLE PARCELS","N"
"R72 10105 0042",8649,05-JUL-11,001200000.00,"STONE PROPERTY CO LLP","KELB PROPERTIES LLC","HOPELAND ST","KELB PROPERTIES LLC","","1020 HERMAN ST","","ELKHART IN 46516","I",0000.00000,0000001370,0000000000,0000001370,0000003920,0000000000,0000003920,"LAND AND BUILDING","SALE INVOLVING MULTIPLE PARCELS","N"
"R72 10105 0044",8649,05-JUL-11,001200000.00,"STONE PROPERTY CO LLP","KELB PROPERTIES LLC","224 HOPELAND ST","STONE PROPERTY CO LLP.","","321 HOPELAND ST","","DAYTON OH 45408","I",0000.00000,0000001370,0000000000,0000001370,0000003920,0000000000,0000003920,"LAND AND BUILDING","SALE INVOLVING MULTIPLE PARCELS","N"
"R72 10105 0045",8649,05-JUL-11,001200000.00,"STONE PROPERTY CO LLP","KELB PROPERTIES LLC","222 HOPELAND ST","STONE PROPERTY CO LLP.","","321 HOPELAND ST","","DAYTON OH 45408","I",0000.00000,0000001830,0000000000,0000001830,0000005220,0000000000,0000005220,"LAND AND BUILDING","SALE INVOLVING MULTIPLE PARCELS","N"
"R72 10105 0049",8649,05-JUL-11,001200000.00,"STONE PROPERTY CO LLP","KELB PROPERTIES LLC","HOPELAND ST","KELB PROPERTIES LLC","","1020 HERMAN ST","","ELKHART IN 46516","I",0000.00000,0000001830,0000000000,0000001830,0000005220,0000000000,0000005220,"LAND AND BUILDING","SALE INVOLVING MULTIPLE PARCELS","N"
"R72 10105 0050",8649,05-JUL-11,001200000.00,"STONE PROPERTY CO LLP","KELB PROPERTIES LLC","ALBANY ST","KELB PROPERTIES LLC","","1020 HERMAN ST","","ELKHART IN 46516","I",0000.00000,0000001390,0000000000,0000001390,0000003960,0000000000,0000003960,"LAND AND BUILDING","SALE INVOLVING MULTIPLE PARCELS","N"
"R72 10105 0051",8649,05-JUL-11,001200000.00,"STONE PROPERTY CO LLP","KELB PROPERTIES LLC","HOPELAND ST","KELB PROPERTIES LLC","","1020 HERMAN ST","","ELKHART IN 46516","I",0000.00000,0000001500,0000000000,0000001500,0000004290,0000000000,0000004290,"LAND AND BUILDING","SALE INVOLVING MULTIPLE PARCELS","N"
"R72 10105 0054",8649,05-JUL-11,001200000.00,"STONE PROPERTY CO LLP","KELB PROPERTIES LLC","204 HOPELAND ST","KELB PROPERTIES LLC","","1020 HERMAN ST","","ELKHART IN 46516","I",0000.00000,0000000770,0000000000,0000000770,0000002190,0000000000,0000002190,"LAND AND BUILDING","SALE INVOLVING MULTIPLE PARCELS","N"
"R72 10106 0006",8649,05-JUL-11,001200000.00,"STONE PROPERTY CO LLP","KELB PROPERTIES LLC","835 EDWIN C MOSES BLVD","KELB PROPERTIES LLC","","1020 HERMAN ST","","ELKHART IN 46516","I",0007.20400,0000098890,0000310630,0000409520,0000282530,0000887520,0001170050,"LAND AND BUILDING","SALE INVOLVING MULTIPLE PARCELS","N"
"R72 10106 0014",8649,05-JUL-11,001200000.00,"STONE PROPERTY CO LLP","KELB PROPERTIES LLC","EDWIN C MOSES BLVD","KELB PROPERTIES LLC","","1020 HERMAN ST","","ELKHART IN 46516","I",0003.56200,0000059870,0000000000,0000059870,0000171070,0000000000,0000171070,"LAND AND BUILDING","SALE INVOLVING MULTIPLE PARCELS","N"
"R72 10111 0010",12679,23-SEP-11,000106000.00,"LIBERTY SAVINGS BANK","M R INVESTMENTS LLC","230 HOPELAND AVE","M R INVESTMENTS LLC","","2262 PATTERSON RD","","DAYTON OH 45420","I",0002.15500,0000040590,0000029350,0000069940,0000115980,0000083870,0000199850,"LAND AND BUILDING","VALID SALE","N"
"R72 10202 0108",1717,10-FEB-11,000000000.00,"JAMISON LARRY D AND","JAMISON FRANCES W","KIRKHAM ST","JAMISON FRANCES W","","2355 LANTERN HILL RD","","DAYTON OH 45459","I",0000.19400,0000001600,0000000000,0000001600,0000004560,0000000000,0000004560,"LAND AND BUILDING","RELATED INDIVIDUALS OR CORPORATIONS","N"
"R72 10202 0109",1724,10-FEB-11,000000000.00,"JAMISON LARRY D AND","JAMISON FRANCES W","124 FLUHART AVE","JAMISON FRANCES W","","2355 LANTERN HILL RD","","DAYTON OH 45459","I",0002.45900,0000013430,0000047870,0000061300,0000038370,0000136770,0000175140,"LAND AND BUILDING","RELATED INDIVIDUALS OR CORPORATIONS","N"
"R72 10205 0030",9546,21-JUL-11,000004000.00,"GREENE GIVING","DELANEY MERCEDITA","111 WESTBORO ST","DELANEY MERCEDITA","","2498 STEWART RD","","XENIA OH 45385","I",0000.00000,0000001700,0000007420,0000009120,0000004850,0000021190,0000026040,"LAND AND BUILDING","NOT VALIDATED","N"
"R72 10205 0030",9339,18-JUL-11,000028790.00,"HERSHCEDE FRANK R","GREENE GIVING","111 WESTBORO ST","DELANEY MERCEDITA","","2498 STEWART RD","","XENIA OH 45385","I",0000.00000,0000001700,0000007420,0000009120,0000004850,0000021190,0000026040,"LAND AND BUILDING","NOT VALIDATED","N"
"R72 10205 0095",1715,10-FEB-11,000000000.00,"JAMISON LARRY D AND","JAMISON FRANCES W","WESTBORO ST","JAMISON FRANCES W","","2355 LANTERN HILL RD","","DAYTON OH 45459","I",0000.09300,0000000770,0000000000,0000000770,0000002190,0000000000,0000002190,"LAND AND BUILDING","RELATED INDIVIDUALS OR CORPORATIONS","N"
"R72 10205 0095",1716,10-FEB-11,000000000.00,"JAMISON FRANCES W","JAMISON FRANCES W","WESTBORO ST","JAMISON FRANCES W","","2355 LANTERN HILL RD","","DAYTON OH 45459","I",0000.09300,0000000770,0000000000,0000000770,0000002190,0000000000,0000002190,"LAND AND BUILDING","RELATED INDIVIDUALS OR CORPORATIONS","N"
"R72 10402 0047",11612,31-AUG-11,000385000.00,"MTD REALTY LLC","PRIDE REALTY LLC","MORRIS AVE","PRIDE REALTY LLC","","1346 MORRIS AVE","","DAYTON OH 45417","I",0000.00000,0000000310,0000001930,0000002240,0000000880,0000005520,0000006400,"BUILDING ONLY","SALE INVOLVING MULTIPLE PARCELS","N"
"R72 10402 0073",11612,31-AUG-11,000385000.00,"MTD REALTY LLC","PRIDE REALTY LLC","1346 MORRIS AVE","PRIDE REALTY LLC","","1346 MORRIS AVE","","DAYTON OH 45417","I",0000.00000,0000000070,0000000000,0000000070,0000000210,0000000000,0000000210,"BUILDING ONLY","SALE INVOLVING MULTIPLE PARCELS","N"
"R72 10403A0075",14532,02-NOV-11,000000000.00,"STECK MANUFACTURING COMP","STECK PROPERTIES INC","1319 1323 W STEWART ST","STECK PROPERTIES INC","","1115 S BROADWAY ST","","DAYTON OH 45408","I",0000.00000,0000001960,0000015780,0000017740,0000005610,0000045090,0000050700,"LAND AND BUILDING","NOT VALIDATED","N"
"R72 10403A0078",14528,02-NOV-11,000000000.00,"STECK MANUFACTURING CO INC","STECK PROPERTIES INC","1069 1101 S BROADWAY ST","STECK PROPERTIES INC","","1115 S BROADWAY ST","","DAYTON OH 45408","I",0000.00000,0000003720,0000060110,0000063830,0000010640,0000171750,0000182390,"LAND AND BUILDING","NOT VALIDATED","N"
"R72 10406 0069",14515,02-NOV-11,000000000.00,"STECK MFG CO INC","STECK PROPERTIES INC","1115 S BROADWAY ST","STECK PROPERTIES INC","","1115 S BROADWAY ST","","DAYTON OH 45408","I",0000.00000,0000003100,0000000000,0000003100,0000008850,0000000000,0000008850,"LAND AND BUILDING","NOT VALIDATED","N"
"R72 10410 0007",14511,02-NOV-11,000000000.00,"STECK MANUFACTURING CO","STECK PROPERTIES INC","1126 BROADWAY ST","STECK PROPERTIES INC","","1115 S BROADWAY ST","","DAYTON OH 45408","I",0000.15400,0000000350,0000000000,0000000350,0000001000,0000000000,0000001000,"LAND AND BUILDING","NOT VALIDATED","N"
"R72 13603 0013",11612,31-AUG-11,000385000.00,"MTD REALTY LLC","PRIDE REALTY LLC","1346 MORRIS","PRIDE REALTY LLC","","1346 MORRIS AVE","","DAYTON OH 45417","I",0000.00000,0000005350,0000050980,0000056330,0000015280,0000145650,0000160930,"BUILDING ONLY","SALE INVOLVING MULTIPLE PARCELS","N"
"R72 14004 0019",17086,30-DEC-11,005965245.00,"DAYTON RELIABLE TOOL","DRT MFG PROPERTIES LLC","618 GREENMOUNT BLVD","DAYTON RELIABLE TOOL","","618 GREENMOUNT BLVD","","DAYTON OH 45419","I",0002.13000,0000033950,0000207620,0000241570,0000097000,0000593190,0000690190,"LAND AND BUILDING","SALE INVOLVING MULTIPLE PARCELS","N"
"R72 14004 0026",17086,30-DEC-11,005965245.00,"DAYTON RELIABLE TOOL AND","DRT MFG PROPERTIES LLC","GREENMOUNT BLVD","DAYTON RELIABLE TOOL &","MANUFACTURING CO","618 GREENMOUNT BLVD","","DAYTON OH 45419","I",0000.05100,0000000710,0000000000,0000000710,0000002030,0000000000,0000002030,"LAND AND BUILDING","SALE INVOLVING MULTIPLE PARCELS","N"
"R72 15303 0018",14066,24-OCT-11,000000000.00,"JENKINS RAY R AND","JENKINS RAY R AND","18 MACKOIL AVE","JENKINS RAY R","DELORES TRS","6369 JOSEPH PLACE","","DAYTON OH 45459","I",0000.00000,0000001180,0000004150,0000005330,0000003380,0000011870,0000015250,"LAND AND BUILDING","NOT VALIDATED","N"
"R72 15704 0028",16152,08-DEC-11,001697798.00,"ETV I LLC","HANSON PIPE & PRECAST LLC","N GETTYSBURG AVE","ETV I LLC","","200 42ND AVE N","","NASHVILLE TN 37209","I",0024.78700,0000041210,0000000000,0000041210,0000117740,0000000000,0000117740,"LAND AND BUILDING","VALID SALE","N"
"R72 15704 0066",16152,08-DEC-11,001697798.00,"ETV I LLC","HANSON PIPE & PRECAST LLC","1504 N GETTYSBURG AVE","ETV I LLC","","200 42ND AVE N","","NASHVILLE TN 37209","I",0010.81400,0000035350,0000301260,0000336610,0000100990,0000860730,0000961720,"LAND AND BUILDING","VALID SALE","N"
"R72 16605 0031",13351,06-OCT-11,000000000.00,"SMITH G W + SONS INC","SMITH G W + SONS INC","SPAULDING RD","SMITH G W + SONS INC","","1700 SPAULDING RD","","DAYTON OH 45432 1212","I",0000.14300,0000001430,0000000000,0000001430,0000004080,0000000000,0000004080,"LAND AND BUILDING","NOT VALIDATED","N"
"R72 16701 0066",4592,12-APR-11,000900000.00,"MG2 ENTERPRISES INC","BQ1 PROPERTIES LLC","131 JANNEY RD","BQ1 PROPERTIES LLC","","131 JANNEY RD","","DAYTON OH 45404","I",0003.65000,0000057410,0000210290,0000267700,0000164020,0000600820,0000764840,"LAND AND BUILDING","VALID SALE","N"
"R72 16701 0071",9638,22-JUL-11,000211950.00,"KYNE PROPERTIES LLC","RICHARDS ELECTRIC SUPPLY CO INC","201 JANNEY RD","RICHARDS ELECTRIC SUPPLY CO INC","","4620 READING RD","","CINCINNATI OH 45229","I",0001.15700,0000023110,0000048690,0000071800,0000066040,0000139120,0000205160,"LAND AND BUILDING","VALID SALE","N"
"R72 16702 0014",8243,23-JUN-11,000030000.00,"LINDE GAS NORTH AMERICA LLC","MID-OHIO VALLEY LIME INC","1727 RITA DR","MID-OHIO VALLEY LIME INC","","P O BOX 734","","MARIETTA OH 45750","I",0002.49000,0000028700,0000026550,0000055250,0000082000,0000075850,0000157850,"LAND AND BUILDING","NOT VALIDATED","N"
"R72 16702 0068",10120,02-AUG-11,000312000.00,"H R DAYTON PROPERTIES LLC","KZB PROPERTIES LLC","1500 KUNTZ RD","KZB PROPERTIES LLC","","605 HERON DR","","GALLOWAY OH 43119","I",0001.90500,0000037680,0000060750,0000098430,0000107670,0000173560,0000281230,"LAND AND BUILDING","VALID SALE","N"
"R72 16703 0008",9671,25-JUL-11,000042000.00,"BRANDT PIKE PROPERTIES LLC","FARR VIEW PROPERTIES LLC","1001 BRANDT PIKE","FARR VIEW PROPERTIES LLC","","385 NARROWS TRCE","","XENIA OH 45385","I",0021.60000,0000024760,0000000570,0000025330,0000070740,0000001640,0000072380,"LAND AND BUILDING","LIQUIDATION/FORECLOSURE","N"
"R72 16712 0003",164,05-JAN-11,000250000.00,"MASSY NANCY L","CONCEPT MACHINERY LLC","1955 KUNTZ RD","CRAFT REAL ESTATE","ACQUISITION CO LLC","1933 KUNTZ RD","","DAYTON OH 45404","I",0000.00000,0000006770,0000000000,0000006770,0000019340,0000000000,0000019340,"BUILDING ONLY","NOT VALIDATED","N"
"R72 16712 0003",5068,22-APR-11,000250000.00,"CONCEPT MACHINERY LLC","CRAFT REAL ESTATE","1955 KUNTZ RD","CRAFT REAL ESTATE","ACQUISITION CO LLC","1933 KUNTZ RD","","DAYTON OH 45404","I",0000.00000,0000006770,0000000000,0000006770,0000019340,0000000000,0000019340,"LAND AND BUILDING","NOT VALIDATED","N"
"R72 16712 0004",5068,22-APR-11,000250000.00,"CONCEPT MACHINERY LLC","CRAFT REAL ESTATE","COMMERCE PARK DR","CRAFT REAL ESTATE","ACQUISITION CO LLC","1933 KUNTZ RD","","DAYTON OH 45404","I",0000.00000,0000006740,0000000000,0000006740,0000019250,0000000000,0000019250,"LAND AND BUILDING","NOT VALIDATED","N"
"R72 16712 0004",164,05-JAN-11,000250000.00,"MASSY NANCY L","CONCEPT MACHINERY LLC","COMMERCE PARK DR","CRAFT REAL ESTATE","ACQUISITION CO LLC","1933 KUNTZ RD","","DAYTON OH 45404","I",0000.00000,0000006740,0000000000,0000006740,0000019250,0000000000,0000019250,"BUILDING ONLY","NOT VALIDATED","N"
"R72 16712 0010",5068,22-APR-11,000250000.00,"CONCEPT MACHINERY LLC","CRAFT REAL ESTATE","1933 KUNTZ RD","CRAFT REAL ESTATE","ACQUISITION CO LLC","1933 KUNTZ RD","","DAYTON OH 45404","I",0000.00000,0000031330,0000074780,0000106110,0000089510,0000213670,0000303180,"LAND AND BUILDING","NOT VALIDATED","N"
"R72 16712 0010",164,05-JAN-11,000250000.00,"MASSY NANCY L","CONCEPT MACHINERY LLC","1933 KUNTZ RD","CRAFT REAL ESTATE","ACQUISITION CO LLC","1933 KUNTZ RD","","DAYTON OH 45404","I",0000.00000,0000031330,0000074780,0000106110,0000089510,0000213670,0000303180,"BUILDING ONLY","NOT VALIDATED","N"
"R72 17003 0002",10657,11-AUG-11,003200000.00,"INDIANA METAL LLC","DAYTON REAL ESTATE VENTURES LLC","4701 WAGNER FORD RD","DAYTON REAL ESTATE VENTURES LLC","","825 BERKSHIRE BLVD","","READING PA 19610","I",0092.57500,0001018840,0000002730,0001021570,0002910980,0000007800,0002918780,"LAND AND BUILDING","VALID SALE","N"
"R72 17009 0027",281,07-JAN-11,000000000.00,"LEMASTER FORREST R AND","LEMASTER FORREST R","1944 NEVA DR","LEMASTER FORREST R","","P O BOX 596","","SALYERSVILLE KY 41465","I",0000.00000,0000004880,0000027210,0000032090,0000013950,0000077750,0000091700,"LAND AND BUILDING","RELATED INDIVIDUALS OR CORPORATIONS","N"
"R72 17009 0028",281,07-JAN-11,000000000.00,"LEMASTER FORREST R AND","LEMASTER FORREST R","NEVA DR","LEMASTER FORREST R AND","PATTY S","1944 NEVA DR","","DAYTON OH 45414","I",0000.00000,0000004440,0000000000,0000004440,0000012680,0000000000,0000012680,"LAND AND BUILDING","RELATED INDIVIDUALS OR CORPORATIONS","N"
"R72117011 0001",10657,11-AUG-11,003200000.00,"INDIANA METAL LLC","DAYTON REAL ESTATE VENTURES LLC","4845 WAGNER FORD RD","INDIANA METAL LLC","","1705 ASTOR AVE","","VILLA PARK IL 60181","I",0027.09400,0000177540,0000060750,0000238290,0000507250,0000173560,0000680810,"LAND AND BUILDING","SALE INVOLVING MULTIPLE PARCELS","N"
"R72117011 0047",6263,17-MAY-11,000199500.00,"FARES MARY SUTTON","DENTAL ASSOC LAB LLC","3318 SUCCESSFUL WAY","DENTAL ASSOC LAB LLC","","3318 SUCCESSFUL WAY","","DAYTON OH 45414","I",0000.50500,0000008840,0000050080,0000058920,0000025270,0000143090,0000168360,"LAND AND BUILDING","VALID SALE","N"
"R72315811 0026",3265,16-MAR-11,000197152.00,"JACKSON RICHARD L AND","NVR INC","NORTHWEST PARKWAY","NVR INC","","100 APPLE CHURCH RD","","THURMONT MD 21788","I",0019.05100,0000061630,0000000000,0000061630,0000176080,0000000000,0000176080,"LAND ONLY","VALID SALE","N"
"R72317119 0001",3263,16-MAR-11,001880000.00,"COLUMBIA PROPERTIES LTD","NVR INC","2194 NORTHWEST PKWY","NVR INC","","11700 PLAZA AMERICA DR STE 500","","RESTON VA 20190","I",0019.97300,0000106260,0000255620,0000361880,0000303590,0000730330,0001033920,"LAND AND BUILDING","VALID SALE","N"
