"PARID","CONVNUM","SALEDTE","PRICE","OLDOWN","OWNERNAME1","PARCELLOCATION","MAILINGNAME1","MAILINGNAME2","PADDR1","PADDR2","PADDR3","CLS","ACRES","TAXLAND","TAXBLDG","TAXTOTAL","ASMTLAND","ASMTBLDG","ASMTTOTL","SALETYPE","SALEVALIDITY","DYTNCRDT"
"A01 00102 0097",10674,12-AUG-11,000126000.00,"PALIATH JAMIE A","LEVY AARON L AND","720 OLD SPRINGFIELD RD","LEVY AARON L AND","DEVIN R","720 OLD SPRINGFIELD RD","","VANDALIA OH 45377","A",0000.06400,0000000200,0000000000,0000000200,0000000560,0000000000,0000000560,"LAND AND BUILDING","SALE INVOLVING MULTIPLE PARCELS","N"
"A01 00104 0006",15670,30-NOV-11,000150000.00,"MCINTOSH ROY E AND","FANNIE MAE","10691 KLEY RD","FANNIE MAE","","P O BOX 650043","","DALLAS TX 75265","A",0004.72200,0000017120,0000047480,0000064600,0000048920,0000135670,0000184590,"LAND AND BUILDING","LIQUIDATION/FORECLOSURE","N"
"A01 00309 0047",8551,30-JUN-11,000000000.00,"GOLDSCHMIDT ELVIRA M","GOLDSCHMIDT ELVIRA M TR","3231 LITTLE YORK RD","GOLDSCHMIDT ELVIRA M TR","","3231 LITTLE YORK RD","","DAYTON OH 45414","A",0007.08000,0000020520,0000032460,0000052980,0000058640,0000092750,0000151390,"LAND AND BUILDING","NOT VALIDATED","N"
"A01 00313 0003",13721,17-OCT-11,000000000.00,"MONTGOMERY RITA M TR","MONTGOMERY RITA M TR","6680 BRANTFORD RD","MONTGOMERY RITA M TR","","2701 COPPER-SMITH AVE","","DAYTON OH 45414 5901","A",0014.36370,0000017670,0000045200,0000062870,0000050490,0000129140,0000179630,"LAND AND BUILDING","RELATED INDIVIDUALS OR CORPORATIONS","N"
"C04 00510 0018",8087,22-JUN-11,000189461.00,"MYERS REBECCA L TR","TIM MCKINLEY FARMS LLC","8402 W NATIONAL RD","MYERS REBECCA L TR","","4439 NEW MARBET BANTA RD","","LEWISBURG OH 45338","A",0037.47100,0000031020,0000021240,0000052260,0000088620,0000060690,0000149310,"LAND AND BUILDING","SALE INVOLVING MULTIPLE PARCELS","N"
"C04 00510 0059",8087,22-JUN-11,000189461.00,"MYERS REBECCA L TR","TIM MCKINLEY FARMS LLC","8350 NATIONAL RD","TIM MCKINLEY FARMS LLC","","11131 MONTGOMERY COUNTY LINE RD","","BROOKVILLE OH 45309","A",0002.00000,0000001030,0000000000,0000001030,0000002940,0000000000,0000002940,"LAND AND BUILDING","SALE INVOLVING MULTIPLE PARCELS","N"
"C04 00603 0008",11110,22-AUG-11,000495392.00,"MEYER PATRICIA A TRUSTEE ET AL","MEYER PATRICIA A TRUSTEE","10365 UPPER LEWISBURG SALEM RD","MEYER PATRICIA A TRUSTEE","","11170 BALTIMORE-PHILLIPSBURG RD","","BROOKVILLE OH 45309 3610","A",0070.00000,0000041300,0000028810,0000070110,0000118010,0000082320,0000200330,"LAND AND BUILDING","VALID SALE","N"
"C04 00603 0008",11108,22-AUG-11,000229607.00,"WOOLERY CHRISTOPHER ET AL 4","MEYER PATRICIA A TRUSTEE ET AL","10365 UPPER LEWISBURG SALEM RD","MEYER PATRICIA A TRUSTEE","","11170 BALTIMORE-PHILLIPSBURG RD","","BROOKVILLE OH 45309 3610","A",0070.00000,0000041300,0000028810,0000070110,0000118010,0000082320,0000200330,"LAND AND BUILDING","VALID SALE","N"
"C04 00603 0064",11110,22-AUG-11,000495392.00,"WOOLERY CHRISTOPHER ET AL 4","MEYER PATRICIA A TRUSTEE","NATIONAL RD","MEYER PATRICIA A TRUSTEE","","11170 BALTIMORE-PHILLIPSBURG RD PO BOX 309","","BROOKVILLE OH 45309 3610","A",0015.46700,0000007720,0000000000,0000007720,0000022070,0000000000,0000022070,"LAND AND BUILDING","VALID SALE","N"
"C04 00605 0018",11218,24-AUG-11,000130000.00,"GAEKE RICHARD F AND","GOFFENA JUSTIN A AND","11992 TEMPLE RD","GOFFENA JUSTIN A AND","SHERRI B","11992 TEMPLE RD","","BROOKVILLE OH 45309","A",0016.16900,0000028700,0000022680,0000051380,0000082000,0000064790,0000146790,"LAND AND BUILDING","VALID SALE","N"
"C04 00605 0019",11218,24-AUG-11,000130000.00,"GAEKE RICHARD F AND","GOFFENA JUSTIN A AND","TEMPLE RD","GOFFENA JUSTIN A AND","SHERRI B","11992 TEMPLE RD","","BROOKVILLE OH 45309","A",0009.99100,0000013300,0000000600,0000013900,0000038000,0000001700,0000039700,"LAND AND BUILDING","VALID SALE","N"
"C04 00607 0001",5088,22-APR-11,000101813.00,"OSSWALD JAMES R ETAL 4","OSSWALD JAMES R AND","13852 UPPER LEWISBURG SALEM RD","OSSWALD JAMES R AND","REBECCA S","11721 TEMPLE RD","","BROOKVILLE OH 45309","A",0043.10000,0000026500,0000014360,0000040860,0000075720,0000041040,0000116760,"LAND AND BUILDING","NOT VALIDATED","N"
"C06 00402 0002",11354,25-AUG-11,000000000.00,"BROWN JOHN A","BROWN JOHN A TR AND","HARTMAN RD","BROWN JOHN A TR AND","CHARLOTTE A TR","6520 N MONTGOMERY COUNTY LINE RD","","ENGLEWOOD OH 45322","A",0131.53900,0000074730,0000000000,0000074730,0000213510,0000000000,0000213510,"LAND AND BUILDING","NOT VALIDATED","N"
"C06 00402 0008",1653,09-FEB-11,000000000.00,"MEYER JAMES A","MEYER JAMES A TRUSTEE AND","11879 HARTMAN RD","MEYER JAMES A TRUSTEE AND","MARIE A MEYER TRUSTEE","10955 MONTGOMERY COUNTY LINE RD","","BROOKVILLE OH 45309","A",0050.25950,0000025040,0000002100,0000027140,0000071550,0000006000,0000077550,"LAND AND BUILDING","RELATED INDIVIDUALS OR CORPORATIONS","N"
"C06 00402 0011",15149,16-NOV-11,000267000.00,"FLORY DARRELL L JR AND","KEMPER CHRISTOPHER A AND","11270 LUTHERAN RD","KEMPER CHRISTOPHER A AND","CHRISTINE L","11270 LUTHERINE RD","","PHILLIPSBURG OH 45354","A",0011.74400,0000029730,0000066020,0000095750,0000084930,0000188630,0000273560,"LAND AND BUILDING","VALID SALE","N"
"C06 00402 0029",11354,25-AUG-11,000000000.00,"BROWN JOHN A","BROWN JOHN A TR AND","MIAMI COUNTY LINE RD","BROWN JOHN A TR AND","CHARLOTTE A TR","6520 N MONTGOMERY COUNTY LINE RD","","ENGLEWOOD OH 45322","A",0005.17600,0000002670,0000000000,0000002670,0000007620,0000000000,0000007620,"LAND AND BUILDING","NOT VALIDATED","N"
"C06 00402 0030",11354,25-AUG-11,000000000.00,"BROWN JOHN A","BROWN JOHN A TR AND","7814 N COUNTY LINE RD","BROWN JOHN A TR AND","CHARLOTTE A TR","6520 N MONTGOMERY COUNTY LINE RD","","ENGLEWOOD OH 45322","A",0035.00000,0000027000,0000027500,0000054500,0000077140,0000078580,0000155720,"LAND AND BUILDING","NOT VALIDATED","N"
"C06 00402 0044",1653,09-FEB-11,000000000.00,"MEYER JAMES A","MEYER JAMES A TRUSTEE AND","HARTMAN RD","JAMES MEYER A","","10955 MONTGOMERY COUNTY LINE RD","","BROOKVILLE OH 45309","A",0006.42000,0000003520,0000000000,0000003520,0000010060,0000000000,0000010060,"LAND AND BUILDING","RELATED INDIVIDUALS OR CORPORATIONS","N"
"C06 00402 0047",11354,25-AUG-11,000000000.00,"BROWN JOHN A","BROWN JOHN A TR AND","7834 N COUNTY LINE RD","BROWN JOHN A TR AND","CHARLOTTE A TR","6520 N MONTGOMERY COUNTY LINE RD","","ENGLEWOOD OH 45322","A",0005.70000,0000001660,0000000000,0000001660,0000004740,0000000000,0000004740,"LAND AND BUILDING","NOT VALIDATED","N"
"C06 00402 0049",1653,09-FEB-11,000000000.00,"MEYER JAMES A","MEYER JAMES A TRUSTEE AND","HARTMAN RD","JAMES MEYER A","","10955 MONTGOMERY COUNTY LINE RD","","BROOKVILLE OH 45309","A",0007.57000,0000004000,0000000000,0000004000,0000011420,0000000000,0000011420,"LAND AND BUILDING","RELATED INDIVIDUALS OR CORPORATIONS","N"
"C06 00403 0008",1653,09-FEB-11,000000000.00,"MEYER JAMES A","MEYER JAMES A TRUSTEE AND","11900 DAYTON GREENVILLE PIKE","JAMES MEYER A","","10955 MONTGOMERY COUNTY LINE RD","","BROOKVILLE OH 45309","A",0081.51400,0000044880,0000000000,0000044880,0000128220,0000000000,0000128220,"LAND AND BUILDING","RELATED INDIVIDUALS OR CORPORATIONS","N"
"C06 00404 0004",15275,21-NOV-11,000000000.00,"BROWN BARBARA A","BROWN BARBARA A TR AND","11555 ARLINGTON RD","BROWN BARBARA A TR AND","HALEY M TR","8797 BROOKVILLE-PHILLIPSBURG RD","","BROOKVILLE OH 45309","A",0067.16100,0000043770,0000030240,0000074010,0000125070,0000086400,0000211470,"LAND AND BUILDING","NOT VALIDATED","N"
"C06 00404 0017",15275,21-NOV-11,000000000.00,"BROWN BARBARA A AND","BROWN BARBARA A TR AND","9221 BALTIMORE PHILLIPSBURG RD","BROWN BARBARA A TR AND","HALEY M TR","8797 BROOKVILLE-PHILLIPSBURG RD","","BROOKVILLE OH 45309","A",0094.11800,0000054740,0000000000,0000054740,0000156400,0000000000,0000156400,"LAND AND BUILDING","NOT VALIDATED","N"
"C06 00404 0022",15622,29-NOV-11,000000000.00,"MCKINLEY WILLIAM L","MCKINLEY WILLIAM L TRUSTEE","BALTIMORE PHILLIPSBURG RD","MCKINLEY WILLIAM L TRUSTEE","","11499 DODSON RD","","BROOKVILLE OH 45309","A",0073.20000,0000036820,0000000000,0000036820,0000105200,0000000000,0000105200,"LAND AND BUILDING","RELATED INDIVIDUALS OR CORPORATIONS","N"
"C06 00404 0046",15275,21-NOV-11,000000000.00,"BROWN BARBARA A AND","BROWN BARBARA A TR AND","ARLINGTON RD","BROWN BARBARA A TR AND","HALEY M TR","8797 BROOKVILLE-PHILLIPSBURG RD","","BROOKVILLE OH 45309","A",0000.92400,0000000600,0000000000,0000000600,0000001710,0000000000,0000001710,"LAND AND BUILDING","NOT VALIDATED","N"
"C06 00409 0002",15622,29-NOV-11,000000000.00,"MCKINLEY WILLIAM AND","MCKINLEY WILLIAM L TRUSTEE","9740 BALTIMORE PHILLIPSBURG RD","MCKINLEY WILLIAM L TRUSTEE","","11499 DODSON RD","","BROOKVILLE OH 45309","A",0051.93900,0000028700,0000000000,0000028700,0000081990,0000000000,0000081990,"LAND AND BUILDING","RELATED INDIVIDUALS OR CORPORATIONS","N"
"C06 00410 0003",11354,25-AUG-11,000000000.00,"BROWN JOHN A","BROWN JOHN A TR AND","BALTIMORE PHILLIPSBURG PIKE","BROWN JOHN A TR AND","CHARLOTTE A TR","6520 N MONTGOMERY COUNTY LINE RD","","ENGLEWOOD OH 45322","A",0044.75300,0000023540,0000000000,0000023540,0000067250,0000000000,0000067250,"LAND AND BUILDING","NOT VALIDATED","N"
"C06 00410 0022",16571,16-DEC-11,000000000.00,"BROWN KENNETH J","BROWN KENNETH J","8871 SWEET POTATO RIDGE RD","BROWN KENNETH J","","P O BOX 427","","PHILLIPSBURG OH 45354","A",0038.88700,0000028840,0000030710,0000059550,0000082390,0000087740,0000170130,"LAND AND BUILDING","NOT VALIDATED","N"
"C06 00410 0022",6328,18-MAY-11,000420000.00,"ELKINS PAMELA S AND","BROWN KENNETH J","8871 SWEET POTATO RIDGE RD","BROWN KENNETH J","","P O BOX 427","","PHILLIPSBURG OH 45354","A",0038.88700,0000028840,0000030710,0000059550,0000082390,0000087740,0000170130,"LAND AND BUILDING","OUTLIER","N"
"C06 00410 0050",11333,25-AUG-11,000000000.00,"BROWN JOHN A AND","BROWN JOHN A TR AND","BALTIMORE-PHILLIPSBURG RD","BROWN JOHN A TR AND","CHARLOTTE A TR","6520 N MONTGOMERY COUNTY LINE RD","","ENGLEWOOD OH 45322","A",0030.71300,0000017900,0000000000,0000017900,0000051150,0000000000,0000051150,"LAND ONLY","SALE INVOLVING MULTIPLE PARCELS","N"
"C06 00410 0052",84,04-JAN-11,000137500.00,"FIFTH THIRD BANK TRUSTEE AND","ZIMMERMAN RACHEL S AND","8840 BALTIMORE PHILLIPSBURG PIKE","ZIMMERMAN RACHEL S AND","TIMOTHY A CAMPBELL","8840 BALTIMORE PHILLIPSBURG RD","","BROOKVILLE OH 45309","A",0003.19100,0000017600,0000011550,0000029150,0000050290,0000032990,0000083280,"LAND AND BUILDING","VALID SALE","N"
"C06 00411 0017",15080,16-NOV-11,000000000.00,"B J C FARM LLC","B J C FARM LLC","DAYTON GREENVILLE PIKE","B J C FARM LLC","","6965 VIENNA WOODS","","DAYTON OH 45459","A",0061.03600,0000033440,0000000000,0000033440,0000095530,0000000000,0000095530,"LAND AND BUILDING","NOT VALIDATED","N"
"C06 00411 0024",677,14-JAN-11,000000000.00,"PHILLIPS JERRIE O","ROESER DEBORAH A","DAYTON GREENVILLE PIKE","ROESER DEBORAH A","","7075 SWEET POTATO RIDGE RD","","BROOKVILLE OH 45309","A",0019.59900,0000009610,0000000000,0000009610,0000027460,0000000000,0000027460,"LAND AND BUILDING","RELATED INDIVIDUALS OR CORPORATIONS","N"
"C06 00411 0139",11762,06-SEP-11,000082500.00,"BUCKLEW JOHN A TR","STANAFORD ROBERT L JR AND","10419 DAYTON GREENVILLE PIKE","STANAFORD ROBERT L JR AND","SHEILA K","10419 DAYTON GREENVILLE PIKE","","BROOKVILLE OH 45309","A",0002.05200,0000014780,0000017980,0000032760,0000042240,0000051360,0000093600,"LAND ONLY","NOT VALIDATED","N"
"C06 00412 0015",3741,25-MAR-11,000000000.00,"KLEPINGER RONALD P ET AL 3","KLEPINGER RONALD P TR ET AL 4","10611 N DIAMOND MILL RD","KLEPINGER RONALD P TR ET AL 4","","1255 W RED RIVER RD","","LAURA OH 45337","A",0070.26600,0000043140,0000022820,0000065960,0000123250,0000065200,0000188450,"LAND AND BUILDING","NOT VALIDATED","N"
"C06 00412 0015",3742,25-MAR-11,000000000.00,"KLEPINGER RONALD P TR ET AL 4","KLEPINGER RONALD P TR ET AL 4","10611 N DIAMOND MILL RD","KLEPINGER RONALD P TR ET AL 4","","1255 W RED RIVER RD","","LAURA OH 45337","A",0070.26600,0000043140,0000022820,0000065960,0000123250,0000065200,0000188450,"LAND AND BUILDING","NOT VALIDATED","N"
"C06 00501 0147",1691,09-FEB-11,000000000.00,"ACHESON EUNICE BROWN ET AL 3","BROWN ROBERT AND","DAYTON GREENVILLE PIKE","","","","","","A",0000.40880,0000001720,0000000000,0000001720,0000004910,0000000000,0000004910,"LAND ONLY","RELATED INDIVIDUALS OR CORPORATIONS","N"
"C06 00502 0078",2967,09-MAR-11,000000000.00,"MCKINLEY TIMOTHY W AND","TIM MCKINLEY FARMS LLC","BROOKVILLE PHILLIPSBURG PIKE","TIM MCKINLEY FARMS LLC","","11131 N MONTGOMERY COUNTY LINE RD","","BROOKVILLE OH 45309","A",0055.50500,0000024940,0000000000,0000024940,0000071260,0000000000,0000071260,"LAND AND BUILDING","NOT VALIDATED","N"
"C06 00503 0006",11333,25-AUG-11,000000000.00,"BROWN JOHN A ET AL 4","BROWN JOHN A TR ET AL 4","BROOKVILLE PHILLIPSBURG PIKE","A. BROWN & SONS NURSERY, INC.","","P.O. BOX 427","","PHILLIPSBURG OH 45354","A",0047.57800,0000025000,0000000000,0000025000,0000071430,0000000000,0000071430,"LAND ONLY","SALE INVOLVING MULTIPLE PARCELS","N"
"C06 00504 0005",15627,29-NOV-11,000000000.00,"MCKINLEY WILLIAM AND","MCKINLEY WILLIAM TRUSTEE","DODSON RD","MCKINLEY WILLIAM TRUSTEE","","11499 DODSON RD","","BROOKVILLE OH 45309","A",0039.30400,0000018760,0000000000,0000018760,0000053590,0000000000,0000053590,"LAND AND BUILDING","RELATED INDIVIDUALS OR CORPORATIONS","N"
"C06 00504 0045",1466,03-FEB-11,000275000.00,"JACOBSON HEATHER","BLACKBURN ROBERT D AND","SWEET POTATO RIDGE RD","BLACKBURN ROBERT D AND","DEBRA K","10924 W EMERICK RD","","LAURA OH 45337","A",0053.00000,0000028490,0000000000,0000028490,0000081400,0000000000,0000081400,"LAND ONLY","VALID SALE","N"
"C06 00512 0023",6817,26-MAY-11,000000000.00,"LFF HOLDINGS LLC","LFF PROPERTIES LLC","DAYTON GREENVILLE PIKE","LFF PROPERTIES LLC","","7812 MCEWEN RD STE 100","","DAYTON OH 45459","A",0046.28000,0000063880,0000000000,0000063880,0000182520,0000000000,0000182520,"LAND ONLY","NOT VALIDATED","N"
"C09 00405 0002",1653,09-FEB-11,000000000.00,"MEYER JAMES A","MEYER JAMES A TRUSTEE AND","10804 N COUNTY LINE RD","JAMES MEYER A","","10955 MONTGOMERY COUNTY LINE RD","","BROOKVILLE OH 45309","A",0040.26190,0000023850,0000000000,0000023850,0000068130,0000000000,0000068130,"LAND AND BUILDING","RELATED INDIVIDUALS OR CORPORATIONS","N"
"C09 00405 0009",15622,29-NOV-11,000000000.00,"MCKINLEY WILLIAM L","MCKINLEY WILLIAM L TRUSTEE","11499 DODSON RD","MCKINLEY WILLIAM L TRUSTEE","","11499 DODSON RD","","BROOKVILLE OH 45309","A",0082.01300,0000056760,0000056360,0000113120,0000162170,0000161020,0000323190,"LAND AND BUILDING","RELATED INDIVIDUALS OR CORPORATIONS","N"
"C09 00406 0017",3358,18-MAR-11,000075000.00,"GARBER RUSSELL L","ROBINSON TERRY W AND","11246 N PREBLE COUNTY LINE RD","ROBINSON TERRY W AND","EMILY H","11246 PREBLE COUNTY LINE RD","","BROOKVILLE OH 45309 4025","A",0008.50000,0000011670,0000018120,0000029790,0000033340,0000051780,0000085120,"LAND AND BUILDING","SALE INVOLVING MULTIPLE PARCELS","N"
"C09 00407 0019",15622,29-NOV-11,000000000.00,"MCKINLEY WILLIAM L","MCKINLEY WILLIAM L TRUSTEE","10351 NUMBER NINE RD","WILLIAM L MCKINLEY","","11499 DODSON RD","","BROOKVILLE OH 45309","A",0065.96400,0000036740,0000000000,0000036740,0000104960,0000000000,0000104960,"LAND AND BUILDING","RELATED INDIVIDUALS OR CORPORATIONS","N"
"C09 00505 0002",2967,09-MAR-11,000000000.00,"MCKINLEY TIMOTHY W AND","TIM MCKINLEY FARMS LLC","NUMBER NINE RD","TIM MCKINLEY FARMS LLC","","11131 N MONTGOMERY COUNTY LINE RD","","BROOKVILLE OH 45309","A",0081.41100,0000042200,0000000000,0000042200,0000120570,0000000000,0000120570,"LAND AND BUILDING","NOT VALIDATED","N"
"C09 00505 0005",2967,09-MAR-11,000000000.00,"MCKINLEY TIMOTHY WILLIAM AND","TIM MCKINLEY FARMS LLC","SWEET POTATO RIDGE RD","MCKINLEY TIMOTHY WILLIAM AND","CHERYL LYNN","11131 N MONTGOMERY CNTY LINE RD","","BROOKVILLE OH 45309","A",0033.10000,0000018480,0000000000,0000018480,0000052810,0000000000,0000052810,"LAND AND BUILDING","NOT VALIDATED","N"
"C09 00505 0018",8576,01-JUL-11,000000000.00,"RANDALL SANDRA K","ANGLE SANDRA K","9356 NUMBER NINE RD","ANGLE SANDRA K","","9356 NUMBER 9 RD","","BROOKVILLE OH 45309","A",0002.93900,0000009380,0000036930,0000046310,0000026800,0000105500,0000132300,"LAND AND BUILDING","NOT VALIDATED","N"
"C09 00505 0019",2967,09-MAR-11,000000000.00,"MCKINLEY TIMOTHY WILLIAM AND","TIM MCKINLEY FARMS LLC","SWEET POTATO RIDGE RD","TIM MCKINLEY FARMS LLC","","11131 N MONTGOMERY COUNTY LINE RD","","BROOKVILLE OH 45309","A",0021.50000,0000010770,0000000000,0000010770,0000030760,0000000000,0000030760,"LAND AND BUILDING","NOT VALIDATED","N"
"C09 00507 0006",1126,27-JAN-11,000542303.00,"FRANK CAROL ANN","STEBBINS GEORGE E ET AL 4","11617 W NATIONAL RD","STEBBINS LAND COMPANY LTD","","7883 N MONTGOMERY COUNTY LINE RD","","ENGLEWOOD OH 45322","A",0096.10700,0000058390,0000044100,0000102490,0000166830,0000126010,0000292840,"LAND AND BUILDING","SALE INVOLVING MULTIPLE PARCELS","N"
"C09 00507 0006",8337,27-JUN-11,000000000.00,"STEBBINS GEORGE E ET AL 4","STEBBINS LAND COMPANY LTD","11617 W NATIONAL RD","STEBBINS LAND COMPANY LTD","","7883 N MONTGOMERY COUNTY LINE RD","","ENGLEWOOD OH 45322","A",0096.10700,0000058390,0000044100,0000102490,0000166830,0000126010,0000292840,"LAND AND BUILDING","SALE INVOLVING MULTIPLE PARCELS","N"
"C09 00507 0035",1126,27-JAN-11,000542303.00,"FRANK CAROL ANN","STEBBINS GEORGE E ET AL 4","ST RT 40","STEBBINS LAND COMPANY LTD","","7883 N MIAMI COUNTY LINE RD","","ENGLEWOOD OH 45322","A",0005.12800,0000002120,0000000000,0000002120,0000006050,0000000000,0000006050,"LAND AND BUILDING","SALE INVOLVING MULTIPLE PARCELS","N"
"C09 00507 0035",8337,27-JUN-11,000000000.00,"STEBBINS GEORGE E ET AL 4","STEBBINS LAND COMPANY LTD","ST RT 40","STEBBINS LAND COMPANY LTD","","7883 N MIAMI COUNTY LINE RD","","ENGLEWOOD OH 45322","A",0005.12800,0000002120,0000000000,0000002120,0000006050,0000000000,0000006050,"LAND AND BUILDING","SALE INVOLVING MULTIPLE PARCELS","N"
"D13 00108 0004",8015,21-JUN-11,000000000.00,"SMITH MARGARET EVELYN","SMITH MARGARET EVELYN ET AL 6","131 VIRGINIA AVE","SMITH MARGARET EVELYN ET AL 6","TRUSTEES","541 WILLOW LN","","GERMANTOWN OH 45327","A",0014.68200,0000022080,0000045970,0000068050,0000063090,0000131350,0000194440,"LAND AND BUILDING","RELATED INDIVIDUALS OR CORPORATIONS","N"
"D13 00108 0006",8018,21-JUN-11,000000000.00,"SMITH MARGARET EVELYN","SMITH MARGARET EVELYN ET AL 6","VIRGINIA AVE","SMITH MARGARET EVELYN ET AL 6","TRUSTEE","541 WILLOW LN","","GERMANTOWN OH 45327","A",0009.14300,0000006250,0000000000,0000006250,0000017850,0000000000,0000017850,"LAND ONLY","RELATED INDIVIDUALS OR CORPORATIONS","N"
"D13 00108 0124",8025,21-JUN-11,000000000.00,"SMITH MARGARET EVELYN","SMITH MARGARET EVELYN ET AL 6","124 VIRGINIA AVE","SMITH MARGARET EVELYN ET AL 6","TRUSTEES","541 WILLOW LN","","GERMANTOWN OH 45327","A",0015.77600,0000010930,0000000000,0000010930,0000031240,0000000000,0000031240,"LAND ONLY","RELATED INDIVIDUALS OR CORPORATIONS","N"
"D13 00206 0009",895,21-JAN-11,000000000.00,"FLORY FREDERICK E AND","FLORY FREDERICK E","1386 DAYTON GERMANTOWN PIKE","FLORY FREDERICK E","","1386 DAYTON PIKE","","GERMANTOWN OH 45327","A",0001.91000,0000012910,0000052840,0000065750,0000036890,0000150970,0000187860,"LAND AND BUILDING","RELATED INDIVIDUALS OR CORPORATIONS","N"
"D14 00706 0017",10770,15-AUG-11,000097500.00,"CLARA COMBS","HAZEL ROBERT AND","11010 MANNING RD","HAZEL ROBERT AND","SUSAN E","6711 WEST ALEXANDRIA RD","","MIDDLETOWN OH 45042","A",0016.88800,0000023010,0000001730,0000024740,0000065730,0000004940,0000070670,"LAND AND BUILDING","VALID SALE","N"
"D14 00708 0001",895,21-JAN-11,000000000.00,"FLORY FREDERICK E AND","FLORY FREDERICK E","13880 MANNING RD","FLORY FREDERICK E","","1386 DAYTON PIKE","","GERMANTOWN OH 45327","A",0100.58870,0000014360,0000000000,0000014360,0000041040,0000000000,0000041040,"LAND AND BUILDING","RELATED INDIVIDUALS OR CORPORATIONS","N"
"D14 00708 0001",5152,25-APR-11,000000000.00,"FLORY FREDERICK E","FLORY FREDERICK E","13880 MANNING RD","FLORY FREDERICK E","","1386 DAYTON PIKE","","GERMANTOWN OH 45327","A",0100.58870,0000014360,0000000000,0000014360,0000041040,0000000000,0000041040,"LAND AND BUILDING","NOT VALIDATED","N"
"D14 00708 0002",5151,25-APR-11,000000000.00,"FLORY FREDERICK E","FLORY MICHAEL E","13880 MANNING RD","FLORY MICHAEL E","","13380 MANNING RD","","GERMANTOWN OH 45327","A",0011.01490,0000002190,0000029120,0000031310,0000006260,0000083210,0000089470,"LAND AND BUILDING","NOT VALIDATED","N"
"D14 00709 0008",8425,29-JUN-11,000000000.00,"HAVEN GERALD E AND BETTY J","HAVEN BETTY J","14795 KIEFER RD","HAVEN BETTY J","","14795 KIEFER RD","","GERMANTOWN OH 45327 1106","A",0076.22600,0000033290,0000053660,0000086950,0000095100,0000153300,0000248400,"LAND AND BUILDING","NOT VALIDATED","N"
"D14 00710 0012",15711,30-NOV-11,000000000.00,"RIEGER ROBERT L AND","MAYER DONALD G TR AND","15284 BADEN RD","RIEGER MARVIN W AND","KENNETH E","9016 BOOMERSHINE RD","","GERMANTOWN OH 45327","A",0027.88300,0000011280,0000000000,0000011280,0000032230,0000000000,0000032230,"LAND AND BUILDING","NOT VALIDATED","N"
"D14 00710 0012",15716,30-NOV-11,000000000.00,"RIEGER TREVA TR AND","RIEGER TREVA","15284 BADEN RD","RIEGER MARVIN W AND","KENNETH E","9016 BOOMERSHINE RD","","GERMANTOWN OH 45327","A",0027.88300,0000011280,0000000000,0000011280,0000032230,0000000000,0000032230,"LAND AND BUILDING","NOT VALIDATED","N"
"D14 00710 0012",15714,30-NOV-11,000000000.00,"MAYER DONALD G TR AND","RIEGER TREVA TR AND","15284 BADEN RD","RIEGER MARVIN W AND","KENNETH E","9016 BOOMERSHINE RD","","GERMANTOWN OH 45327","A",0027.88300,0000011280,0000000000,0000011280,0000032230,0000000000,0000032230,"LAND AND BUILDING","NOT VALIDATED","N"
"D14 00710 0012",15717,30-NOV-11,000000000.00,"RIEGER TREVA","RIEGER MARVIN W AND","15284 BADEN RD","RIEGER MARVIN W AND","KENNETH E","9016 BOOMERSHINE RD","","GERMANTOWN OH 45327","A",0027.88300,0000011280,0000000000,0000011280,0000032230,0000000000,0000032230,"LAND AND BUILDING","RELATED INDIVIDUALS OR CORPORATIONS","N"
"D14 00710 0056",696,14-JAN-11,000035000.00,"RIEGER KENNETH E AND","RIEGER KENNETH E AND","BADEN RD","RIEGER KENNETH E AND","REBECCA L","9161 BOOMERSHINE RD","","GERMANTOWN OH 45327","A",0020.95600,0000003830,0000000000,0000003830,0000010930,0000000000,0000010930,"LAND ONLY","NOT VALIDATED","N"
"D14 00710 0056",695,14-JAN-11,000035000.00,"HODAPP RUEY F JR ET AL 4","RIEGER KENNETH E AND","BADEN RD","RIEGER KENNETH E AND","REBECCA L","9161 BOOMERSHINE RD","","GERMANTOWN OH 45327","A",0020.95600,0000003830,0000000000,0000003830,0000010930,0000000000,0000010930,"LAND ONLY","NOT VALIDATED","N"
"D14 00710 0056",693,14-JAN-11,000035000.00,"HODAPP RUEY F JR","HODAPP RUEY F JR ET AL 4","BADEN RD","RIEGER KENNETH E AND","REBECCA L","9161 BOOMERSHINE RD","","GERMANTOWN OH 45327","A",0020.95600,0000003830,0000000000,0000003830,0000010930,0000000000,0000010930,"LAND ONLY","NOT VALIDATED","N"
"D14 00711 0038",2588,02-MAR-11,000000000.00,"HURD JAMES P + ETHEL I","HURD JAMES P AND","15169 ST RT 725","HURD JAMES P AND","ETHEL IRENE","15169 STATE ROUTE 725","","GERMANTOWN OH 45327","A",0032.08800,0000040230,0000025530,0000065760,0000114930,0000072930,0000187860,"LAND AND BUILDING","RELATED INDIVIDUALS OR CORPORATIONS","N"
"D14 00712 0030",15458,23-NOV-11,000256000.00,"FANNIN JEFFREY W AND","COLLINS JAMES AND","7568 BROWNS RUN RD","COLLINS JAMES AND","JOANN","7568 BROWNS RUN RD","","GERMANTOWN OH 45327","A",0006.42300,0000018700,0000045670,0000064370,0000053420,0000130480,0000183900,"LAND AND BUILDING","VALID SALE","N"
"D14 00801 0081",6832,26-MAY-11,000000000.00,"APPLE ROBERT LEE ETAL 4","WEIDLE SCOTT AND","CREEK RD","WEIDLE SCOTT AND","ROGER DOOLIN TRUSTEES","0 P O BOX 105","","GERMANTOWN OH 45327","A",0000.65000,0000003320,0000000000,0000003320,0000009480,0000000000,0000009480,"LAND ONLY","NOT VALIDATED","N"
"D14 00804 0144",4162,04-APR-11,000075000.00,"CANTERBURY GARY D AND","ROBINSON LEONARD L TR","","ROBINSON LEONARD L TR","","8510 ASTORIA RD","","GERMANTOWN OH 45327","A",0002.91900,0000001630,0000000000,0000001630,0000004670,0000000000,0000004670,"LAND AND BUILDING","NOT VALIDATED","N"
"D14 00805 0011",15716,30-NOV-11,000000000.00,"RIEGER TREVA TR AND","RIEGER TREVA","12840 ST RT 725","RIEGER MARVIN W AND","KENNETH E","9016 BOOMERSHINE RD","","GERMANTOWN OH 45327","A",0070.00000,0000035520,0000029510,0000065030,0000101490,0000084300,0000185790,"LAND AND BUILDING","NOT VALIDATED","N"
"D14 00805 0011",15711,30-NOV-11,000000000.00,"RIEGER ROBERT L AND","MAYER DONALD G TR AND","12840 ST RT 725","RIEGER MARVIN W AND","KENNETH E","9016 BOOMERSHINE RD","","GERMANTOWN OH 45327","A",0070.00000,0000035520,0000029510,0000065030,0000101490,0000084300,0000185790,"LAND AND BUILDING","NOT VALIDATED","N"
"D14 00805 0011",15717,30-NOV-11,000000000.00,"RIEGER TREVA","RIEGER MARVIN W AND","12840 ST RT 725","RIEGER MARVIN W AND","KENNETH E","9016 BOOMERSHINE RD","","GERMANTOWN OH 45327","A",0070.00000,0000035520,0000029510,0000065030,0000101490,0000084300,0000185790,"LAND AND BUILDING","RELATED INDIVIDUALS OR CORPORATIONS","N"
"D14 00805 0011",15714,30-NOV-11,000000000.00,"MAYER DONALD G TR AND","RIEGER TREVA TR AND","12840 ST RT 725","RIEGER MARVIN W AND","KENNETH E","9016 BOOMERSHINE RD","","GERMANTOWN OH 45327","A",0070.00000,0000035520,0000029510,0000065030,0000101490,0000084300,0000185790,"LAND AND BUILDING","NOT VALIDATED","N"
"D14 00806 0011",2257,23-FEB-11,000000000.00,"JUDY ALAN","JUDY ALAN AND","OXFORD RD","JUDY ALAN","","8951 BROWNS RUN RD","","GERMANTOWN OH 45327","A",0012.71500,0000005340,0000000000,0000005340,0000015270,0000000000,0000015270,"LAND AND BUILDING","RELATED INDIVIDUALS OR CORPORATIONS","N"
"D14 00812 0024",7342,07-JUN-11,000165000.00,"OGDAN SANDRA E","MALARA LAWRENCE J JR AND","8581 BUTTER ST","MALARA LAWRENCE J JR AND","CHELBY L","8581 S BUTTER ST","","GERMANTOWN OH 45327","A",0010.01200,0000014510,0000019560,0000034070,0000041460,0000055880,0000097340,"LAND AND BUILDING","SALE INVOLVING MULTIPLE PARCELS","N"
"D14 00901 0002",2257,23-FEB-11,000000000.00,"JUDY ALAN","JUDY ALAN AND","13887 OXFORD RD","JUDY ALAN AND","DIANA M","8951 BROWNS RUN RD","","GERMANTOWN OH 45327","A",0059.77000,0000028200,0000000640,0000028840,0000080570,0000001820,0000082390,"LAND AND BUILDING","RELATED INDIVIDUALS OR CORPORATIONS","N"
"D14 00901 0003",15716,30-NOV-11,000000000.00,"RIEGER TREVA TR AND","RIEGER TREVA","BOOMERSHINE RD","RIEGER MARVIN W AND","KENNETH E","9016 BOOMERSHINE RD","","GERMANTOWN OH 45327","A",0066.68000,0000026780,0000000000,0000026780,0000076520,0000000000,0000076520,"LAND AND BUILDING","NOT VALIDATED","N"
"D14 00901 0003",15711,30-NOV-11,000000000.00,"RIEGER ROBERT L TRS AND","MAYER DONALD G TR AND","BOOMERSHINE RD","RIEGER MARVIN W AND","KENNETH E","9016 BOOMERSHINE RD","","GERMANTOWN OH 45327","A",0066.68000,0000026780,0000000000,0000026780,0000076520,0000000000,0000076520,"LAND AND BUILDING","NOT VALIDATED","N"
"D14 00901 0003",15714,30-NOV-11,000000000.00,"MAYER DONALD G TR AND","RIEGER TREVA TR AND","BOOMERSHINE RD","RIEGER MARVIN W AND","KENNETH E","9016 BOOMERSHINE RD","","GERMANTOWN OH 45327","A",0066.68000,0000026780,0000000000,0000026780,0000076520,0000000000,0000076520,"LAND AND BUILDING","NOT VALIDATED","N"
"D14 00901 0003",15717,30-NOV-11,000000000.00,"RIEGER TREVA","RIEGER MARVIN W AND","BOOMERSHINE RD","RIEGER MARVIN W AND","KENNETH E","9016 BOOMERSHINE RD","","GERMANTOWN OH 45327","A",0066.68000,0000026780,0000000000,0000026780,0000076520,0000000000,0000076520,"LAND AND BUILDING","RELATED INDIVIDUALS OR CORPORATIONS","N"
"D14 00901 0010",11687,01-SEP-11,000000000.00,"GILBERT JAMES E","GILBERT LINDA L","13227 FRIEND RD","GILBERT LINDA L","","13049 FRIEND RD","","GERMANTOWN OH 45327","A",0028.39400,0000010420,0000000000,0000010420,0000029770,0000000000,0000029770,"LAND ONLY","RELATED INDIVIDUALS OR CORPORATIONS","N"
"D14 00901 0041",11686,01-SEP-11,000000000.00,"GILBERT JAMES E AND","GILBERT LINDA L","13049 FRIEND RD","GILBERT LINDA L","","13049 FRIEND RD","","GERMANTOWN OH 45327","A",0021.54400,0000010840,0000000000,0000010840,0000030960,0000000000,0000030960,"LAND ONLY","RELATED INDIVIDUALS OR CORPORATIONS","N"
"D14 00901 0042",11220,24-AUG-11,000000000.00,"MCDONALD MEGAN","MCDONALD MEGAN AND","13227 FRIEND RD","MCDONALD MEGAN AND","ERIC E LASH","13227 FRIEND RD","","GERMANTOWN OH 45327","A",0020.10800,0000018380,0000026540,0000044920,0000052520,0000075820,0000128340,"LAND AND BUILDING","RELATED INDIVIDUALS OR CORPORATIONS","N"
"D14 00901 0042",11219,24-AUG-11,000000000.00,"MCDONALD BRANDON AND","MCDONALD MEGAN","13227 FRIEND RD","MCDONALD MEGAN AND","ERIC E LASH","13227 FRIEND RD","","GERMANTOWN OH 45327","A",0020.10800,0000018380,0000026540,0000044920,0000052520,0000075820,0000128340,"LAND AND BUILDING","NOT VALIDATED","N"
"D14 00902 0015",15395,23-NOV-11,000424901.00,"KOVERMAN NANCY","DEGROAT BENJAMIN F ET AL 4","12643 FRIEND RD","DEGROAT BENJAMIN F ET AL 4","","13651 FRIEND RD","","GERMANTOWN OH 45327","A",0081.26300,0000043550,0000021610,0000065160,0000124420,0000061750,0000186170,"LAND AND BUILDING","VALID SALE","N"
"D14 00902 0022",15180,17-NOV-11,000140000.00,"DELOTELL TIMOTHY R AND","HUEY KEVIN M AND","12577 HARRIS RD","HUEY KEVIN M AND","EVA M","420 HATHAWAY RD","","DAYTON OH 45419","A",0014.05000,0000028220,0000033450,0000061670,0000080640,0000095570,0000176210,"LAND AND BUILDING","VALID SALE","N"
"D14 00904 0028",15867,05-DEC-11,000105000.00,"PEAK WM S AND","JOHNS DAVID S AND","ST RT 4","JOHNS DAVID S AND","STEPHANIE S","6216 CEDAR LN","","MIAMISBURG OH 45342","A",0002.30000,0000001070,0000000000,0000001070,0000003060,0000000000,0000003060,"LAND AND BUILDING","VALID SALE","N"
"D14 00904 0029",15867,05-DEC-11,000105000.00,"PEAK WM S AND","JOHNS DAVID S AND","9680 GERMANTOWN MIDDLETOWN PIKE","JOHNS DAVID S AND","STEPHANIE S","6216 CEDAR LN","","MIAMISBURG OH 45342","A",0014.35000,0000017360,0000017920,0000035280,0000049600,0000051210,0000100810,"LAND AND BUILDING","VALID SALE","N"
"D14 00904 0037",9699,25-JUL-11,000000000.00,"BOYER RONALD K","BOYER RONALD K AND","9947 EBY RD","BOYER RONALD K AND","AUDREY C","9947 EBY RD","","GERMANTOWN OH 45327","A",0046.06200,0000022600,0000026910,0000049510,0000064580,0000076890,0000141470,"LAND AND BUILDING","NOT VALIDATED","N"
"D14 00905 0007",13397,07-OCT-11,000025669.00,"MATHER CLINTON EDWARD TED","DAY MICKEY A AND","ST RT 4","DAY MICKEY A AND","AMY L","7957 FRANKLIN-MADISON RD","","GERMANTOWN OH 45327","A",0010.71300,0000003820,0000000000,0000003820,0000010900,0000000000,0000010900,"LAND ONLY","SALE INVOLVING MULTIPLE PARCELS","N"
"D14 00905 0011",15653,30-NOV-11,000000000.00,"DAY SHIRLEY","DAY MICKEY A AND","EBY RD","DAY MICKEY A AND","AMY L","7957 FRANKLIN-MADISON RD","","GERMANTOWN OH 45327","A",0036.97200,0000016300,0000000000,0000016300,0000046570,0000000000,0000046570,"LAND ONLY","RELATED INDIVIDUALS OR CORPORATIONS","N"
"D14 00905 0011",4248,06-APR-11,000000000.00,"DAY SHIRLEY","DAY SHIRLEY","EBY RD","DAY MICKEY A AND","AMY L","7957 FRANKLIN-MADISON RD","","GERMANTOWN OH 45327","A",0036.97200,0000016300,0000000000,0000016300,0000046570,0000000000,0000046570,"LAND ONLY","NOT VALIDATED","N"
"D14 00907 0003",10172,03-AUG-11,000115000.00,"DITULLIO LINDA M","DEGROAT BENJAMIN F ETAL 4","10009 ASTORIA RD","DEGROAT BENJAMIN F ETAL 4","","5783 HEIGHTS CT","","CINCINNATI OH 45247 4902","A",0003.09800,0000008720,0000013900,0000022620,0000024920,0000039720,0000064640,"LAND AND BUILDING","VALID SALE","N"
"D14 00909 0002",3196,15-MAR-11,000000000.00,"SIMPKINS DEBORAH A TR","MCGUIRE DEBORAH A TR","ROCKY RD","MCGUIRE DEBORAH A TR","","8085 HINKLE RD","","MIDDLETOWN OH 45042","A",0012.98200,0000001830,0000000000,0000001830,0000005230,0000000000,0000005230,"LAND AND BUILDING","NOT VALIDATED","N"
"D14 00909 0004",3196,15-MAR-11,000000000.00,"SIMPKINS DEBORAH A TR","MCGUIRE DEBORAH A TR","BROWNS RUN RD","MCGUIRE DEBORAH A TR","","8085 HINKLE RD","","MIDDLETOWN OH 45042","A",0016.61500,0000002590,0000000000,0000002590,0000007390,0000000000,0000007390,"LAND AND BUILDING","NOT VALIDATED","N"
"D14 00909 0005",3196,15-MAR-11,000000000.00,"SIMPKINS DEBORAH A TR","MCGUIRE DEBORAH A TR","10563 ROCKY RD","MCGUIRE DEBORAH A TR","","8085 HINKLE RD","","MIDDLETOWN OH 45042","A",0009.10300,0000001230,0000000000,0000001230,0000003520,0000000000,0000003520,"LAND AND BUILDING","NOT VALIDATED","N"
"D14 00909 0006",3196,15-MAR-11,000000000.00,"SIMPKINS DEBORAH A TR","MCGUIRE  DEBORAH A TR","19107 ROCKY RD","MCGUIRE  DEBORAH A TR","","8085 HINKLE RD","","MIDDLETOWN OH 45042","A",0001.70620,0000000550,0000001190,0000001740,0000001570,0000003410,0000004980,"LAND AND BUILDING","NOT VALIDATED","N"
"D14 00909 0025",10591,10-AUG-11,000000000.00,"MCGUIRE BERNARD D","MCGUIRE BRIAN K  TRUSTEE","ROCKY RD","MCGUIRE BRIAN K  TRUSTEE","","8085 HINKLE RD","","MIDDLETOWN OH 45042","A",0020.00000,0000004660,0000000000,0000004660,0000013320,0000000000,0000013320,"LAND AND BUILDING","RELATED INDIVIDUALS OR CORPORATIONS","N"
"D14 00909 0027",11500,30-AUG-11,000000000.00,"GREEN BRYAN L ET AL 3","GREEN BRYAN L AND","ROCKY RD","GREEN BRYAN L AND","LENNA MARIE","8473 MEADOWLARK DR","","FRANKLIN OH 45005","A",0020.00000,0000007030,0000000000,0000007030,0000020080,0000000000,0000020080,"LAND ONLY","NOT VALIDATED","N"
"D14 00909 0027",11498,30-AUG-11,000000000.00,"GREEN GRADY L ET AL 4","GREEN BRYAN L ET AL 3","ROCKY RD","GREEN BRYAN L AND","LENNA MARIE","8473 MEADOWLARK DR","","FRANKLIN OH 45005","A",0020.00000,0000007030,0000000000,0000007030,0000020080,0000000000,0000020080,"LAND ONLY","SALE INVOLVING MULTIPLE PARCELS","N"
"D14 00909 0028",11498,30-AUG-11,000000000.00,"GREEN GRADY L ET AL 4","GREEN BRYAN L ET AL 3","ROCKY RD","GREEN BRYAN L AND","LENNA MARIE","8473 MEADOWLARK DR","","FRANKLIN OH 45005","A",0020.00000,0000006970,0000000000,0000006970,0000019910,0000000000,0000019910,"LAND ONLY","SALE INVOLVING MULTIPLE PARCELS","N"
"D14 00909 0028",11501,30-AUG-11,000000000.00,"GREEN BRYAN L ET AL 3","GREEN BRYAN L AND","ROCKY RD","GREEN BRYAN L AND","LENNA MARIE","8473 MEADOWLARK DR","","FRANKLIN OH 45005","A",0020.00000,0000006970,0000000000,0000006970,0000019910,0000000000,0000019910,"LAND ONLY","NOT VALIDATED","N"
"D15 00710 0030",10807,16-AUG-11,000700000.00,"MORELAND NOEL","TWIN VALLEY FARMS INC","6322 PREBLE COUNTY LINE RD","TWIN VALLEY FARMS INC","","2700 KETTERING TOWER","","DAYTON OH 45423","A",0074.24880,0000028360,0000048240,0000076600,0000081040,0000137840,0000218880,"LAND AND BUILDING","VALID SALE","N"
"D15 00711 0001",836,20-JAN-11,000165000.00,"SPARKS VERNA MAE","GILBERT CHAD M TR","15832 KIEFER RD","GILBERT CHAD M TR","","5415 DIAMOND MILL RD","","GERMANTOWN OH 45327","A",0034.97000,0000012520,0000018780,0000031300,0000035780,0000053670,0000089450,"LAND AND BUILDING","NOT VALIDATED","N"
"D18 00701 0014",1488,04-FEB-11,000000000.00,"ASKINS RICHARD LEE AND","ASKINS ACRES LLC","JAMAICA RD","ASKINS ACRES LLC","","185 FACTORY RD","","SPRINGBORO OH 45066","A",0044.04500,0000018730,0000000770,0000019500,0000053500,0000002200,0000055700,"LAND AND BUILDING","RELATED INDIVIDUALS OR CORPORATIONS","N"
"D18 00701 0015",1488,04-FEB-11,000000000.00,"ASKINS RICHARD LEE AND","ASKINS ACRES LLC","6507 JAMAICA RD","ASKINS ACRES LLC","","185 FACTORY RD","","SPRINGBORO OH 45066","A",0017.50000,0000019590,0000033720,0000053310,0000055980,0000096340,0000152320,"LAND AND BUILDING","RELATED INDIVIDUALS OR CORPORATIONS","N"
"D18 00701 0036",1488,04-FEB-11,000000000.00,"ASKINS RICHARD LEE AND","ASKINS ACRES LLC","6719 JAMAICA RD","ASKINS ACRES LLC","","185 FACTORY RD","","SPRINGBORO OH 45066","A",0001.50000,0000011830,0000032560,0000044390,0000033800,0000093020,0000126820,"LAND AND BUILDING","RELATED INDIVIDUALS OR CORPORATIONS","N"
"D18 00704 0017",2684,02-MAR-11,000000000.00,"BARGER ANN MARIE AND CECIL","BARGER CECIL RAY AND","BUTTER ST","BARGER CECIL RAY AND","ANN MARIE","4551 MOSIMAN RD","","MIDDLETOWN OH 45042 9724","A",0034.96000,0000010810,0000000000,0000010810,0000030880,0000000000,0000030880,"LAND AND BUILDING","RELATED INDIVIDUALS OR CORPORATIONS","N"
"D18 00704 0055",14966,10-NOV-11,000180000.00,"SEBASTIAN TIMOTHY D AND","ULAND GREGORY M AND","7501 JAMAICA RD","ULAND GREGORY M AND","JESSICA E","7501 JAMAICA RD","","MIAMISBURG OH 45342","A",0004.88700,0000030160,0000039670,0000069830,0000086180,0000113340,0000199520,"LAND AND BUILDING","VALID SALE","N"
"E20 01106 0240",6931,31-MAY-11,000000000.00,"BENSON DIANE R","BENSON DIANE R","1235 BEAULIEU CT","BENSON DIANE R","","98 CARSON AVE","","DAYTON OH 45415","A",0000.38400,0000007000,0000013260,0000020260,0000020000,0000037880,0000057880,"LAND AND BUILDING","RELATED INDIVIDUALS OR CORPORATIONS","N"
"E20 01106 0240",4580,12-APR-11,000000000.00,"BENSON LEE A SR AND","BENSON DIANE R","1235 BEAULIEU CT","BENSON DIANE R","","98 CARSON AVE","","DAYTON OH 45415","A",0000.38400,0000007000,0000013260,0000020260,0000020000,0000037880,0000057880,"LAND AND BUILDING","RELATED INDIVIDUALS OR CORPORATIONS","N"
"F22 01309 0024",15045,15-NOV-11,000143913.00,"CORDES BRADLEY S SR AND","CORDES BRADLEY S JR AND","1622 ZEHRING RD","CORDES BRADLEY S JR AND","SUSIE","1622 ZEHRING RD","","FARMERSVILLE OH 45325","A",0024.72000,0000017470,0000020200,0000037670,0000049900,0000057720,0000107620,"LAND AND BUILDING","VALID SALE","N"
"F22 01401 0003",3313,18-MAR-11,000149000.00,"LEESE ROEANIA K TR AND","O'DIAM ANDREW J","2133 S DIAMOND MILL RD","O'DIAM ANDREW J","","2133 S DIAMOND MILL RD","","FARMERSVILLE OH 45325","A",0002.31200,0000005650,0000029780,0000035430,0000016140,0000085090,0000101230,"LAND AND BUILDING","VALID SALE","N"
"F22 01401 0003",1127,27-JAN-11,000000000.00,"LEESE ROEANIA K TR","LEESE ROEANIA K TR AND","2133 S DIAMOND MILL RD","O'DIAM ANDREW J","","2133 S DIAMOND MILL RD","","FARMERSVILLE OH 45325","A",0002.31200,0000005650,0000029780,0000035430,0000016140,0000085090,0000101230,"LAND AND BUILDING","NOT VALIDATED","N"
"F22 01401 0018",1127,27-JAN-11,000000000.00,"LEESE ROEANIA K TR","LEESE ROEANIA K TR AND","10184 HAVERMALE RD","FANNIN JEFFREY W AND","PAMELA J","10184 HAVERMALE RD","","NEW LEBANON OH 45345","A",0002.36500,0000005900,0000043410,0000049310,0000016850,0000124040,0000140890,"LAND AND BUILDING","NOT VALIDATED","N"
"F22 01401 0018",16338,13-DEC-11,000150000.00,"LEESE JAMES K TR","FANNIN JEFFREY W AND","10184 HAVERMALE RD","FANNIN JEFFREY W AND","PAMELA J","10184 HAVERMALE RD","","NEW LEBANON OH 45345","A",0002.36500,0000005900,0000043410,0000049310,0000016850,0000124040,0000140890,"LAND AND BUILDING","VALID SALE","N"
"F22 01401 0018",16337,13-DEC-11,000000000.00,"LEESE ROEANIA K TR AND","LEESE JAMES K TR","10184 HAVERMALE RD","FANNIN JEFFREY W AND","PAMELA J","10184 HAVERMALE RD","","NEW LEBANON OH 45345","A",0002.36500,0000005900,0000043410,0000049310,0000016850,0000124040,0000140890,"LAND AND BUILDING","SALE INVOLVING MULTIPLE PARCELS","N"
"F22 01401 0023",16337,13-DEC-11,000000000.00,"LEESE ROEANIA K TR AND","LEESE  JAMES K TR","10184 HAVERMALE RD","LEESE  JAMES K TR","","3737 BIRCH ST STE 400","","NEWPORT BEACH CA 92660","A",0003.84700,0000001030,0000000000,0000001030,0000002930,0000000000,0000002930,"LAND AND BUILDING","SALE INVOLVING MULTIPLE PARCELS","N"
"F22 01401 0023",1127,27-JAN-11,000000000.00,"LEESE ROEANIA K TR","LEESE ROEANIA K TR AND","10184 HAVERMALE RD","LEESE  JAMES K TR","","3737 BIRCH ST STE 400","","NEWPORT BEACH CA 92660","A",0003.84700,0000001030,0000000000,0000001030,0000002930,0000000000,0000002930,"LAND AND BUILDING","NOT VALIDATED","N"
"F22 01401 0028",15792,01-DEC-11,000000000.00,"WELLER NICHOLAS L","WELLER MANAGEMENT INC","10211 DAYTON FARMERSVILLE RD","WELLER MANAGEMENT INC","","1026 WATERVLIET AVE","","DAYTON OH 45420","A",0111.00600,0000106530,0000023680,0000130210,0000304380,0000067670,0000372050,"LAND AND BUILDING","RELATED INDIVIDUALS OR CORPORATIONS","N"
"F22 01401 0052",1127,27-JAN-11,000000000.00,"LEESE ROEANIA K TR","LEESE ROEANIA K TR AND","2133 S DIAMOND MILL RD","LEESE JAMES K TR","","3737 BIRCH ST STE 400","","NEWPORT BEACH CA 92660","A",0021.39400,0000010000,0000000000,0000010000,0000028560,0000000000,0000028560,"LAND AND BUILDING","NOT VALIDATED","N"
"F22 01401 0052",16337,13-DEC-11,000000000.00,"LEESE ROEANIA K TR AND","LEESE JAMES K TR","2133 S DIAMOND MILL RD","LEESE JAMES K TR","","3737 BIRCH ST STE 400","","NEWPORT BEACH CA 92660","A",0021.39400,0000010000,0000000000,0000010000,0000028560,0000000000,0000028560,"LAND AND BUILDING","SALE INVOLVING MULTIPLE PARCELS","N"
"F22 01406 0009",10313,05-AUG-11,000195000.00,"BLUE TOM E","UNION SAVINGS BANK","2100 FARMERSVILLE WEST ALEXANDRIA RD","WILSON CHARLES AND","ANDREA","59 COUNTRY LN","","FARMERSVILLE OH 45325","A",0006.87900,0000016100,0000057290,0000073390,0000046010,0000163690,0000209700,"LAND AND BUILDING","LIQUIDATION/FORECLOSURE","N"
"F22 01406 0009",12043,12-SEP-11,000183500.00,"UNION SAVINGS BANK","WILSON CHARLES AND","2100 FARMERSVILLE WEST ALEXANDRIA RD","WILSON CHARLES AND","ANDREA","59 COUNTRY LN","","FARMERSVILLE OH 45325","A",0006.87900,0000016100,0000057290,0000073390,0000046010,0000163690,0000209700,"LAND AND BUILDING","VALID SALE","N"
"F22 01408 0034",11827,07-SEP-11,000150000.00,"HICKLE CARL E","HICKLE DANNY R AND","3080 FARMERSVILLE WEST ALEXANDRIA RD","HICKLE DANNY R AND","MARY E","3080 FARMERSVILLE-WEST ALEX PIKE","","FARMERSVILLE OH 45325","A",0007.00000,0000009370,0000029240,0000038610,0000026760,0000083530,0000110290,"LAND AND BUILDING","VALID SALE","N"
"F22 01501 0012",1579,07-FEB-11,000000000.00,"STOUTENBOROUGH DAVID D AND","STOUTENBOROUGH DAVID D AND","10815 FARMERSVILLE WEST CARROLLTON RD","STOUTENBOROUGH DAVID D ET AL 3","","10815 FARM W CARROLL RD","","GERMANTOWN OH 45327","A",0059.00000,0000029530,0000032730,0000062260,0000084360,0000093500,0000177860,"LAND AND BUILDING","RELATED INDIVIDUALS OR CORPORATIONS","N"
"F22 01501 0012",12705,26-SEP-11,000000000.00,"STOUTENBOROUGH DAVID D AND","STOUTENBOROUGH DAVID D ET AL 3","10815 FARMERSVILLE WEST CARROLLTON RD","STOUTENBOROUGH DAVID D ET AL 3","","10815 FARM W CARROLL RD","","GERMANTOWN OH 45327","A",0059.00000,0000029530,0000032730,0000062260,0000084360,0000093500,0000177860,"LAND AND BUILDING","NOT VALIDATED","N"
"F22 01502 0006",4398,07-APR-11,000000000.00,"COFFMAN DWIGHT RICHARD AND","COFFMAN DWIGHT R AND","4444 S CLAYTON RD","COFFMAN DWIGHT RICHARD AND","MARSHA L","12201 FARMERSVILLE-WCARROLLTON RD","","FARMERSVILLE OH 45325","A",0009.87400,0000008670,0000027360,0000036030,0000024780,0000078170,0000102950,"LAND AND BUILDING","RELATED INDIVIDUALS OR CORPORATIONS","N"
"F22 01502 0008",6298,18-MAY-11,000000000.00,"KESLING JOYCE TR AND","KESLING JOYCE TR AND","HEMPLE RD","KESLING JOYCE TR AND","KEY BANK NA TR","PO BOX 1809","","DAYTON OH 45401","A",0015.67800,0000007480,0000000000,0000007480,0000021370,0000000000,0000021370,"LAND ONLY","NOT VALIDATED","N"
"F22 01502 0010",3223,16-MAR-11,000000000.00,"HEWITT TIMOTHY ALAN","HEWITT FARMS LLC","11101 FARMERSVILLE WEST CARROLLTON RD","HEWITT FARMS LLC","","11101 FARMERSVILLE-W CARROLLTON RD","","FARMERSVILLE OH 45325","A",0122.26700,0000052630,0000034580,0000087210,0000150360,0000098790,0000249150,"LAND AND BUILDING","NOT VALIDATED","N"
"F22 01502 0013",4398,07-APR-11,000000000.00,"COFFMAN DWIGHT R JR AND","COFFMAN DWIGHT R AND","CLAYTON RD","DWIGHT COFFMAN AND","MARSHA COFFMAN","12201 FARMERSVILLE-WEST CARROLLTON RD","","FARMERSVILLE OH 45342","A",0029.44300,0000014840,0000000000,0000014840,0000042400,0000000000,0000042400,"LAND AND BUILDING","RELATED INDIVIDUALS OR CORPORATIONS","N"
"F22 01502 0038",6297,18-MAY-11,000062400.00,"KESLING JOYCE TR AND","LEIS RANDALL A","VENUS RD","LEIS RANDALL A","","4330 VENUS RD","","FARMERSVILLE OH 45325","A",0013.05100,0000005930,0000000000,0000005930,0000016930,0000000000,0000016930,"LAND AND BUILDING","NOT VALIDATED","N"
"F22 01503 0010",16339,13-DEC-11,000000000.00,"COFFMAN DWIGHT R JR ETAL 4","COFFMAN DWIGHT R TR","12201 FARMERSVILLE WEST CARROLLTON RD","COFFMAN DWIGHT R TR","","12201 FARMERSVILLE W CARRO","","FARMERSVILLE OH 45325","A",0081.29000,0000026810,0000000000,0000026810,0000076600,0000000000,0000076600,"LAND AND BUILDING","NOT VALIDATED","N"
"F22 01503 0017",4398,07-APR-11,000000000.00,"COFFMAN DWIGHT R JR AND","COFFMAN DWIGHT R AND","12201 FARMERSVILLE WEST CARROLLTON RD","COFFMAN DWIGHT R AND","MARSHA L TRUSTEES","12201 FARMERSVILLE W CARROLLTON RD","","FARMERSVILLE OH 45325","A",0098.70100,0000041490,0000057540,0000099030,0000118530,0000164390,0000282920,"LAND AND BUILDING","RELATED INDIVIDUALS OR CORPORATIONS","N"
"F22 01505 0007",12145,14-SEP-11,000000000.00,"FRIZZELL EVERETT AND","FRIZZELL EVERETT AND","14018 FARMERSVILLE GRATIS RD","EVERETT FRIZZELL","","14018 FARMERSVILLE GRATIS","","FARMERSVILLE OH 45325 9254","A",0039.06000,0000020850,0000035640,0000056490,0000059560,0000101820,0000161380,"LAND AND BUILDING","RELATED INDIVIDUALS OR CORPORATIONS","N"
"F22 01508 0006",5152,25-APR-11,000000000.00,"FLORY FREDERICK E","FLORY FREDERICK E","ANTHONY RD","FLORY FREDERICK E","","1386 DAYTON PIKE","","GERMANTOWN OH 45327","A",0127.52440,0000069530,0000000000,0000069530,0000198650,0000000000,0000198650,"LAND AND BUILDING","NOT VALIDATED","N"
"F22 01508 0006",895,21-JAN-11,000000000.00,"FLORY FREDERICK E AND","FLORY FREDERICK E","ANTHONY RD","FLORY FREDERICK E","","1386 DAYTON PIKE","","GERMANTOWN OH 45327","A",0127.52440,0000069530,0000000000,0000069530,0000198650,0000000000,0000198650,"LAND AND BUILDING","RELATED INDIVIDUALS OR CORPORATIONS","N"
"F22 01509 0001",6935,31-MAY-11,000000000.00,"NORROD DAVID ALLEN","NORROD DAVID ALLEN AND","13729 13749 WALDEN RD","NORROD DAVID ALLEN AND","RAE M","13749 WALDEN RD","","FARMERSVILLE OH 45325","A",0095.49800,0000037440,0000048320,0000085760,0000106980,0000138050,0000245030,"LAND AND BUILDING","SALE INVOLVING MULTIPLE PARCELS","N"
"F22 01509 0002",6935,31-MAY-11,000000000.00,"NORROD DAVID ALLEN","NORROD DAVID ALLEN AND","13729 WALDEN RD","NORROD DAVID ALLEN","","6933 MANNING RD","","MIAMISBURG OH 45342","A",0059.26000,0000000000,0000000000,0000000000,0000000000,0000000000,0000000000,"LAND AND BUILDING","SALE INVOLVING MULTIPLE PARCELS","N"
"F22 01509 0003",12928,28-SEP-11,000000000.00,"LIBECAP JOHN A AND","LIBECAP VIRGINIA L","FARMERSVILLE JOHNSVILLE RD","LIBECAP VIRGINIA L","","5271 FARMERSVILLE RD","","FARMERSVILLE OH 45325","A",0001.13000,0000000950,0000000000,0000000950,0000002710,0000000000,0000002710,"LAND AND BUILDING","NOT VALIDATED","N"
"F22 01509 0004",12928,28-SEP-11,000000000.00,"LIBECAP JOHN A AND","LIBECAP VIRGINIA L","5125 FARMERSVILLE JOHNSVILLE RD","LIBECAP VIRGINIA L","","5271 FARMERSVILLE RD","","FARMERSVILLE OH 45325","A",0105.36000,0000053080,0000031270,0000084350,0000151670,0000089350,0000241020,"LAND AND BUILDING","NOT VALIDATED","N"
"F22 01509 0005",12928,28-SEP-11,000000000.00,"LIBECAP JOHN A AND","LIBECAP VIRGINIA L","5271 FARMERSVILLE JOHNSVILLE RD","LIBECAP VIRGINIA L","","5271 FARMERSVILLE RD","","FARMERSVILLE OH 45325","A",0048.74600,0000028870,0000027580,0000056450,0000082490,0000078790,0000161280,"LAND AND BUILDING","NOT VALIDATED","N"
"F22 01509 0009",5152,25-APR-11,000000000.00,"FLORY FREDERICK E AND","FLORY FREDERICK E","MANNING RD","FLORY FREDERICK E","","1386 DAYTON PIKE","","GERMANTOWN OH 45327","A",0099.67150,0000053250,0000000000,0000053250,0000152150,0000000000,0000152150,"LAND AND BUILDING","NOT VALIDATED","N"
"F22 01511 0006",4398,07-APR-11,000000000.00,"COFFMAN DWIGHT R AND","COFFMAN DWIGHT R AND","FARMERSVILLE WEST CARROLLTON RD","COFFMAN DWIGHT R AND","MARSHA L TRUSTEES","12201 FARMERSVILLE W CARROLLTON RD","","FARMERSVILLE OH 45325","A",0019.43700,0000005340,0000000000,0000005340,0000015250,0000000000,0000015250,"LAND AND BUILDING","RELATED INDIVIDUALS OR CORPORATIONS","N"
"F22 01511 0007",4398,07-APR-11,000000000.00,"COFFMAN DWIGHT R JR AND","COFFMAN DWIGHT R AND","VENUS RD","COFFMAN DWIGHT R AND","MARSHA L TRUSTEES","12201 FARMERSVILLE W CARROLLTON RD","","FARMERSVILLE OH 45325","A",0040.08500,0000011920,0000000000,0000011920,0000034070,0000000000,0000034070,"LAND AND BUILDING","RELATED INDIVIDUALS OR CORPORATIONS","N"
"F22 01511 0008",550,12-JAN-11,000330000.00,"CRIST KAREN SEARS AND","FLORY WARREN E AND","5415 VENUS RD","FLORY WARREN E AND","FREDERICK E","12498 MANNING RD","","GERMANTOWN OH 45327","A",0068.38700,0000028350,0000035440,0000063790,0000080990,0000101270,0000182260,"LAND AND BUILDING","NOT VALIDATED","N"
"F22 01511 0055",548,12-JAN-11,000125000.00,"CRIST KAREN SEARS AND","MCGEORGE DERL R AND","S CLAYTON RD","MCGEORGE DERL R AND","DOROTHY A","3998 SWARTZEL RD","","FARMERSVILLE OH 45325","A",0027.45700,0000006990,0000000000,0000006990,0000019980,0000000000,0000019980,"LAND AND BUILDING","VALID SALE","N"
"F22 01512 0017",2260,23-FEB-11,000475000.00,"CRIST KAREN SEARS AND","SEARS TREVIN E AND","5852 VENUS RD","SEARS TREVIN E AND","MELISSA A","410 W CENTER ST","","FARMERSVILLE OH 45325","A",0101.92700,0000051510,0000034470,0000085980,0000147160,0000098490,0000245650,"LAND AND BUILDING","VALID SALE","N"
"F25 01303 0014",3178,15-MAR-11,000000000.00,"KEENER RONALD D AND","KEENER RONALD D ET AL 3","798 FARMERSVILLE JOHNSVILLE RD","KEENER RONALD D ET AL 3","","125 W MAIN ST","","NEW LEBANON OH 45345","A",0154.29600,0000077550,0000030620,0000108170,0000221570,0000087480,0000309050,"LAND AND BUILDING","RELATED INDIVIDUALS OR CORPORATIONS","N"
"F25 01311 0008",10943,17-AUG-11,000000000.00,"HUFFMAN DWIGHT G TR","HUFFMAN SHAWN W TR","1110 S CLAYTON RD","HUFFMAN SHAWN W TR","","3040 W BEAVER AVE","","DAYTON OH 45429","A",0050.72000,0000031030,0000015300,0000046330,0000088660,0000043700,0000132360,"LAND AND BUILDING","SALE INVOLVING MULTIPLE PARCELS","N"
"F25 01311 0009",11106,22-AUG-11,000134900.00,"APPLE DAVID J","10990 MILE RD LLC","10990 MILE RD","10990 MILE RD LLC","","2460 FULS RD","","FARMERSVILLE OH 45325 2407","A",0026.11000,0000040610,0000026490,0000067100,0000116040,0000075680,0000191720,"LAND AND BUILDING","VALID SALE","N"
"F25 01312 0035",9662,25-JUL-11,000000000.00,"FISHER WILLIAM F AND","FISHER SAR L","1301 S DIAMOND MILL RD","FISHER SARA L","","1301 S DIAMOND MILL RD","","NEW LEBANON OH 45345","A",0002.00000,0000008160,0000017720,0000025880,0000023320,0000050620,0000073940,"LAND AND BUILDING","NOT VALIDATED","N"
"F25 01312 0081",5553,03-MAY-11,000000000.00,"MARLOW ROBERT L AND","MARLOW ROBERT L AND","10891 HAVERMALE RD","ROBERT L MARLOW","","10891 HAVERMALE RD","","FARMERSVILLE OH 45325 9228","A",0035.82600,0000025240,0000018590,0000043830,0000072110,0000053110,0000125220,"LAND AND BUILDING","RELATED INDIVIDUALS OR CORPORATIONS","N"
"G27 01605 0018",3723,25-MAR-11,000000000.00,"MAYO HUBERT A AND","MAY HUBERT A ET AL 3","8501 MILE RD","MAY HUBERT A ET AL 3","","8501 MILE RD","","NEW LEBANON OH 45345","A",0060.97000,0000029060,0000024770,0000053830,0000083030,0000070760,0000153790,"LAND AND BUILDING","RELATED INDIVIDUALS OR CORPORATIONS","N"
"G27 01705 0016",11828,07-SEP-11,000032600.00,"DORTCH DION AND","SEALY LARRY V","LIBERTY ELLERTON RD","SEALY LARRY V","","732 BROAD OAK DR","","DAYTON OH 45426 1146","A",0011.24300,0000011550,0000000000,0000011550,0000033000,0000000000,0000033000,"LAND AND BUILDING","VALID SALE","N"
"G27 01709 0002",3180,15-MAR-11,000000000.00,"IMBER BESS E","IMBER MICHAEL","3258 LUTHERAN CHURCH RD","IMBER MICHAEL","","3258 S LUTHERINE CHURCH RD","","FARMERSVILLE OH 45325","A",0012.83100,0000006320,0000000000,0000006320,0000018070,0000000000,0000018070,"LAND AND BUILDING","RELATED INDIVIDUALS OR CORPORATIONS","N"
"G27 01709 0023",11803,06-SEP-11,000000000.00,"PENCE JOYCE A","PENCE BRIAN L AND","8593 HEMPLE RD","PENCE BRIAN L AND","JOYCE A","8493 STACEY RD","","DAYTON OH 45418","A",0009.07900,0000010700,0000054880,0000065580,0000030560,0000156790,0000187350,"LAND AND BUILDING","NOT VALIDATED","N"
"G27 01709 0023",6302,18-MAY-11,000000000.00,"PENCE JOYCE A","PENCE JOYCE A","8593 HEMPLE RD","PENCE BRIAN L AND","JOYCE A","8493 STACEY RD","","DAYTON OH 45418","A",0009.07900,0000010700,0000054880,0000065580,0000030560,0000156790,0000187350,"LAND AND BUILDING","RELATED INDIVIDUALS OR CORPORATIONS","N"
"G27 01709 0023",11804,06-SEP-11,000000000.00,"PENCE BRIAN L AND","PENCE BRIAN L AND","8593 HEMPLE RD","PENCE BRIAN L AND","JOYCE A","8493 STACEY RD","","DAYTON OH 45418","A",0009.07900,0000010700,0000054880,0000065580,0000030560,0000156790,0000187350,"LAND AND BUILDING","NOT VALIDATED","N"
"G27 01709 0043",6301,18-MAY-11,000000000.00,"PENCE JOYCE A","WARNER RUTH E","8593 HEMPLE RD","DANNER GLENN C AND","KAREN S","8593 HEMPLE RD","","DAYTON OH 45418","A",0001.14600,0000006010,0000037990,0000044000,0000017170,0000108540,0000125710,"LAND AND BUILDING","NOT VALIDATED","N"
"G27 01709 0043",9252,15-JUL-11,000138000.00,"WARNER RUTH E","DANNER GLENN C AND","8593 HEMPLE RD","DANNER GLENN C AND","KAREN S","8593 HEMPLE RD","","DAYTON OH 45418","A",0001.14600,0000006010,0000037990,0000044000,0000017170,0000108540,0000125710,"LAND AND BUILDING","VALID SALE","N"
"G27 01807 0012",11221,24-AUG-11,000000000.00,"MCKEE JAMES O","MCKEE JAMES O","4444 GERMANTOWN LIBERTY RD","MCKEE JAMES O","DEBORAH G","4444 GERMANTOWN LIBERTY RD","","GERMANTOWN OH 45327","A",0028.87900,0000017220,0000023290,0000040510,0000049190,0000066530,0000115720,"LAND AND BUILDING","NOT VALIDATED","N"
"G27 01810 0022",7616,13-JUN-11,000000000.00,"DEATON ALLIE + PATRICIA G","DEATON ALLIE AND","MANNING RD","DEATON ALLIE AND","PATRICIA G","1826 ASHLEY DR","","MIAMISBURG OH 45342","A",0031.00700,0000041680,0000002800,0000044480,0000119080,0000008010,0000127090,"LAND AND BUILDING","RELATED INDIVIDUALS OR CORPORATIONS","N"
"G27 01811 0040",8518,30-JUN-11,000000000.00,"WILLIAMS LUCY","WILLIAMS ESTHER LYNETTE","7691 GERMANTOWN PIKE","WILLIAMS ESTHER LYNETTE","","1434 LONGACRE DR","","CINCINNATI OH 45240","A",0010.86000,0000010560,0000037100,0000047660,0000030170,0000106010,0000136180,"LAND AND BUILDING","RELATED INDIVIDUALS OR CORPORATIONS","N"
"H33 00417 0049",3175,15-MAR-11,000025000.00,"WEPRIN TODD BEERMAN","GOUGH CHRIS","2375 OLIVE RD","GOUGH CHRIS","","402 DAVIS AVE","","DAYTON OH 45403","A",0031.93800,0000008680,0000000000,0000008680,0000024800,0000000000,0000024800,"LAND ONLY","SALE INVOLVING MULTIPLE PARCELS","N"
"H33 00724 0002",7907,17-JUN-11,000000000.00,"WESTBROOK LAND","PIZZUTI LAND LLC","WESTBROOK RD","PIZZUTI LAND LLC","","2 MIRANOVA PL","","COLUMBUS OH 43215","A",0049.17800,0000067560,0000000670,0000068230,0000193040,0000001900,0000194940,"LAND AND BUILDING","NOT VALIDATED","N"
"H33 02101 0094",7353,07-JUN-11,000000000.00,"REGIONAL ACQUISITIONS LLC","REGIONAL ACQUISITIONS LLC","WESTBROOK RD","REGIONAL ACQUISITIONS LLC","","1175 PEACHTREE ST STE 1230","","ATLANTA GA 30361","A",0015.40400,0000021390,0000000000,0000021390,0000061100,0000000000,0000061100,"LAND ONLY","NOT VALIDATED","N"
"H33 02202 0003",9816,26-JUL-11,000000000.00,"MAPLELEAF ESTATES INC","SAMARITAN HEALTH FOUNDATION","DENLINGER RD","SAMARITAN HEALTH FOUNDATION","","2222 PHILADELPHIA DR BLDGSTE500","","DAYTON OH 45406","A",0022.84900,0000030800,0000000000,0000030800,0000088000,0000000000,0000088000,"LAND ONLY","NOT VALIDATED","N"
"H33 02307 0021",9576,22-JUL-11,000000000.00,"KEENER DAVID L","KEENER DAVID L TR","555 N LUTHERAN CHURCH RD","KEENER DAVID L TR","","555 N LUTHERAN CHURCH RD","","DAYTON OH 45427","A",0160.00000,0000068100,0000027340,0000095440,0000194570,0000078100,0000272670,"LAND AND BUILDING","NOT VALIDATED","N"
"H33 02310 0016",12661,23-SEP-11,000000000.00,"NORTON JAMES AND","NORTON BETTY R","530 N UNION RD","NORTON BETTY R","","530 N UNION RD","","DAYTON OH 45417","A",0020.73100,0000017450,0000000000,0000017450,0000049870,0000000000,0000049870,"LAND AND BUILDING","RELATED INDIVIDUALS OR CORPORATIONS","N"
"H33 02310 0034",13074,30-SEP-11,000000000.00,"WAGNER KAREN E AND","HERBERT E NYE LLC","6583 W 3RD ST","HERBERT E NYE LLC","","715 JODY LN","","HOFFMAN ESTATES IL 60169 9292","A",0018.79000,0000010580,0000014250,0000024830,0000030240,0000040710,0000070950,"LAND AND BUILDING","SALE INVOLVING MULTIPLE PARCELS","N"
"H33 02310 0034",1935,14-FEB-11,000000000.00,"NYE HERBERT E ESTATE","WAGNER KAREN E AND","6583 W 3RD ST","HERBERT E NYE LLC","","715 JODY LN","","HOFFMAN ESTATES IL 60169 9292","A",0018.79000,0000010580,0000014250,0000024830,0000030240,0000040710,0000070950,"LAND AND BUILDING","RELATED INDIVIDUALS OR CORPORATIONS","N"
"H33 02310 0079",13074,30-SEP-11,000000000.00,"WAGNER KAREN E AND","HERBERT E NYE LLC","6538 W 3RD ST","HERBERT E NYE LLC","","715 JODY LN","","HOFFMAN ESTATES IL 60169 9292","A",0000.38700,0000000140,0000000000,0000000140,0000000410,0000000000,0000000410,"LAND AND BUILDING","SALE INVOLVING MULTIPLE PARCELS","N"
"H33202105 0001",3432,21-MAR-11,000000000.00,"KONDAS THOMAS TR","KONDAS CHRISTOPHER P DR","7938 WESTBROOK RD","KONDAS CHRISTOPHER P DR","","8810 WATERGFATE DR","","DAYTON OH 45424","A",0026.90000,0000031140,0000021590,0000052730,0000088960,0000061680,0000150640,"LAND AND BUILDING","NOT VALIDATED","N"
"I39 00520 0002",577,12-JAN-11,000000000.00,"SEFTON NORMA JEAN","SEFTON NORMA JEAN AND","2801 BRANDT PIKE","SEFTON NORMA JEAN AND","TOM L SEFTON","2525 BRANDT PIKE","","DAYTON OH 45404","A",0027.40600,0000022580,0000021990,0000044570,0000064500,0000062820,0000127320,"LAND AND BUILDING","RELATED INDIVIDUALS OR CORPORATIONS","N"
"J44104110 0023",15660,30-NOV-11,000032000.00,"SUGARCREEK DEVELOPERS LLC","EQUITY TRUST CO C/F","VANCE RD","EQUITY TRUST CO C/F","ARTHUR D PARADISE","6077 FAR HILLS AVE #116","","DAYTON OH 45458","A",0021.09400,0000022000,0000000000,0000022000,0000062860,0000000000,0000062860,"LAND AND BUILDING","LIQUIDATION/FORECLOSURE","N"
"J44204113 0007",2007,16-FEB-11,000273000.00,"ALDREDGE MAXINE H ETAL 3","LAZY H FARM LLC","3000 SOLDIERS HOME WEST CARROLLTON RD","LAZY H FARM LLC ET AL 3","","5533 SCARLET MAPLE CT","","MILFORD OH 45150","A",0050.16000,0000027390,0000020890,0000048280,0000078270,0000059690,0000137960,"LAND AND BUILDING","VALID SALE","N"
"J44204113 0056",1933,14-FEB-11,000000000.00,"ANTONIO LEVESQUE & SONS ,INC","FRASER PAPERS LIMITED","SOLDIERS HOME WEST CARROLLTON RD","FRASER PAPERS LIMITED","","82 BRIDGE ST","","MADAWASKA ME 04756","A",0013.90400,0000021300,0000000000,0000021300,0000060850,0000000000,0000060850,"LAND AND BUILDING","RELATED INDIVIDUALS OR CORPORATIONS","N"
"J44204114 0077",7430,08-JUN-11,000130000.00,"MIKE POWERS INVESTMENTS LLC","PINNACLE FARMS LLC","INFIRMARY RD","PINNACLE FARMS LLC","","498 OLDE MILL DR","","WESTERVILLE OH 43082","A",0042.89400,0000058680,0000000000,0000058680,0000167660,0000000000,0000167660,"LAND AND BUILDING","VALID SALE","N"
"J44204201 0045",5193,26-APR-11,000000000.00,"THOMPSON FARRIS AND","THOMPSON HANNAH","6200 HEMPLE RD","THOMPSON HANNAH","","6200 HEMPLE RD","","DAYTON OH 45418","A",0099.90600,0000041250,0000031910,0000073160,0000117870,0000091160,0000209030,"LAND AND BUILDING","RELATED INDIVIDUALS OR CORPORATIONS","N"
"J44228228 0001",103,05-JAN-11,001034250.00,"HILL BYRL F AND","BEARCREEK CENTER LLC","FARMERSVILLE WEST CARROLLTON RD","BEARCREEK CENTER LLC","","1550 SOLDIERS HOME-W CARROLLTON RD","","DAYTON OH 45418","A",0070.22110,0000026170,0000000000,0000026170,0000074770,0000000000,0000074770,"LAND AND BUILDING","SALE INVOLVING MULTIPLE PARCELS","N"
"J44228228 0003",103,05-JAN-11,001034250.00,"HILL BYRL F AND","BEARCREEK CENTER LLC","FARMERSVILLE WEST CARROLLTON RD","BEARCREEK CENTER LLC","","1550 SOLDIERS HOME-W CARROLLTON RD","","DAYTON OH 45418","A",0127.52340,0000048590,0000000000,0000048590,0000138840,0000000000,0000138840,"LAND AND BUILDING","SALE INVOLVING MULTIPLE PARCELS","N"
"K45 02502 0093",8490,30-JUN-11,000600000.00,"MILLER R MITCHELL AND","YOUNG RICHARD S","7757 UPPER MIAMISBURG RD","YOUNG RICHARD S","","7757 UPPER MIAMISBURG RD","","MIAMISBURG OH 45342","A",0026.00000,0000021700,0000137120,0000158820,0000061990,0000391760,0000453750,"LAND AND BUILDING","VALID SALE","N"
"K45 02503 0015",1244,31-JAN-11,000240000.00,"SAUCEDO TAMMY S AND","FRAZIER JASON","7650 JAMAICA RD","FRAZIER JASON","","7650 JAMAICA RD","","MIAMISBURG OH 45342","A",0011.10800,0000025340,0000058660,0000084000,0000072400,0000167600,0000240000,"LAND AND BUILDING","VALID SALE","N"
"K45 02511 0001",13876,19-OCT-11,000324480.00,"KESLING JOYCE TR AND","GREEN OAK LAND LLC","6000 SOLDIERS HOME MIAMISBURG RD","GREEN OAK LAND LLC","","2807 FARMERSVILLE-JOHNSVILLE RD","","FARMERSVILLE OH 45325","A",0062.40000,0000019860,0000000000,0000019860,0000056740,0000000000,0000056740,"LAND AND BUILDING","NOT VALIDATED","N"
"K45 02606 0010",12049,12-SEP-11,000000000.00,"ENCRETE INVESTMENTS CO INC","ENCRETE INVESTMENTS CO INC","9273 BYERS RD","ENCRETE INVESTMENTS CO INC","ETAL 5","3085 WOODMAN DR 100","","DAYTON OH 45420","A",0037.72200,0000023870,0000020300,0000044170,0000068200,0000058000,0000126200,"LAND AND BUILDING","NOT VALIDATED","N"
"K45 02606 0010",13190,04-OCT-11,000000000.00,"ENCRETE INVESTMENTS CO INC","ENCRETE INVESTMENTS CO INC","9273 BYERS RD","ENCRETE INVESTMENTS CO INC","ETAL 5","3085 WOODMAN DR 100","","DAYTON OH 45420","A",0037.72200,0000023870,0000020300,0000044170,0000068200,0000058000,0000126200,"LAND AND BUILDING","RELATED INDIVIDUALS OR CORPORATIONS","N"
"K45 02606 0012",13190,04-OCT-11,000000000.00,"ENCRETE INVESTMENT CO INC","ENCRETE INVESTMENTS CO INC","BYERS RD","ENCRETE INVESTMENTS CO INC","ETAL 5","3085 WOODMAN DR 100","","DAYTON OH 45420","A",0000.92090,0000003710,0000000000,0000003710,0000010590,0000000000,0000010590,"LAND AND BUILDING","RELATED INDIVIDUALS OR CORPORATIONS","N"
"K45 02606 0012",12049,12-SEP-11,000000000.00,"G & R INVESTMENT LLC","ENCRETE INVESTMENT CO INC","BYERS RD","ENCRETE INVESTMENTS CO INC","ETAL 5","3085 WOODMAN DR 100","","DAYTON OH 45420","A",0000.92090,0000003710,0000000000,0000003710,0000010590,0000000000,0000010590,"LAND AND BUILDING","NOT VALIDATED","N"
"K45 02608 0010",14538,02-NOV-11,000000000.00,"VAUGHN EUGENE AND","VAUGHN LOVENA","8924 MOUND RD","GATES INVESTMENTS LLC","","10800 GREEN APPLE RD","","MIAMISBURG OH 45342","A",0025.00000,0000003480,0000000000,0000003480,0000009930,0000000000,0000009930,"LAND AND BUILDING","NOT VALIDATED","N"
"K45 02608 0010",14539,02-NOV-11,000230000.00,"VAUGHN LOVENA","GATES INVESTMENTS LLC","8924 MOUND RD","GATES INVESTMENTS LLC","","10800 GREEN APPLE RD","","MIAMISBURG OH 45342","A",0025.00000,0000003480,0000000000,0000003480,0000009930,0000000000,0000009930,"LAND AND BUILDING","NOT VALIDATED","N"
"K45 02612 0022",8007,20-JUN-11,000000000.00,"ANDERSON DAVID M AND","ANDERSON DAVID M AND","5567 SHEPHARD RD","ANDERSON DAVID M AND","STACI D TRUSTEES","5567 SHEPHARD RD","","MIAMISBURG OH 45342 1462","A",0008.09300,0000002380,0000072730,0000075110,0000006810,0000207800,0000214610,"LAND AND BUILDING","RELATED INDIVIDUALS OR CORPORATIONS","N"
"K45 02612 0078",6632,24-MAY-11,000269900.00,"BAKER CHARLES W","RIDENBAUGH ROCKY E AND","5580 SHEPHARD RD","RIDENBAUGH ROCKY E AND","DEBORAH K","5580 SHEPARD RD","","MIAMISBURG OH 45342","A",0011.95900,0000019460,0000053570,0000073030,0000055600,0000153050,0000208650,"LAND AND BUILDING","OUTLIER","N"
"K46 00704 0021",8053,21-JUN-11,000017500.00,"CORNETT HERBERT H","NO BOUNDS LLC","6163 SOLDIERS HOME MIAMISBURG RD","NO BOUNDS LLC","","602 UPPER MIAMISBURG RD","","MIAMISBURG OH 45342","A",0010.43100,0000014600,0000000000,0000014600,0000041720,0000000000,0000041720,"LAND AND BUILDING","NOT VALIDATED","N"
"K46 00704 0022",8053,21-JUN-11,000017500.00,"CORNETT HERBERT H","NO BOUNDS LLC","UPPER RIVER RD","NO BOUNDS LLC","","602 UPPER MIAMISBURG RD","","MIAMISBURG OH 45342","A",0016.20000,0000022680,0000000000,0000022680,0000064800,0000000000,0000064800,"LAND AND BUILDING","NOT VALIDATED","N"
"K46 00704 0023",8053,21-JUN-11,000017500.00,"CORNETT HERBERT H","NO BOUNDS LLC","6035 UPPER RIVER RD","CORNETT TRUCKING CO","","731 TRINA AVE","","DAYTON OH 45449","A",0009.65000,0000021600,0000017660,0000039260,0000061720,0000050460,0000112180,"LAND AND BUILDING","NOT VALIDATED","N"
"K46 01622 0005",11888,07-SEP-11,000000000.00,"DAYTON-MONTGOMERY COUNTY PORT AUTHORITY","MIAMISBURG CITY OF","BYERS RD","MIAMISBURG CITY OF","","10 N FIRST ST","","MIAMISBURG OH 45342","A",0031.38720,0000093280,0000000000,0000093280,0000266520,0000000000,0000266520,"LAND AND BUILDING","NOT VALIDATED","N"
"K46 01622 0032",3614,23-MAR-11,000000000.00,"BOARD OF COUNTY COMMISSIONERS","MONTGOMERY COUNTY TRANSPORTATION","BYERS RD","BOARD OF COUNTY COMMISSIONERS","OF MONTGOMERY COUNTY","451 W THIRD ST","","DAYTON OH 45422","A",0012.65800,0000017720,0000000000,0000017720,0000050630,0000000000,0000050630,"LAND ONLY","NOT VALIDATED","N"
"K48100106 0063",10208,03-AUG-11,000000000.00,"HEAVIN JOSEPH T AND","HEAVIN JANE D","FARMERSVILLE WEST CARROLLTON RD","HEAVIN JANE D","","7020 JOHNSFIELD CT","","DAYTON OH 45459","A",0009.11000,0000001660,0000000000,0000001660,0000004740,0000000000,0000004740,"LAND AND BUILDING","RELATED INDIVIDUALS OR CORPORATIONS","N"
"K48100921 0002",10208,03-AUG-11,000000000.00,"HEAVIN JOSEPH T AND","HEAVIN JANE D","5058 FARMERSVILLE WEST CARROLLTON RD","HEAVIN JANE D","","7020 JOHNSFIELD CT","","DAYTON OH 45459","A",0012.00000,0000009610,0000016660,0000026270,0000027460,0000047590,0000075050,"LAND AND BUILDING","RELATED INDIVIDUALS OR CORPORATIONS","N"
"K48100926 0001",10208,03-AUG-11,000000000.00,"HEAVIN JOSEPH T AND","HEAVIN JANE D","5174 FARMERSVILLE WEST CARROLLTON RD","HEAVIN JANE D","","7020 JOHNSFIELD CT","","DAYTON OH 45459","A",0033.33900,0000012760,0000019630,0000032390,0000036450,0000056090,0000092540,"LAND AND BUILDING","RELATED INDIVIDUALS OR CORPORATIONS","N"
"K48100926 0004",3220,16-MAR-11,000000000.00,"EBY JAMES A","DICKINSON SAMUEL J","FARMERSVILLE WEST CARROLLTON RD","HEWITT FARMS LLC","","11101 FARMERSVILLE-W CARROLLTON RD","","FARMERSVILLE OH 45325","A",0082.51100,0000026730,0000000000,0000026730,0000076370,0000000000,0000076370,"LAND ONLY","NOT VALIDATED","N"
"K48100926 0004",3222,16-MAR-11,000260000.00,"DICKINSON SAMUEL J","HEWITT FARMS LLC","FARMERSVILLE WEST CARROLLTON RD","HEWITT FARMS LLC","","11101 FARMERSVILLE-W CARROLLTON RD","","FARMERSVILLE OH 45325","A",0082.51100,0000026730,0000000000,0000026730,0000076370,0000000000,0000076370,"LAND AND BUILDING","VALID SALE","N"
"K50 02507 0033",7527,09-JUN-11,000708311.00,"REYES CAYETANO B","AURORA LOAN SERVICES LLC","7491 FARMINGTON RD","AURORA LOAN SERVICES LLC","","2617 COLLEGE PARK DR","","SCOTTSBLUFF NE 69361","A",0007.72500,0000016700,0000134950,0000151650,0000047710,0000385580,0000433290,"LAND AND BUILDING","LIQUIDATION/FORECLOSURE","N"
"K50 02510 0027",13275,05-OCT-11,000417920.00,"MUSIC LIMITED PARTNERSHIP","RED STONE GROUP INC","S UNION RD","RED STONE GROUP INC","","560 FAIRVIEW DR A","","FRANKLIN OH 45005 6441","A",0000.14800,0000000000,0000000000,0000000000,0000000000,0000000000,0000000000,"LAND AND BUILDING","SALE INVOLVING MULTIPLE PARCELS","N"
"K51 00107 0004",13275,05-OCT-11,000417920.00,"MUSIC LIMITED PARTNERSHIP","RED STONE GROUP INC","S UNION RD","RED STONE GROUP INC","","560 FAIRVIEW DR A","","FRANKLIN OH 45005 6441","A",0052.09200,0000025780,0000000000,0000025780,0000073670,0000000000,0000073670,"LAND AND BUILDING","SALE INVOLVING MULTIPLE PARCELS","N"
"L52 00109 0010",110,05-JAN-11,000300000.00,"HLIARAS SHIRLEY C TR","BALSBAUGH MATTHEW D AND","831 W MAIN ST","BALSBAUGH MATTHEW D AND","LORI M","11984 OLD DAYTON RD","","BROOKVILLE OH 45309","A",0059.02400,0000035630,0000004450,0000040080,0000101800,0000012700,0000114500,"LAND AND BUILDING","NOT VALIDATED","N"
"L52 00109 0010",16685,21-DEC-11,000000000.00,"BALSBAUGH MATTHEW D AND","BALSBAUGH MATTHEW D AND","831 W MAIN ST","BALSBAUGH MATTHEW D AND","LORI M","11984 OLD DAYTON RD","","BROOKVILLE OH 45309","A",0059.02400,0000035630,0000004450,0000040080,0000101800,0000012700,0000114500,"LAND AND BUILDING","NOT VALIDATED","N"
"L53 02808 0013",8310,24-JUN-11,000000000.00,"WYSONG IMOLOU R","WYSONG IMOLOU R TRUSTEE","LITTLE RICHMOND RD","WYSONG IMOLOU R","","14778 LITTLE RICHMOND RD","","NEW LEBANON OH 45345","A",0065.06800,0000030160,0000000000,0000030160,0000086160,0000000000,0000086160,"LAND AND BUILDING","RELATED INDIVIDUALS OR CORPORATIONS","N"
"L53 02808 0013",6107,13-MAY-11,000000000.00,"WYSONG IMOLOU R TRUSTEE","WYSONG IMOLOU R","LITTLE RICHMOND RD","WYSONG IMOLOU R","","14778 LITTLE RICHMOND RD","","NEW LEBANON OH 45345","A",0065.06800,0000030160,0000000000,0000030160,0000086160,0000000000,0000086160,"LAND AND BUILDING","RELATED INDIVIDUALS OR CORPORATIONS","N"
"L53 02808 0013",12784,27-SEP-11,000000000.00,"WYSONG IMOLOU R TRUSTEE","WYSONG IMOLOU R","LITTLE RICHMOND RD","WYSONG IMOLOU R","","14778 LITTLE RICHMOND RD","","NEW LEBANON OH 45345","A",0065.06800,0000030160,0000000000,0000030160,0000086160,0000000000,0000086160,"LAND AND BUILDING","RELATED INDIVIDUALS OR CORPORATIONS","N"
"L53 02901 0009",15299,21-NOV-11,000000000.00,"DIEHL PAUL R AND","DIEHL BERTIE","1855 N DIAMOND MILL RD","DIEHL BERTIE","","1855 DIAMOND MILL RD","","BROOKVILLE OH 45309","A",0003.21300,0000009820,0000025880,0000035700,0000028050,0000073930,0000101980,"LAND AND BUILDING","RELATED INDIVIDUALS OR CORPORATIONS","N"
"L53 02901 0066",16619,19-DEC-11,000000000.00,"DIEHL SCOTT D","DIEHL SCOTT D AND","10222 LITTLE RICHMOND RD","DIEHL SCOTT D AND","LYNNETTE K","10222 LITTLE RICHMOND RD","","BROOKVILLE OH 45309","A",0003.06700,0000007890,0000036890,0000044780,0000022550,0000105410,0000127960,"LAND AND BUILDING","RELATED INDIVIDUALS OR CORPORATIONS","N"
"L53 02901 0077",1023,26-JAN-11,000000000.00,"STRAUSER WAYNE A AND","STRAUSER SHIRLEY M","LITTLE RICHMOND RD","STRAUSER MARK P TRUSTEE","","1272 TALON RIDGE DR","","DAYTON OH 45440","A",0001.89300,0000003460,0000000000,0000003460,0000009890,0000000000,0000009890,"LAND AND BUILDING","RELATED INDIVIDUALS OR CORPORATIONS","N"
"L53 02905 0003",12784,27-SEP-11,000000000.00,"WYSONG IMOLOU R TRUSTEE","WYSONG IMOLOU R","14778 LITTLE RICHMOND RD","WYSONG IMOLOU R","","14778 LITTLE RICHMOND RD","","NEW LEBANON OH 45345","A",0057.58000,0000032700,0000028460,0000061160,0000093420,0000081320,0000174740,"LAND AND BUILDING","RELATED INDIVIDUALS OR CORPORATIONS","N"
"L53 02905 0003",8310,24-JUN-11,000000000.00,"WYSONG IMOLOU R","WYSONG IMOLOU R TRUSTEE","14778 LITTLE RICHMOND RD","WYSONG IMOLOU R","","14778 LITTLE RICHMOND RD","","NEW LEBANON OH 45345","A",0057.58000,0000032700,0000028460,0000061160,0000093420,0000081320,0000174740,"LAND AND BUILDING","RELATED INDIVIDUALS OR CORPORATIONS","N"
"L53 02905 0003",6107,13-MAY-11,000000000.00,"WYSONG IMOLOU R TR","WYSONG IMOLOU R","14778 LITTLE RICHMOND RD","WYSONG IMOLOU R","","14778 LITTLE RICHMOND RD","","NEW LEBANON OH 45345","A",0057.58000,0000032700,0000028460,0000061160,0000093420,0000081320,0000174740,"LAND AND BUILDING","RELATED INDIVIDUALS OR CORPORATIONS","N"
"L53 02905 0006",12784,27-SEP-11,000000000.00,"WYSONG IMOLOU R TRUSTEE","WYSONG IMOLOU R","14434 LITTLE RICHMOND RD","WYSONG IMOLOU R TRUSTEE","","14778 LITTLE RICHMOND RD","","NEW LEBANON OH 45345","A",0009.95000,0000011940,0000000890,0000012830,0000034120,0000002540,0000036660,"LAND AND BUILDING","RELATED INDIVIDUALS OR CORPORATIONS","N"
"L53 02905 0006",6107,13-MAY-11,000000000.00,"WYSONG IMOLOU R TR","WYSONG IMOLOU R","14434 LITTLE RICHMOND RD","WYSONG IMOLOU R TRUSTEE","","14778 LITTLE RICHMOND RD","","NEW LEBANON OH 45345","A",0009.95000,0000011940,0000000890,0000012830,0000034120,0000002540,0000036660,"LAND AND BUILDING","RELATED INDIVIDUALS OR CORPORATIONS","N"
"L53 02905 0006",8310,24-JUN-11,000000000.00,"WYSONG IMOLOU R","WYSONG IMOLOU R TRUSTEE","14434 LITTLE RICHMOND RD","WYSONG IMOLOU R TRUSTEE","","14778 LITTLE RICHMOND RD","","NEW LEBANON OH 45345","A",0009.95000,0000011940,0000000890,0000012830,0000034120,0000002540,0000036660,"LAND AND BUILDING","RELATED INDIVIDUALS OR CORPORATIONS","N"
"L53 02905 0013",12718,26-SEP-11,000000000.00,"BEACHLER ELSIE MARIE TR","STIVER DENNIS RAY","1530 N SULPHUR SPRINGS RD","STIVER DENNIS RAY","","4112 SHELL AVE","","DAYTON OH 45415","A",0113.20000,0000054500,0000001610,0000056110,0000155700,0000004590,0000160290,"LAND AND BUILDING","RELATED INDIVIDUALS OR CORPORATIONS","N"
"L53 02905 0013",9257,15-JUL-11,000000000.00,"BEACHLER ELSIE M","BEACHLER ELSIE MARIE TR","1530 N SULPHUR SPRINGS RD","STIVER DENNIS RAY","","4112 SHELL AVE","","DAYTON OH 45415","A",0113.20000,0000054500,0000001610,0000056110,0000155700,0000004590,0000160290,"LAND AND BUILDING","NOT VALIDATED","N"
"L53 02906 0013",850,20-JAN-11,000000000.00,"SOLLENBERGER JERRY L AND","SOLLENBERGER JERRY LET AL 4","15509 OLD DAYTON RD","SOLLENBERGER JERRY LET AL 4","","8342 E FACTORY RD","","WEST ALEXANDRIA OH 45381","A",0111.50000,0000054610,0000001340,0000055950,0000156040,0000003840,0000159880,"LAND AND BUILDING","RELATED INDIVIDUALS OR CORPORATIONS","N"
"L53 02906 0013",851,20-JAN-11,000000000.00,"SOLLENBERGER JERRY LET AL 4","SOLLENBERGER JERRY LET AL 4","15509 OLD DAYTON RD","SOLLENBERGER JERRY LET AL 4","","8342 E FACTORY RD","","WEST ALEXANDRIA OH 45381","A",0111.50000,0000054610,0000001340,0000055950,0000156040,0000003840,0000159880,"LAND AND BUILDING","RELATED INDIVIDUALS OR CORPORATIONS","N"
"L53 02906 0026",851,20-JAN-11,000000000.00,"SOLLENBERGER JERRY LET AL 4","SOLLENBERGER JERRY LET AL 4","OLD DAYTON RD","SOLLENBERGER JERRY LET AL 4","","8342 E FACTORY RD","","WEST ALEXANDRIA OH 45381","A",0015.00000,0000007490,0000000000,0000007490,0000021400,0000000000,0000021400,"LAND AND BUILDING","RELATED INDIVIDUALS OR CORPORATIONS","N"
"L53 02906 0026",850,20-JAN-11,000000000.00,"SOLLENBERGER JERRY L AND","SOLLENBERGER JERRY LET AL 4","OLD DAYTON RD","SOLLENBERGER JERRY LET AL 4","","8342 E FACTORY RD","","WEST ALEXANDRIA OH 45381","A",0015.00000,0000007490,0000000000,0000007490,0000021400,0000000000,0000021400,"LAND AND BUILDING","RELATED INDIVIDUALS OR CORPORATIONS","N"
"L53 02911 0085",9949,28-JUL-11,000179500.00,"BAILEY RICHARD L AND","VENCILL GARY R","11090 OLD DAYTON RD","VENCILL GARY R","","11090 OLD DAYTON RD","","NEW LEBANON OH 45345","A",0008.00000,0000010170,0000016960,0000027130,0000029060,0000048460,0000077520,"LAND AND BUILDING","VALID SALE","N"
"L55 02701 0074",2941,08-MAR-11,000000000.00,"BJ BUILDING COMPANY LLC","HOWARDLEE LAND CO LLC","WESTBROOK RD","HOWARDLEE LAND CO LLC","","1390 TALL TIMBER CT","","MIAMISBURG OH 45342","A",0014.29600,0000004900,0000000000,0000004900,0000014010,0000000000,0000014010,"LAND AND BUILDING","NOT VALIDATED","N"
"L55 02701 0075",2943,08-MAR-11,000492092.00,"BJ BUILDING CO LLC","GALELEE FARMS LLC","WESTBROOK RD","GALELEE FARMS LLC","","1278 MAUE RD","","MIAMISBURG OH 45342","A",0086.13100,0000036270,0000000000,0000036270,0000103640,0000000000,0000103640,"LAND ONLY","NOT VALIDATED","N"
"L55 02701 0081",2939,08-MAR-11,000000000.00,"BJ BUILDING CO LLC","BJ BUILDING CO LLC","WESTBROOK RD","BJ BUILDING CO LLC","","1390 TALL TIMBERS CT","","MIAMISBURG OH 45342","A",0014.29600,0000005950,0000000000,0000005950,0000016990,0000000000,0000016990,"LAND ONLY","NOT VALIDATED","N"
"L55 02704 0015",1331,01-FEB-11,000000000.00,"MEYER THOMAS N ET AL 3","MEYER THOMAS N ET AL 3","13275 AIR HILL RD","MEYER THOMAS N ET AL 3","","3987 MURRY HIGHLANDS CIR","","MURRYSVILLE PA 15668","A",0072.36300,0000040630,0000000000,0000040630,0000116090,0000000000,0000116090,"LAND AND BUILDING","NOT VALIDATED","N"
"L55 02704 0016",1331,01-FEB-11,000000000.00,"MEYER THOMAS N ET AL 3","MEYER THOMAS N ET AL 3","BROOKVILLE PYRMONT RD","MEYER THOMAS N ET AL 3","","3987 MURRY HIGHLANDS CIR","","MURRYSVILLE PA 15668","A",0064.04000,0000034640,0000000420,0000035060,0000098970,0000001200,0000100170,"LAND AND BUILDING","NOT VALIDATED","N"
"L55 02705 0002",10173,03-AUG-11,000315000.00,"DELK JAMES C AND","BOWMAN ERIC E AND","13632 WESTBROOK RD","BOWMAN ERIC E AND","DARLA R","3493 N SULPHUR SPRINGS RD","","WEST ALEXANDRIA OH 45381 4902","A",0042.06500,0000027820,0000022960,0000050780,0000079490,0000065610,0000145100,"LAND AND BUILDING","VALID SALE","N"
"L55 02706 0006",11045,19-AUG-11,000000000.00,"HOOPS CHARLES H AND","HOOPS CHARLES H","14528 WESTBROOK RD","HOOPS CALEB T AND","ELLI R","14528 WESTBROOK RD","","BROOKVILLE OH 45309","A",0002.00300,0000011660,0000019100,0000030760,0000033320,0000054560,0000087880,"LAND AND BUILDING","RELATED INDIVIDUALS OR CORPORATIONS","N"
"L55 02706 0006",16731,21-DEC-11,000050000.00,"HOOPS CHARLES H","HOOPS CALEB T AND","14528 WESTBROOK RD","HOOPS CALEB T AND","ELLI R","14528 WESTBROOK RD","","BROOKVILLE OH 45309","A",0002.00300,0000011660,0000019100,0000030760,0000033320,0000054560,0000087880,"LAND AND BUILDING","NOT VALIDATED","N"
"L55 02709 0014",6965,01-JUN-11,000000000.00,"WYNN SUE A","FARM CREDIT SERVICES OF MID-AMERICA FLCA","PROVIDENCE RD","FLORA BRUCE E AND","KAREN S","14391 PROVIDENCE RD","","BROOKVILLE OH 45309","A",0022.19600,0000011080,0000000000,0000011080,0000031660,0000000000,0000031660,"LAND AND BUILDING","NOT VALIDATED","N"
"L55 02709 0014",11294,24-AUG-11,000110000.00,"FARM CREDIT SERVICES OF MID-AMERICA FLCA","FLORA BRUCE E AND","PROVIDENCE RD","FLORA BRUCE E AND","KAREN S","14391 PROVIDENCE RD","","BROOKVILLE OH 45309","A",0022.19600,0000011080,0000000000,0000011080,0000031660,0000000000,0000031660,"LAND AND BUILDING","VALID SALE","N"
"L55 02711 0002",1996,15-FEB-11,000400000.00,"MITCHELL PHILIP J","BEHNKEN BRENT","4681 N CLAYTON RD","BEHNKEN BRENT","","11870 AIRHILL RD","","BROOKVILLE OH 45309","A",0116.02600,0000050120,0000026930,0000077050,0000143200,0000076940,0000220140,"LAND AND BUILDING","OUTLIER","N"
"L55 02804 0005",14212,26-OCT-11,000000000.00,"SMITH ROBERT E + MARILYN J","SMITH MARILYN J","3301 JOHNSVILLE BROOKVILLE RD","SMITH MARILYN J","","3301 JOHNSVILLE BROOKVILLE","","BROOKVILLE OH 45309","A",0049.74000,0000031550,0000044910,0000076460,0000090130,0000128310,0000218440,"LAND AND BUILDING","NOT VALIDATED","N"
"L55 02804 0006",14212,26-OCT-11,000000000.00,"SMITH ROBERT E AND","SMITH MARILYN J","3107 JOHNSVILLE BROOKVILLE RD","SMITH MARILYN J","","3301 JOHNSVILLE BROOKVILLE","","BROOKVILLE OH 45309","A",0049.74000,0000033850,0000027140,0000060990,0000096720,0000077530,0000174250,"LAND AND BUILDING","NOT VALIDATED","N"
"L55 02804 0007",14212,26-OCT-11,000000000.00,"SMITH ROBERT E + MARILYN J","SMITH MARILYN J","JOHNSVILLE BROOKVILLE RD","SMITH MARILYN J","","3301 JOHNSVILLE BROOKVILLE","","BROOKVILLE OH 45309","A",0047.84000,0000026270,0000000000,0000026270,0000075050,0000000000,0000075050,"LAND AND BUILDING","NOT VALIDATED","N"
"M57 00319 0001",11255,24-AUG-11,000000000.00,"CARR HARRIET D","BROWN CAROL E","3348 W NATIONAL RD","BROWN CAROL E","","302 CLUBSIDE DR","","NEW PHILADELPHIA OH 44663","A",0057.24700,0000029030,0000000000,0000029030,0000082930,0000000000,0000082930,"LAND AND BUILDING","NOT VALIDATED","N"
"M58 00220 0001",11795,06-SEP-11,000124059.00,"IRONGATE DEVELOPMENT LTD","BROWN CHARLOTTE A TR AND","4138 PHILLIPSBURG UNION RD","BROWN CHARLOTTE A TR AND","JOHN A TR","6520 N MONTGOMERY COUNTY LINE RD","","ENGLEWOOD OH 45322","A",0023.99600,0000008520,0000000000,0000008520,0000024330,0000000000,0000024330,"LAND AND BUILDING","VALID SALE","N"
"M58100412 0004",7826,16-JUN-11,000632400.00,"STONEY CREST FARMS LTD","WATERWHEEL FARM INC","845 OLD SPRINGFIELD RD","WATERWHEEL FARM INC","","7773 ST RT 48","","ENGLEWOOD OH 45322","A",0020.16900,0000003110,0000000000,0000003110,0000008890,0000000000,0000008890,"LAND ONLY","VALID SALE","N"
"M58100412 0014",7826,16-JUN-11,000632400.00,"STONEYCREST FARMS LTD","WATERWHEEL FARM INC","FREDERICK PIKE","WATERWHEEL FARM INC","","7773 ST RT 48","","ENGLEWOOD OH 45322","A",0022.53800,0000011430,0000000000,0000011430,0000032670,0000000000,0000032670,"LAND ONLY","VALID SALE","N"
"M58100501 0002",7826,16-JUN-11,000632400.00,"STONEYCREST FARMS, LTD","WATERWHEEL FARM INC","FREDERICK PK","WATERWHEEL FARM INC","","7773 ST RT 48","","ENGLEWOOD OH 45322","A",0016.55390,0000007160,0000000000,0000007160,0000020460,0000000000,0000020460,"LAND ONLY","VALID SALE","N"
"M58100501 0004",7826,16-JUN-11,000632400.00,"STONEYCREST FARMS LTD","WATERWHEEL FARM INC","888 OLD SPRINGFIELD RD","WATERWHEEL FARM INC","","7773 ST RT 48","","ENGLEWOOD OH 45322","A",0028.62150,0000007190,0000000000,0000007190,0000020540,0000000000,0000020540,"LAND ONLY","VALID SALE","N"
"M60 03004 0006",11365,25-AUG-11,000000000.00,"BROWN CHARLOTTE A","BROWN CHARLOTTE A TR AND","5669 PHILLIPSBURG UNION RD","BROWN CHARLOTTE A","","6520 N MONTGOMERY COUNTY LINE RD","","ENGLEWOOD OH 45322","A",0064.03900,0000028340,0000000000,0000028340,0000080980,0000000000,0000080980,"LAND ONLY","SALE INVOLVING MULTIPLE PARCELS","N"
"M60 03004 0062",11035,19-AUG-11,000250000.00,"CITICASTERS CO","SPECTRASITE","N COUNTY LINE RD","SPECTRASITE","COMMUNICATIONS LLC","10 PRESIDENTIAL WAY","","WOBURN MA 01801","A",0004.24500,0000025100,0000000000,0000025100,0000071720,0000000000,0000071720,"LAND ONLY","VALID SALE","N"
"M60 03005 0003",4304,06-APR-11,000000000.00,"STUMP PAUL L TR","STUMP MARY E TR","5855 SWEET POTATO RIDGE RD","STUMP MARY E TR","","10340 N DIAMOND MILL RD","","ENGLEWOOD OH 45322","A",0029.51000,0000022640,0000037350,0000059990,0000064690,0000106720,0000171410,"LAND AND BUILDING","NOT VALIDATED","N"
"M60 03011 0007",12659,23-SEP-11,000000000.00,"ROBERTS DON E TR ETAL","ROBERTS DON E TR","3954 SWEET POTATO RIDGE RD","ROBERTS DON E TR","","6416 S STATE ROUTE 721","","WEST MILTON OH 45383","A",0087.68000,0000070510,0000056440,0000126950,0000201470,0000161260,0000362730,"LAND AND BUILDING","NOT VALIDATED","N"
"M60 03012 0001",8426,29-JUN-11,000166610.00,"BAYER DENISE E ET AL 4","BAYER MATTHEW L ET AL 4","4660 SWEET POTATO RIDGE RD","BAYER MATTHEW L AND","MARY E","8241 WENGERLAWN RD","","BROOKVILLE OH 45309","A",0032.55100,0000022330,0000000000,0000022330,0000063790,0000000000,0000063790,"LAND AND BUILDING","VALID SALE","N"
"M60 03012 0005",8426,29-JUN-11,000166610.00,"BAYER DENISE E AND","BAYER MATTHEW L ET AL 4","4660 SWEET POTATO RIDGE RD","BAYER MATTHEW L AND","MARY E","8241 WENGERLAWN RD","","BROOKVILLE OH 45309","A",0045.00000,0000028890,0000041370,0000070260,0000082550,0000118200,0000200750,"LAND AND BUILDING","VALID SALE","N"
"M60 03012 0008",12659,23-SEP-11,000000000.00,"ROBERTS DON E TR ETAL","ROBERTS DON E TR","SWEET POTATO RIDGE RD","ROBERTS DON E TR","","6416 S STATE ROUTE 721","","WEST MILTON OH 45383","A",0009.75100,0000004390,0000000000,0000004390,0000012540,0000000000,0000012540,"LAND AND BUILDING","NOT VALIDATED","N"
"M60 03012 0010",12659,23-SEP-11,000000000.00,"ROBERTS DON E TR","ROBERTS DON E TR","SWEET POTATO RIDGE RD","ROBERTS DON E TR","","6416 S STATE ROUTE 721","","WEST MILTON OH 45383","A",0084.23900,0000035160,0000000000,0000035160,0000100450,0000000000,0000100450,"LAND AND BUILDING","NOT VALIDATED","N"
"M60 03013 0001",4304,06-APR-11,000000000.00,"STUMP PAUL L TR","STUMP MARY E TR","DIAMOND MILL RD","STUMP MARY E TR","","10340 N DIAMOND MILL RD","","ENGLEWOOD OH 45322","A",0072.98500,0000034280,0000000000,0000034280,0000097940,0000000000,0000097940,"LAND AND BUILDING","NOT VALIDATED","N"
"M60 03013 0004",12659,23-SEP-11,000000000.00,"ROBERTS DON E TR ETAL 3","ROBERTS DON E TR AND","5198 SWEET POTATO RIDGE RD","ROBERTS DON E TR AND","KATHLEEN SMITH TR","6416 S STATE ROUTE 721","","WEST MILTON OH 45383","A",0080.00000,0000041850,0000029120,0000070970,0000119580,0000083190,0000202770,"LAND AND BUILDING","NOT VALIDATED","N"
"M60 03013 0007",11330,25-AUG-11,000000000.00,"BROWN JOHN A AND","BROWN JOHN A TR AND","FOX RD","BROWN JOHN A TR AND","CHARLOTTE A TR","6520 N MONTGOMERY COUNTY LINE RD","","ENGLEWOOD OH 45322","A",0037.88000,0000017190,0000000000,0000017190,0000049100,0000000000,0000049100,"LAND AND BUILDING","SALE INVOLVING MULTIPLE PARCELS","N"
"M60 03102 0014",12659,23-SEP-11,000000000.00,"ROBERTS DON E TR AND","ROBERTS DON E TR","CRESTWAY DR","ROBERTS DON E TR","","6416 S STATE ROUTE 721","","WEST MILTON OH 45383","A",0008.33900,0000003250,0000000000,0000003250,0000009290,0000000000,0000009290,"LAND AND BUILDING","NOT VALIDATED","N"
"M60 03102 0016",15121,16-NOV-11,000000000.00,"CLAYTON CITY CENTER","CLAYTON REAL ESTATEDEV LLC","8495 HOKE RD","CLAYTON REAL ESTATEDEV LLC","","35 ROCKRIDGE RD STE B","C/O SCOTT DIXON","ENGLEWOOD OH 45322","A",0025.29600,0000032430,0000084330,0000116760,0000092660,0000240930,0000333590,"LAND ONLY","NOT VALIDATED","N"
"M60 03102 0016",251,07-JAN-11,000715000.00,"NORTH CLAYTON DEVELOPMENT LLC","CLAYTON CITY CENTER","8495 HOKE RD","CLAYTON REAL ESTATEDEV LLC","","35 ROCKRIDGE RD STE B","C/O SCOTT DIXON","ENGLEWOOD OH 45322","A",0025.29600,0000032430,0000084330,0000116760,0000092660,0000240930,0000333590,"LAND AND BUILDING","SALE INVOLVING MULTIPLE PARCELS","N"
"M60 03102 0025",12659,23-SEP-11,000000000.00,"ROBERTS DON E TR AND","ROBERTS DON E TR","5691 WENGER RD","ROBERTS DON E TR","","6416 S STATE ROUTE 721","","WEST MILTON OH 45383","A",0081.28500,0000045560,0000031990,0000077550,0000130180,0000091410,0000221590,"LAND AND BUILDING","NOT VALIDATED","N"
"M60 03102 0031",251,07-JAN-11,000715000.00,"NORTH CLAYTON DEVELOPMENT","CLAYTON CITY CENTER","NATIONAL RD","CLAYTON CITY CENTER","DEVELOPMENT LLC","35 ROCKRIDGE RD STE B","C/O SCOTT DIXON","ENGLEWOOD OH 45322","A",0026.30300,0000031790,0000000000,0000031790,0000090840,0000000000,0000090840,"LAND AND BUILDING","SALE INVOLVING MULTIPLE PARCELS","N"
"M60 03102 0110",2548,01-MAR-11,000000000.00,"NORTH CLAYTON DEVELOPMENT","MIDFIRST CREDIT UNION","PROACTION DR","NORTH CLAYTON DEVELOPMENT","LLC","307 E MAIN ST","","ANNA OH 45302","A",0004.82120,0000000000,0000000000,0000000000,0000000000,0000000000,0000000000,"LAND AND BUILDING","NOT VALIDATED","N"
"M60 03102 0111",15120,16-NOV-11,000000000.00,"CLAYTON CITY CENTER","RCS HOLDINGS LLC","NATIONAL RD","RCS HOLDINGS LLC","","P O BOX 3035","","CARMEL IN 46082","A",0001.00000,0000003680,0000000000,0000003680,0000010500,0000000000,0000010500,"LAND AND BUILDING","NOT VALIDATED","N"
"M60 03102 0111",251,07-JAN-11,000715000.00,"NORTH CLAYTON DEVELOPMENT","CLAYTON CITY CENTER","NATIONAL RD","RCS HOLDINGS LLC","","P O BOX 3035","","CARMEL IN 46082","A",0001.00000,0000003680,0000000000,0000003680,0000010500,0000000000,0000010500,"LAND AND BUILDING","SALE INVOLVING MULTIPLE PARCELS","N"
"M60 03207 0026",14555,03-NOV-11,000095000.00,"NEW HOPE CAMP AND","ICARUS LLC","WESTBROOK RD","ICARUS LLC","","1375 N FAIRFIELD RD","","DAYTON OH 45434","A",0039.40500,0000024800,0000000000,0000024800,0000070860,0000000000,0000070860,"LAND AND BUILDING","VALID SALE","N"
"O67 03603 0015",13650,14-OCT-11,000000000.00,"WINGMEAD REAL ESTATE, LLC AND","WINGMEAD REAL ESTATE, LLC AND","630 W DAVID RD","WINGMEAD REAL ESTATE, LLC AND","BANK ONE TRUST COMPANY","102 N WESTGATE AVE STE A","","JACKSONVILLE IL 62650 1323","A",0047.81400,0000088680,0000037700,0000126380,0000253380,0000107700,0000361080,"LAND AND BUILDING","NOT VALIDATED","N"
"O67 03803 0018",9910,28-JUL-11,000000000.00,"WHITESELL ABBY E","WHITESELL ABBY E","9423 CLYO RD","NORMAN BRIAN J AND","KATHRYN KIRBY NORMAN","9423 CLYO RD","","DAYTON OH 45458","A",0009.03800,0000019210,0000141530,0000160740,0000054880,0000404360,0000459240,"LAND AND BUILDING","RELATED INDIVIDUALS OR CORPORATIONS","N"
"O67 03803 0018",11058,19-AUG-11,000450000.00,"WHITESELL ABBY E","NORMAN BRIAN J AND","9423 CLYO RD","NORMAN BRIAN J AND","KATHRYN KIRBY NORMAN","9423 CLYO RD","","DAYTON OH 45458","A",0009.03800,0000019210,0000141530,0000160740,0000054880,0000404360,0000459240,"LAND AND BUILDING","VALID SALE","N"
"P70 03902 0074",6685,25-MAY-11,000143850.00,"CITIMORTGAGE INC","HAMMOND LOUIS B AND","7401 CARLISLE PIKE","HAMMOND LOUIS B AND","JAMIE LC","7401 NEW CARLISLE PIKE","","DAYTON OH 45424 2407","A",0005.00100,0000031560,0000034920,0000066480,0000090160,0000099780,0000189940,"LAND AND BUILDING","NOT VALIDATED","N"
"R72 02511 0008",6442,19-MAY-11,000007900.00,"FEDERAL HOME LOAN","OBERER TAC LTD","610 CLOVER ST","OBERER TAC LTD","","9080 SPRINGBORO PIKE","","MIAMISBURG OH 45342","A",0000.00000,0000003170,0000003740,0000006910,0000009060,0000010690,0000019750,"LAND AND BUILDING","NOT VALIDATED","N"
"R72 02511 0008",4341,07-APR-11,000018000.00,"SMITH ARNOLD","FEDERAL HOME LOAN","610 CLOVER ST","OBERER TAC LTD","","9080 SPRINGBORO PIKE","","MIAMISBURG OH 45342","A",0000.00000,0000003170,0000003740,0000006910,0000009060,0000010690,0000019750,"LAND AND BUILDING","LIQUIDATION/FORECLOSURE","N"
"R72 16905 0008",2342,24-FEB-11,000000000.00,"FIRST INC","ATFH REAL PROPERTY LLC","3373 GUTHRIE RD","ATFH REAL PROPERTY LLC","","3373 GUTHRIE RD","","DAYTON OH 45418","A",0036.70300,0000051380,0000000000,0000051380,0000146800,0000000000,0000146800,"LAND AND BUILDING","NOT VALIDATED","N"
"R72617517 0002",14635,04-NOV-11,000231192.00,"VECTOR DEVELOPMENT LTD","MEYER JAMES V AND","FISHBURG RD","MEYER JAMES V AND","DEBRA S","11567 ST RT 66","","MINSTER OH 45865","A",0074.57800,0000042010,0000060990,0000103000,0000120030,0000174260,0000294290,"LAND AND BUILDING","VALID SALE","N"
"R72617517 0003",14635,04-NOV-11,000231192.00,"VECTOR DEVELOPMENT LTD","MEYER JAMES V AND","HERITAGE PIKE","VECTOR DEVELOPMENT LTD","","7933 WASHINGTON WOOD DR","","DAYTON OH 45459","A",0007.62100,0000004290,0000000000,0000004290,0000012250,0000000000,0000012250,"LAND AND BUILDING","VALID SALE","N"
"R72617518 0016",12617,22-SEP-11,000297193.00,"FIRSDON FAMILY","FLYING ANVIL LLC","5835 KITRIDGE RD","FLYING ANVIL LLC","","7544 UNION SCHOOLHOUSE RD","","DAYTON OH 45424","A",0067.54400,0000029470,0000025940,0000055410,0000084190,0000074110,0000158300,"LAND AND BUILDING","VALID SALE","N"
