"PARID","CONVNUM","SALEDTE","PRICE","OLDOWN","OWNERNAME1","PARCELLOCATION","MAILINGNAME1","MAILINGNAME2","PADDR1","PADDR2","PADDR3","CLS","ACRES","TAXLAND","TAXBLDG","TAXTOTAL","ASMTLAND","ASMTBLDG","ASMTTOTL","SALETYPE","SALEVALIDITY","DYTNCRDT"
"A01 00109 9058",1531,04-FEB-11,000000000.00,"WHITEMAN H R JR AND","WHITEMAN HILBERT ROY","FREDERICK PIKE","H R WHITEMAN","","6120 N MAIN ST","","DAYTON OH 45415 3109","E",0000.00000,0000000000,0000000000,0000000000,0000000000,0000000000,0000000000,"LAND ONLY","NOT VALIDATED","N"
"A01 00109 9059",1530,04-FEB-11,000000000.00,"WHITEMAN H R JR AND","WHITEMAN HILBERT ROY","FREDERICK PIKE","H R WHITEMAN JR","","6120 N MAIN ST","","DAYTON OH 45415 3109","E",0000.00000,0000000000,0000000000,0000000000,0000000000,0000000000,0000000000,"LAND ONLY","NOT VALIDATED","N"
"A01 00307 0001",11483,30-AUG-11,000225000.00,"MURLIN HEIGHTS CONGREGATIONAL","BRUEGGEMANN JIM ET AL 3 TR","HALORAN LN","BRUEGGEMANN JIM ET AL 3 TR","","1333 N MAIN ST","","DAYTON OH 45405","E",0000.08400,0000004480,0000000000,0000004480,0000012810,0000000000,0000012810,"LAND AND BUILDING","VALID SALE","N"
"A01 00307 0007",11483,30-AUG-11,000225000.00,"MURLIN HEIGHTS CONGREGATIONAL","BRUEGGEMANN JIM ET AL 3 TR","N DIXIE DR","BRUEGGEMANN JIM ET AL 3 TR","","1333 N MAIN ST","","DAYTON OH 45405","E",0000.17200,0000009470,0000000000,0000009470,0000027050,0000000000,0000027050,"LAND AND BUILDING","VALID SALE","N"
"A01 00307 0089",11483,30-AUG-11,000225000.00,"MURLIN HTS CHRISTIAN","BRUEGGEMANN JIM ET AL 3 TR","8616 DIXIE DR","BRUEGGEMANN JIM ET AL 3 TR","","1333 N MAIN ST","","DAYTON OH 45405","E",0000.33360,0000017160,0000086570,0000103730,0000049040,0000247350,0000296390,"LAND AND BUILDING","VALID SALE","N"
"A01 00307 0097",11483,30-AUG-11,000225000.00,"CHRISTIAN CHURCH MURLIN","BRUEGGEMANN JIM ET AL 3 TR","N DIXIE DR","BRUEGGEMANN JIM ET AL 3 TR","","1333 N MAIN ST","","DAYTON OH 45405","E",0000.34840,0000017930,0000000000,0000017930,0000051220,0000000000,0000051220,"LAND AND BUILDING","VALID SALE","N"
"A01 00307 0110",11483,30-AUG-11,000225000.00,"MURLIN HEIGHTS CONGREGATIONAL","BRUEGGEMANN JIM ET AL 3 TR","N DIXIE DR","BRUEGGEMANN JIM ET AL 3 TR","","1333 N MAIN ST","","DAYTON OH 45405","E",0000.24090,0000008820,0000000000,0000008820,0000025200,0000000000,0000025200,"LAND AND BUILDING","VALID SALE","N"
"A01 00307 0165",11483,30-AUG-11,000225000.00,"MURLIN HEIGHTS CONGREGATIONAL","BRUEGGEMANN JIM ET AL 3 TR","HALORAN LN","BRUEGGEMANN JIM ET AL 3 TR","","1333 N MAIN ST","","DAYTON OH 45405","E",0000.52200,0000019630,0000000000,0000019630,0000056090,0000000000,0000056090,"LAND AND BUILDING","VALID SALE","N"
"A01 00307T0312",4067,01-APR-11,000000000.00,"MOORMAN JOSEPH P","BUTLER TOWNSHIP TRUSTEES","3510 3514 SUDACHI DR","BUTLER TOWNSHIP TRUSTEES","","8524 N DIXIE DR","","DAYTON OH 45414","E",0000.75950,0000007470,0000184100,0000191570,0000021330,0000525990,0000547320,"LAND AND BUILDING","NOT VALIDATED","N"
"A01 00309 9036",12059,12-SEP-11,000050000.00,"NELSON WILLAIN M AND","US BANK NATIONAL ASSOC","7960 PETERS PIKE","WALLACE R NELSON","","7960 PETERS PIKE","","DAYTON OH 45414 1717","E",0000.00000,0000000000,0000000000,0000000000,0000000000,0000000000,0000000000,"LAND AND BUILDING","LIQUIDATION/FORECLOSURE","N"
"A01 20126T0001",9834,27-JUL-11,000109900.00,"HULVEY ANN","APPLEN DANIEL J AND","7819 LAUREL RIDGE DR","HULVEY ANN","","7819 LAUREL RIDGE DR","","DAYTON OH 45414","E",0000.16700,0000007910,0000029350,0000037260,0000022600,0000083870,0000106470,"LAND AND BUILDING","VALID SALE","N"
"A01 21305T0002",11962,08-SEP-11,001250000.00,"BASSMANN RUDI TR","MILLER LANE PLAZA LLC","6425 MILLER LN","MILLER LANE PLAZA LLC","","1390 WOODLAND MEADOWS DR","","VANDALIA OH 45377","E",0001.52300,0000000000,0000146910,0000146910,0000000000,0000419750,0000419750,"LAND AND BUILDING","VALID SALE","N"
"A01 21305T0002",11737,02-SEP-11,000000000.00,"BASSMANN RUDI AND","BASSMANN RUDI TR","6425 MILLER LN","MILLER LANE PLAZA LLC","","1390 WOODLAND MEADOWS DR","","VANDALIA OH 45377","E",0001.52300,0000000000,0000146910,0000146910,0000000000,0000419750,0000419750,"LAND AND BUILDING","RELATED INDIVIDUALS OR CORPORATIONS","N"
"A01 21325T0003",12384,19-SEP-11,000112500.00,"LANDIS BRIAN AND","FLANNAGAN JOSEPH E JR","4110 TANGLETREE CT","FLANNAGAN JOSEPH E JR","","1005 SUNNYVIEW DR","","DAYTON OH 45406","E",0000.13400,0000004900,0000044700,0000049600,0000014000,0000127710,0000141710,"LAND AND BUILDING","LIQUIDATION/FORECLOSURE","N"
"A01 25923T0003",10377,05-AUG-11,000335000.00,"DREES COMPANY","LANG DANIEL AND","7527 YORKSHIRE DR","DREES COMPANY","","211 GRANDVIEW DR","","COVINGTON KY 41017","E",0000.49000,0000004830,0000095080,0000099910,0000013800,0000271650,0000285450,"LAND AND BUILDING","VALID SALE","N"
"B02 00109 0026",4204,05-APR-11,000000000.00,"BD OF ED","VANDALIA BUTLER CITY SCHOOL DISTRICT","S DIXIE DR","VANDALIA BUTLER CITY SCHOOL DISTRICT","","306 S DIXIE DR","","VANDALIA OH 45377","E",0002.50000,0000021180,0000000000,0000021180,0000060500,0000000000,0000060500,"LAND AND BUILDING","SALE INVOLVING MULTIPLE PARCELS","N"
"B02 00109 0027",4204,05-APR-11,000000000.00,"BD OF ED","VANDALIA BUTLER CITY SCHOOL DISTRICT","306 S DIXIE DR","BOARD OF EDUCATION VANDALIA","","306 S DIXIE DR","","VANDALIA OH 45377 2128","E",0008.35400,0000102920,0000331860,0000434780,0000294060,0000948160,0001242220,"LAND AND BUILDING","SALE INVOLVING MULTIPLE PARCELS","N"
"B02 00109 0028",4204,05-APR-11,000000000.00,"BD OF ED","VANDALIA BUTLER CITY SCHOOL DISTRICT","306 S DIXIE DR","VANDALIA BUTLER CITY SCHOOL DISTRICT","","306 S DIXIE DR","","VANDALIA OH 45377","E",0001.05000,0000030400,0000125690,0000156090,0000086860,0000359100,0000445960,"LAND AND BUILDING","SALE INVOLVING MULTIPLE PARCELS","N"
"B02 00112 0001",4204,05-APR-11,000000000.00,"BD OF ED","VANDALIA BUTLER CITY SCHOOL DISTRICT","600 S DIXIE DR","BOARD OF EDUCATION VANDALIA","","306 S DIXIE DR","","VANDALIA OH 45377 2128","E",0027.17800,0000251130,0003683660,0003934790,0000717500,0010524730,0011242230,"LAND AND BUILDING","SALE INVOLVING MULTIPLE PARCELS","N"
"B02 00112 0007",4204,05-APR-11,000000000.00,"VANDALIA-BUTLER CITY SCHOOL DISTRICT","VANDALIA BUTLER CITY SCHOOL DISTRICT","75 ALKALINE SPRINGS RD","VANDALIA BUTLER CITY SCHOOL DISTRICT","","306 S DIXIE DR","","VANDALIA OH 45377","E",0000.64400,0000016750,0000000000,0000016750,0000047850,0000000000,0000047850,"LAND AND BUILDING","SALE INVOLVING MULTIPLE PARCELS","N"
"B02 00112 0008",4204,05-APR-11,000000000.00,"VANDALIA-BUTLER CITY SCHOOL DISTRICT","VANDALIA BUTLER CITY SCHOOL DISTRICT","E ALKALINE SPRINGS RD","VANDALIA BUTLER CITY SCHOOL DISTRICT","","306 S DIXIE DR","","VANDALIA OH 45377","E",0000.72400,0000016750,0000000000,0000016750,0000047850,0000000000,0000047850,"LAND AND BUILDING","SALE INVOLVING MULTIPLE PARCELS","N"
"B02 00112 0009",4204,05-APR-11,000000000.00,"VANDALIA-BUTLER CITY SCHOOL DISTRICT","VANDALIA BUTLER CITY SCHOOL DISTRICT","125 E ALKALINE SPRINGS RD","VANDALIA BUTLER CITY SCHOOL DISTRICT","","306 S DIXIE DR","","VANDALIA OH 45377","E",0001.28800,0000036040,0000002470,0000038510,0000102960,0000007050,0000110010,"LAND AND BUILDING","SALE INVOLVING MULTIPLE PARCELS","N"
"B02 00112 0019",4204,05-APR-11,000000000.00,"BD OF ED VANDALIA","VANDALIA BUTLER CITY SCHOOL DISTRICT","S DIXIE DR","VANDALIA BUTLER CITY SCHOOL DISTRICT","","306 S DIXIE DR","","VANDALIA OH 45377","E",0000.66600,0000004740,0000000000,0000004740,0000013550,0000000000,0000013550,"LAND AND BUILDING","SALE INVOLVING MULTIPLE PARCELS","N"
"C04 00603 0094",7759,15-JUN-11,000000000.00,"ERNST GERALDINE M TRUSTEE","OSSWALD GWENDOLYN RAE TRUSTEE","590 UPPER LEWISBURG SALEM RD","OSSWALD RICHARD E AND","GWENDOLYN R TRUSTEES","865 DOROTHY LN","","BROOKVILLE OH 45309","E",0000.10300,0000000000,0000000000,0000000000,0000000000,0000000000,0000000000,"LAND AND BUILDING","RELATED INDIVIDUALS OR CORPORATIONS","N"
"C04 00603 0094",7762,15-JUN-11,000190000.00,"OSSWALD GWENDOLYN RAE TRUSTEE","OSSWALD RICHARD E AND","590 UPPER LEWISBURG SALEM RD","OSSWALD RICHARD E AND","GWENDOLYN R TRUSTEES","865 DOROTHY LN","","BROOKVILLE OH 45309","E",0000.10300,0000000000,0000000000,0000000000,0000000000,0000000000,0000000000,"LAND AND BUILDING","VALID SALE","N"
"C05 00506 0006",7762,15-JUN-11,000190000.00,"OSSWALD GWENDOLYN RAE TRUSTEE","OSSWALD RICHARD E AND","590 UPPER LEWISBURG SALEM RD","OSSWALD RICHARD E AND","GWENDOLYN R TRUSTEES","865 DOROTHY LN","","BROOKVILLE OH 45309","E",0000.93200,0000010870,0000083360,0000094230,0000031050,0000238170,0000269220,"LAND AND BUILDING","VALID SALE","N"
"C05 00506 0006",7759,15-JUN-11,000000000.00,"ERNST GERALDINE M TRUSTEE","OSSWALD GWENDOLYN RAE TRUSTEE","590 UPPER LEWISBURG SALEM RD","OSSWALD RICHARD E AND","GWENDOLYN R TRUSTEES","865 DOROTHY LN","","BROOKVILLE OH 45309","E",0000.93200,0000010870,0000083360,0000094230,0000031050,0000238170,0000269220,"LAND AND BUILDING","RELATED INDIVIDUALS OR CORPORATIONS","N"
"D13 00206 0012",14358,31-OCT-11,000000000.00,"GERMANTOWN MUNICIPALITY","COMMUNITY HARVEST CHURCH","1934 DAYTON GERMANTOWN PIKE","GERMANTOWN MUNICIPALITY","","75 N WALNUT ST","","GERMANTOWN OH 45327","E",0004.26300,0000031970,0000033540,0000065510,0000091350,0000095830,0000187180,"LAND AND BUILDING","NOT VALIDATED","N"
"E20 01006 0186",9639,22-JUL-11,000765000.00,"HILLEL ACADEMY OF DAYTON","SCHOOLHOUSE FINANCE LLC","E WOODBURY DR","SCHOOLHOUSE FINANCE LLC","","100 E WOODBURY DR","","DAYTON OH 45415","E",0001.69600,0000027170,0000000000,0000027170,0000077620,0000000000,0000077620,"LAND AND BUILDING","VALID SALE","N"
"E20 01006 0192",9639,22-JUL-11,000765000.00,"HILLEL ACADEMY OF DAYTON","SCHOOLHOUSE FINANCE LLC","WOODBURY DR","SCHOOLHOUSE FINANCE LLC","","100 E WOODBURY DR","","DAYTON OH 45415","E",0001.59900,0000025870,0000000000,0000025870,0000073920,0000000000,0000073920,"LAND AND BUILDING","VALID SALE","N"
"E20 01006 0198",9639,22-JUL-11,000765000.00,"HILLEL ACADEMY OF DAYTON","SCHOOLHOUSE FINANCE LLC","E WOODBURY DR","SCHOOLHOUSE FINANCE LLC","","100 E WOODBURY DR","","DAYTON OH 45415","E",0000.03400,0000000550,0000000000,0000000550,0000001570,0000000000,0000001570,"LAND AND BUILDING","VALID SALE","N"
"E20 01006 0199",9639,22-JUL-11,000765000.00,"HILLEL ACADEMY OF DAYTON","SCHOOLHOUSE FINANCE LLC","E WOODBURY DR","SCHOOLHOUSE FINANCE LLC","","100 E WOODBURY DR","","DAYTON OH 45415","E",0000.55700,0000009010,0000000000,0000009010,0000025730,0000000000,0000025730,"LAND AND BUILDING","VALID SALE","N"
"E20 17517 0007",181,06-JAN-11,000200000.00,"TRINITY BAPTIST CHURCH","TRINITY BAPTIST CHURCH","TRINITY CHURCH RD","TRINITY BAPTIST CHURCH","","600 SHILOH SPRINGS RD","","DAYTON OH 45415","E",0003.75720,0000042080,0000111120,0000153200,0000120230,0000317490,0000437720,"LAND AND BUILDING","VALID SALE","N"
"E20 24414 0003",9639,22-JUL-11,000765000.00,"HILLEL ACADEMY OF DAYTON","SCHOOLHOUSE FINANCE LLC","100 E WOODBURY DR","SCHOOLHOUSE FINANCE LLC","","100 E WOODBURY DR","","DAYTON OH 45415","E",0003.14200,0000058070,0000553000,0000611070,0000165900,0001580010,0001745910,"LAND AND BUILDING","VALID SALE","N"
"G29 18201 0065",9620,22-JUL-11,000002300.00,"BETH ELOHIM MINISTRIES","BRUNETT JORGE A","106 CHAIN AVE","BRUNETT JORGE A","","4509 W VENETIAN WAY","","DAYTON OH 45439","E",0000.00000,0000000470,0000000000,0000000470,0000001330,0000000000,0000001330,"LAND AND BUILDING","SALE INVOLVING MULTIPLE PARCELS","N"
"G29 18201 0066",9620,22-JUL-11,000002300.00,"BETH ELOHIM MINISTRIES","BRUNETT JORGE A","CHAIN AVE","BRUNETT JORGE A","","4509 W VENETIAN WAY","","DAYTON OH 45439","E",0000.00000,0000000470,0000000000,0000000470,0000001330,0000000000,0000001330,"LAND AND BUILDING","SALE INVOLVING MULTIPLE PARCELS","N"
"G29 18201 0069",9620,22-JUL-11,000002300.00,"BETH ELOHIM MINISTRIES","BRUNETT JORGE A","118 CHAIN AVE","BRUNETT JORGE A","","4509 W VENETIAN WAY","","DAYTON OH 45439","E",0000.00000,0000000470,0000002120,0000002590,0000001330,0000006050,0000007380,"LAND AND BUILDING","SALE INVOLVING MULTIPLE PARCELS","N"
"H33 02101 0074",15342,22-NOV-11,000000000.00,"BD OF ED MADISON TWP","JONES LARRY F","ELGIN ROOF DR","JONES LARRY F","","204 N MIAMI ST","","WEST MILTON OH 45383","E",0007.34500,0000080640,0000000000,0000080640,0000230400,0000000000,0000230400,"LAND AND BUILDING","SALE INVOLVING MULTIPLE PARCELS","N"
"H33 02101 0076",15342,22-NOV-11,000000000.00,"BD OF ED MADISON TWP","JONES LARRY F","ELGIN ROOF DR","TROTWOOD-MADISON BD OF ED`","","444 S BROADWAY ST","","DAYTON OH 45426 3327","E",0002.21900,0000021280,0000002940,0000024220,0000060800,0000008410,0000069210,"LAND AND BUILDING","SALE INVOLVING MULTIPLE PARCELS","N"
"H33 02211 0081",6727,25-MAY-11,000108647.00,"JACKSON RICHARD L AND","QUATTRO INC","LITTLE RICHMOND RD","QUATTRO INC","","1126 FERRIS RD","","AMELIA OH 45102","E",0000.34400,0000000000,0000000000,0000000000,0000000000,0000000000,0000000000,"LAND ONLY","VALID SALE","N"
"H33 02301 9110",7719,14-JUN-11,000100000.00,"SALVATION ARMY OF NEW YORK","GREATER WORKS TABERNACLE INC","1573 GUENTHER RD","GREATER WORKS TABERNACLE INC","","1573 GUENTHER RD","","DAYTON OH 45417","E",0000.87300,0000022920,0000119050,0000141970,0000065480,0000340130,0000405610,"LAND AND BUILDING","VALID SALE","N"
"I39 00515 0073",1448,03-FEB-11,000000000.00,"BOARD OF TRUSTEES OF","BURGAN PERRY S","INGLESIDE AVE","BURGAN PERRY S","","5704 TICA AVE","","DAYTON OH 45424","E",0000.22700,0000003460,0000000000,0000003460,0000009890,0000000000,0000009890,"LAND AND BUILDING","NOT VALIDATED","N"
"I39 00917 0001",6157,16-MAY-11,000001000.00,"EPISCOPAL CHURCH","BECRAFT MAX R","BAYSIDE DR","BECRAFT MAX R","","5001 BAYSIDE DR","","DAYTON OH 45431","E",0000.00000,0000000180,0000000000,0000000180,0000000500,0000000000,0000000500,"LAND ONLY","NOT VALIDATED","N"
"I39401505 9010",2864,07-MAR-11,000000000.00,"SCHELL RICHARD E","SCHELL RICHARD E TRUSTEE","4719 LINDEN AVE","RICHARD E SCHELL","","4751 LINDEN AVE","","DAYTON OH 45432 3009","E",0000.00000,0000000000,0000000000,0000000000,0000000000,0000000000,0000000000,"LAND ONLY","RELATED INDIVIDUALS OR CORPORATIONS","N"
"I39401506 9004",2864,07-MAR-11,000000000.00,"SCHELL RICHARD E","SCHELL RICHARD E TRUSTEE","LINDEN AVE","RICHARD E SCHELL","","4751 LINDEN AVE","","DAYTON OH 45432 3009","E",0000.07000,0000000000,0000000000,0000000000,0000000000,0000000000,0000000000,"LAND ONLY","RELATED INDIVIDUALS OR CORPORATIONS","N"
"J44120914T0369",1291,01-FEB-11,000000000.00,"PHILLIPS L C AND","PHILLIPS L C","3661 COZY CAMP RD","PHILLIPS L C","","3661 COZY CAMP RD","","DAYTON OH 45439","E",0000.17700,0000000000,0000030930,0000030930,0000000000,0000088380,0000088380,"LAND AND BUILDING","RELATED INDIVIDUALS OR CORPORATIONS","N"
"J44226406 0022",9991,29-JUL-11,000000000.00,"LUTHERAN SALEM CHURCH","ELLERTON UNITED CHURCH OF CHRIST","4573 S UNION RD","JIK MINISTRIES","","4547 S UNION RD","","DAYTON OH 45439","E",0001.18000,0000019790,0000104270,0000124060,0000056540,0000297920,0000354460,"LAND AND BUILDING","NOT VALIDATED","N"
"J44226406 0022",9993,29-JUL-11,000000000.00,"ELLERTON UNITED CHURCH OF CHRIST","JIK MINISTRIES","4573 S UNION RD","JIK MINISTRIES","","4547 S UNION RD","","DAYTON OH 45439","E",0001.18000,0000019790,0000104270,0000124060,0000056540,0000297920,0000354460,"LAND AND BUILDING","NOT VALIDATED","N"
"K45 02607 0061",7508,09-JUN-11,000000000.00,"WELLER EVERETT T","RACER PROPERTIES LLC","I 75","RACER PROPERTIES LLC","HI-WAY ESMT","401 S OLD WOODWARD AVE STE 370","","BIRMINGHAM MI 48009","E",0000.00000,0000000000,0000000000,0000000000,0000000000,0000000000,0000000000,"LAND ONLY","NOT VALIDATED","N"
"K45 02607 0071",7508,09-JUN-11,000000000.00,"GENERAL MOTORS CORP","RACER PROPERTIES LLC","I 75","RACER PROPERTIES LLC","HI-WAY ESMT","401 S OLD WOODWARD AVE STE 370","","BIRMINGHAM MI 48009","E",0000.00000,0000000000,0000000000,0000000000,0000000000,0000000000,0000000000,"LAND ONLY","NOT VALIDATED","N"
"K45 02608 0004",4396,07-APR-11,000000000.00,"MONTG CO PARK DISTRICT","BOARD OF COUNTY COMMISSIONERS FOR","5040 MEDLAR RD","BOARD OF COUNTY COMMISSIONERS FOR","MONTGOMERY COUNTY OHIO","451 W THIRD ST","","DAYTON OH 45422","E",0073.16100,0000121320,0000000000,0000121320,0000346640,0000000000,0000346640,"LAND AND BUILDING","NOT VALIDATED","N"
"K45 02608 0085",4443,08-APR-11,000000000.00,"MIAMISBURG CITY","BOARD OF TOWNSHIP TRUSTEES OF","10891 10899 WOOD RD","BOARD OF TOWNSHIP TRUSTEES OF","MIAMI TOWNSHIP","2700 LYONS RD","","MIAMISBURG OH 45342","E",0022.35930,0000086080,0000000000,0000086080,0000245950,0000000000,0000245950,"LAND AND BUILDING","NOT VALIDATED","N"
"K45100113 0007",15575,29-NOV-11,000000000.00,"SPRINGBORO CITY OF","TOMASIAK KATHY J","INDUSTRY LN","TOMASIAK KATHY J","","4952 RIVERTON DR","","DAYTON OH 45414","E",0002.45700,0000039130,0000000000,0000039130,0000111810,0000000000,0000111810,"LAND AND BUILDING","NOT VALIDATED","N"
"K45100129T0001",8819,07-JUL-11,000000000.00,"CURT JACKSON INC","BRILL MCCONNAUGHEY PROPERTIES LLC","3366 SOUTH TECH BLVD","CURT JACKSON INC","","3366 SOUTH TECH BLVD","","MIAMISBURG OH 45342","E",0005.68000,0000000000,0000582150,0000582150,0000000000,0001663290,0001663290,"LAND ONLY","NOT VALIDATED","N"
"K46 00330T0018",16230,09-DEC-11,000110000.00,"MIAMI VALLEY FOOD AND","MUSIC LIMITED PARTNERSHIP LP","319 S SECOND ST","MUSIC LIMITED PARTNERSHIP LP","","405 N MAIN ST","","SPRINGBORO OH 45066","E",0000.76800,0000000000,0000109910,0000109910,0000000000,0000314040,0000314040,"LAND AND BUILDING","VALID SALE","N"
"K46 01319 0009",12126,13-SEP-11,011650000.00,"RLG MARTINS DRIVE LTD AND","COLE LO MIAMISBURG","SPRINGBORO PIKE","COLE LO MIAMISBURG OH LLC","C/O LOWES TAX DEPT NB3TA","1000 LOWES BLVD","","MOORESVILLE NC 28117","E",0000.00000,0000000000,0000000000,0000000000,0000000000,0000000000,0000000000,"LAND AND BUILDING","VALID SALE","N"
"K46 01319 0009",13388,06-OCT-11,000000000.00,"COLE LO MIAMISBURG","COLE LO MIAMISBURG","SPRINGBORO PIKE","COLE LO MIAMISBURG OH LLC","C/O LOWES TAX DEPT NB3TA","1000 LOWES BLVD","","MOORESVILLE NC 28117","E",0000.00000,0000000000,0000000000,0000000000,0000000000,0000000000,0000000000,"LAND ONLY","SALE INVOLVING MULTIPLE PARCELS","N"
"K46 51460T0007",4780,15-APR-11,000039900.00,"MIAMI HOTEL PROJECT","J & T PROPERTIES OF","80 S MAIN ST","MIAMI HOTEL PROJECT","","P O BOX 547","","MIAMISBURG OH 45343","E",0000.00000,0000000000,0000008940,0000008940,0000000000,0000025540,0000025540,"LAND AND BUILDING","NOT VALIDATED","N"
"K46 51460T0008",4782,15-APR-11,000026600.00,"MIAMI HOTEL PROJECT","J & T PROPERTIES OF","80 S MAIN ST","MIAMI HOTEL PROJECT","","P O BOX 547","","MIAMISBURG OH 45343","E",0000.00000,0000000000,0000005330,0000005330,0000000000,0000015220,0000015220,"LAND AND BUILDING","NOT VALIDATED","N"
"K47 23007 0044",14611,03-NOV-11,000000000.00,"KEMMER LONNIE F + CAMELLA","KEMMER CAMELLA A","ST RT 741","KEMMER CAMELLA A","","2655 W NATIONAL RD","","SPRINGFIELD OH 45504","E",0000.00000,0000000000,0000000000,0000000000,0000000000,0000000000,0000000000,"LAND AND BUILDING","RELATED INDIVIDUALS OR CORPORATIONS","N"
"K48 00104 0070",2210,22-FEB-11,000000000.00,"CHURCH OF CHRIST","WEST CARROLLTON CHURCH OF CHRIST INC","28 W MAIN ST","WEST CARROLLTON CHURCH OF CHRIST INC","","28 W MAIN ST","","WEST CARROLLTON OH 45449","E",0000.00000,0000008050,0000056200,0000064250,0000023010,0000160560,0000183570,"LAND AND BUILDING","RELATED INDIVIDUALS OR CORPORATIONS","N"
"M57 00907T0026",2227,22-FEB-11,004650612.00,"LAU INDUSTRIES INC","RUSKIN COMPANY","1 LAU PKWY","LAU INDUSTRIES INC","","3900 DR GRIEVES RD","","GRANDVIEW MO 64030","E",0020.24400,0000000000,0001585430,0001585430,0000000000,0004529800,0004529800,"LAND AND BUILDING","NOT VALIDATED","N"
"M57 00907T0026",2228,22-FEB-11,004096601.00,"RUSKIN COMPANY","HART & COOLEY INC","1 LAU PKWY","LAU INDUSTRIES INC","","3900 DR GRIEVES RD","","GRANDVIEW MO 64030","E",0020.24400,0000000000,0001585430,0001585430,0000000000,0004529800,0004529800,"LAND AND BUILDING","NOT VALIDATED","N"
"N64 03505 0118",15376,22-NOV-11,000000000.00,"DAYTON CITY OF","DRT MFG CO","ACORN DR","DRT MFG CO","","618 GREENMOUNT BLVD","","DAYTON OH 45409 2914","E",0000.22800,0000002450,0000000000,0000002450,0000007010,0000000000,0000007010,"LAND ONLY","NOT VALIDATED","N"
"N64 03505 0137",2707,03-MAR-11,000000000.00,"CENTRAL CHRISTIAN CH OF","KETTERING CITY OF","1200 FORRER BLVD","","","","","","E",0000.00720,0000000000,0000000000,0000000000,0000000000,0000000000,0000000000,"LAND ONLY","NOT VALIDATED","N"
"N64 04411 0007",12351,16-SEP-11,000275000.00,"SOUTHWEST OHIO READER DEV CORP","APOSTELOS ENTERPRISES INC","1709 WOODMAN DR","WALSH KETTERING LLC","","3621 SYMMES RD","","HAMILTON OH 45015","E",0000.31600,0000019270,0000045770,0000065040,0000055060,0000130760,0000185820,"LAND AND BUILDING","VALID SALE","N"
"N64 04411 0007",12353,16-SEP-11,000300000.00,"APOSTELOS ENTERPRISES INC","WALSH KETTERING LLC","1709 WOODMAN DR","WALSH KETTERING LLC","","3621 SYMMES RD","","HAMILTON OH 45015","E",0000.31600,0000019270,0000045770,0000065040,0000055060,0000130760,0000185820,"LAND AND BUILDING","SALE INVOLVING MULTIPLE PARCELS","N"
"N64 04411 0009",12351,16-SEP-11,000275000.00,"SOUTHWEST OHIO READER DEV CORP","APOSTELOS ENTERPRISES INC","WOODMAN DR","WALSH KETTERING LLC","","3621 SYMMES RD","","HAMILTON OH 45015","E",0000.11600,0000007070,0000000000,0000007070,0000020210,0000000000,0000020210,"LAND AND BUILDING","VALID SALE","N"
"N64 04411 0009",12353,16-SEP-11,000300000.00,"APOSTELOS ENTERPRISES INC","WALSH KETTERING LLC","WOODMAN DR","WALSH KETTERING LLC","","3621 SYMMES RD","","HAMILTON OH 45015","E",0000.11600,0000007070,0000000000,0000007070,0000020210,0000000000,0000020210,"LAND AND BUILDING","SALE INVOLVING MULTIPLE PARCELS","N"
"P70 03909 9002",12793,27-SEP-11,000000000.00,"KNICKERBOCKER THOMAS E AND","7700 BRAND LLC","7700 BRANDT PIKE","THOMAS LEE KNICKERBOCKER","","1401 FAIRGROUND RD","","XENIA OH 45385 8592","E",0000.00000,0000000000,0000000000,0000000000,0000000000,0000000000,0000000000,"LAND AND BUILDING","NOT VALIDATED","N"
"P70 04002 0073",1690,09-FEB-11,000000000.00,"BRENNER KATHLEEN LOUISE","BRENNER KATHLEEN L AND","SHULL RD","BRENNER KATHLEEN L AND","HUGH","6090 HONEYGATE DR","","DAYTON OH 45424 2326","E",0000.03500,0000000000,0000000000,0000000000,0000000000,0000000000,0000000000,"LAND AND BUILDING","RELATED INDIVIDUALS OR CORPORATIONS","N"
"R72 00503 0001",1087,26-JAN-11,000330000.00,"SALVATION ARMY","MESSENGERS OF MERCY","141 W 5TH ST","MESSENGERS OF MERCY MINISTRIES INC","","138 S WILKINSON ST","","DAYTON OH 45402","E",0000.00000,0000020790,0000000000,0000020790,0000059390,0000000000,0000059390,"LAND AND BUILDING","SALE INVOLVING MULTIPLE PARCELS","N"
"R72 00503 0003",1087,26-JAN-11,000330000.00,"SALVATION ARMY","MESSENGERS OF MERCY","138 S WILKINSON ST","MESSENGERS OF MERCY MINISTRIES INC","","138 S WILKINSON ST","","DAYTON OH 45402","E",0000.00000,0000067930,0000480040,0000547970,0000194090,0001371540,0001565630,"LAND AND BUILDING","SALE INVOLVING MULTIPLE PARCELS","N"
"R72 00503 0007",1087,26-JAN-11,000330000.00,"SALVATION ARMY","MESSENGERS OF MERCY","S WILKINSON ST","THE SALVATION ARMY","","1000 N KEOWEE ST","","DAYTON OH 45404 1520","E",0000.00000,0000016660,0000000850,0000017510,0000047610,0000002440,0000050050,"LAND AND BUILDING","SALE INVOLVING MULTIPLE PARCELS","N"
"R72 00701 0026",9830,27-JUL-11,000000000.00,"DAYTON CITY OF","PATTERSON SQUARE LTD","207 223 N PATTERSON BLVD","PATTERSON SQUARE LTD","","2785 ORCHARD RUN RD","","DAYTON OH 45449","E",0000.00000,0000058570,0000000000,0000058570,0000167350,0000000000,0000167350,"LAND AND BUILDING","NOT VALIDATED","N"
"R72 01210T0090",16675,20-DEC-11,000000000.00,"OLIVER DANIEL N AND","OLIVER DANIEL N","2137 E 5TH ST","OLIVER DANIEL N AND","JAMIE L OLIVER","2137 E FIFTH ST","","DAYTON OH 45403","E",0000.00000,0000000000,0000015630,0000015630,0000000000,0000044670,0000044670,"LAND AND BUILDING","NOT VALIDATED","N"
"R72 01711 0007",4454,08-APR-11,000000000.00,"MIAMI VALLEY HOSPITAL","MIAMI VALLEY HOSPITAL","823 S MAIN ST","MIAMI VALLEY HOSPITAL","","1 WYOMING AVE","","DAYTON OH 45409","E",0000.00000,0000004830,0000000000,0000004830,0000013800,0000000000,0000013800,"LAND ONLY","SALE INVOLVING MULTIPLE PARCELS","N"
"R72 01711 0008",4454,08-APR-11,000000000.00,"MIAMI VALLEY HOSPITAL","MIAMI VALLEY HOSPITAL","823 S MAIN ST","MIAMI VALLEY HOSPITAL","","1 WYOMING AVE","","DAYTON OH 45409","E",0000.00000,0000004780,0000000000,0000004780,0000013670,0000000000,0000013670,"LAND ONLY","SALE INVOLVING MULTIPLE PARCELS","N"
"R72 01711 0011",4454,08-APR-11,000000000.00,"MIAMI VALLEY HOSPITAL","MIAMI VALLEY HOSPITAL","833 835 S MAIN ST","MIAMI VALLEY HOSPITAL","","1 WYOMING AVE","","DAYTON OH 45409","E",0000.00000,0000008790,0000000000,0000008790,0000025110,0000000000,0000025110,"LAND ONLY","SALE INVOLVING MULTIPLE PARCELS","N"
"R72 01711 0012",4454,08-APR-11,000000000.00,"MIAMI VALLEY HOSPITAL","MIAMI VALLEY HOSPITAL","839 841 S MAIN ST","MIAMI VALLEY HOSPITAL","","1 WYOMING AVE","","DAYTON OH 45409","E",0000.00000,0000004590,0000000000,0000004590,0000013120,0000000000,0000013120,"LAND ONLY","SALE INVOLVING MULTIPLE PARCELS","N"
"R72 01711 0013",4454,08-APR-11,000000000.00,"MIAMI VALLEY HOSPITAL","MIAMI VALLEY HOSPITAL","845 863 S MAIN ST","MIAMI VALLEY HOSPITAL","","1 WYOMING AVE","","DAYTON OH 45409","E",0000.00000,0000004400,0000000000,0000004400,0000012570,0000000000,0000012570,"LAND ONLY","SALE INVOLVING MULTIPLE PARCELS","N"
"R72 01711 0014",4454,08-APR-11,000000000.00,"MIAMI VALLEY HOSPITAL","MIAMI VALLEY HOSPITAL","847 849 S MAIN ST","MIAMI VALLEY HOSPITAL","","1 WYOMING AVE","","DAYTON OH 45409","E",0000.00000,0000008790,0000000000,0000008790,0000025110,0000000000,0000025110,"LAND ONLY","SALE INVOLVING MULTIPLE PARCELS","N"
"R72 01711 0018",4454,08-APR-11,000000000.00,"MIAMI VALLEY HOSPITAL","MIAMI VALLEY HOSPITAL","52 CATHERINE ST","MIAMI VALLEY HOSPITAL","","1 WYOMING AVE","","DAYTON OH 45409","E",0000.00000,0000030630,0000000000,0000030630,0000087510,0000000000,0000087510,"LAND ONLY","SALE INVOLVING MULTIPLE PARCELS","N"
"R72 01711 0031",4454,08-APR-11,000000000.00,"MIAMI VALLEY HOSPITAL","MIAMI VALLEY HOSPITAL","16 CATHERINE ST","MIAMI VALLEY HOSPITAL","","1 WYOMING AVE","","DAYTON OH 45409","E",0000.00000,0000007850,0000000000,0000007850,0000022430,0000000000,0000022430,"LAND ONLY","SALE INVOLVING MULTIPLE PARCELS","N"
"R72 01711 0049",6791,26-MAY-11,000000000.00,"OHIO CONFERENCE ASSOC. OF","GOOD NEIGHBOR HOUSE","PATTERSON BLVD","GOOD NEIGHBOR HOUSE","","844 S PATTERSON BLVD","","DAYTON OH 45402","E",0000.21900,0000020030,0000001390,0000021420,0000057240,0000003960,0000061200,"LAND AND BUILDING","NOT VALIDATED","N"
"R72 01809 0037",11870,07-SEP-11,000001000.00,"KISLIG HOMES, LTD","KSAVOIE PROPERTY MGMT LLC","625 BROWN ST","KSAVOIE PROPERTY MGMT LLC","","2924 GRACE AVE","","DAYTON OH 45420 1615","E",0000.00000,0000001480,0000000750,0000002230,0000004230,0000002140,0000006370,"LAND AND BUILDING","NOT VALIDATED","N"
"R72 01913 0006",16635,19-DEC-11,000000000.00,"DAYTON METROPOLITAN","DAYTON CITY OF","BURNS AVE","DAYTON CITY OF","","101 W THIRD ST","","DAYTON OH 45402","E",0000.00000,0000119000,0000000000,0000119000,0000340000,0000000000,0000340000,"LAND ONLY","SALE INVOLVING MULTIPLE PARCELS","N"
"R72 01913 0007",16635,19-DEC-11,000000000.00,"DAY METROPOLITAN HOUSING","DAYTON CITY OF","50 56 ALBERTA ST","DAYTON CITY OF","","101 W THIRD ST","","DAYTON OH 45402","E",0000.00000,0000011220,0000000000,0000011220,0000032070,0000000000,0000032070,"LAND ONLY","SALE INVOLVING MULTIPLE PARCELS","N"
"R72 02208 0024",420,10-JAN-11,000000000.00,"STATE OF OHIO","CAR TUNE USA INC","LINDEN AVE","STATE OF OHIO","FORFEITURE CASE #05CV199","","","","E",0000.00000,0000005120,0000000000,0000005120,0000014640,0000000000,0000014640,"LAND AND BUILDING","NOT VALIDATED","N"
"R72 02509 0005",11406,26-AUG-11,000002105.00,"EAST END COMMUNITY CENTER","DAYTON OHIO HABITAT FOR HUMANITY INC","814 STEELE AVE","DAYTON OHIO HABITAT FOR HUMANITY INC","","3534 LINDEN AVE","","DAYTON OH 45410","E",0000.00000,0000000000,0000000000,0000000000,0000000000,0000000000,0000000000,"LAND ONLY","SALE INVOLVING MULTIPLE PARCELS","N"
"R72 02509 0006",11406,26-AUG-11,000002105.00,"EAST END COMMUNITY CENTER","DAYTON OHIO HABITAT FOR HUMANITY INC","810 STEELE AVE","DAYTON OHIO HABITAT FOR HUMANITY INC","","3534 LINDEN AVE","","DAYTON OH 45410","E",0000.00000,0000000000,0000000000,0000000000,0000000000,0000000000,0000000000,"LAND ONLY","SALE INVOLVING MULTIPLE PARCELS","N"
"R72 02707 0018",2862,07-MAR-11,000000000.00,"RADOMINSKI GARY","DAYTON CITY OF","1315 WAYNE AVE","DAYTON CITY OF","LAND REUTILIZATION PROGRAM","101 W THIRD ST","","DAYTON OH 45402","E",0000.00000,0000003990,0000000710,0000004700,0000011400,0000002030,0000013430,"LAND AND BUILDING","LIQUIDATION/FORECLOSURE","N"
"R72 03103 0018",9883,27-JUL-11,000000000.00,"PHILIPS JESSE TR","MVO BUILDING SOLUTIONS III LLC","1600 BROWN ST","MVO BUILDING SOLUTIONS III LLC","","4000 MILLER VALENTINE CT","","MILFORD OH 45150","E",0000.11100,0000041570,0000823080,0000864650,0000118760,0002351670,0002470430,"LAND AND BUILDING","SALE INVOLVING MULTIPLE PARCELS","N"
"R72 03103 0034",9883,27-JUL-11,000000000.00,"UNIVERSITY OF DAYTON","MVO BUILDING SOLUTIONS III LLC","BROWN ST","MVO BUILDING SOLUTIONS III LLC","","4000 MILLER VALENTINE CT","","MILFORD OH 45150","E",0000.18700,0000011400,0000000000,0000011400,0000032580,0000000000,0000032580,"LAND AND BUILDING","SALE INVOLVING MULTIPLE PARCELS","N"
"R72 03403 0009",645,13-JAN-11,000000000.00,"STATE OF OHIO","SAVOIE GEORGE A AND","MARGARET ST","RUMBARGER TODD A","","2908 O'NEALL RD","","WAYNESVILLE OH 45068","E",0000.00000,0000002630,0000000000,0000002630,0000007510,0000000000,0000007510,"LAND ONLY","NOT VALIDATED","N"
"R72 03403 0009",6226,17-MAY-11,000001500.00,"SAVOIE GEORGE A AND","RUMBARGER TODD A","MARGARET ST","RUMBARGER TODD A","","2908 O'NEALL RD","","WAYNESVILLE OH 45068","E",0000.00000,0000002630,0000000000,0000002630,0000007510,0000000000,0000007510,"LAND ONLY","NOT VALIDATED","N"
"R72 03901 0059",7113,02-JUN-11,000000000.00,"STATE OF OHIO","CITY OF DAYTON","ST JOSEPH AVE","CITY OF DAYTON","REUTILIZATION PROGRAM","101 W THIRD ST","","DAYTON OH 45401","E",0000.00000,0000003500,0000000000,0000003500,0000010000,0000000000,0000010000,"LAND ONLY","NOT VALIDATED","N"
"R72 04602 0033",641,13-JAN-11,000000000.00,"STATE OF OHIO","SAVOIE GEORGE A AND","N MONMOUTH ST","SAVOIE GEORGE A AND","DAVID W GARWOOD","2924 GRACE AVE","","DAYTON OH 45420","E",0000.00000,0000000000,0000000000,0000000000,0000000000,0000000000,0000000000,"LAND ONLY","NOT VALIDATED","N"
"R72 04604 0047",7053,02-JUN-11,000000000.00,"STATE OF OHIO","CITY OF DAYTON","18 N JERSEY ST","CITY OF DAYTON","REUTILIZATION PROGRAM","101 W THIRD ST","","DAYTON OH 45401","E",0000.00000,0000002770,0000000000,0000002770,0000007910,0000000000,0000007910,"LAND ONLY","NOT VALIDATED","N"
"R72 04606 0017",5111,25-APR-11,000177000.00,"VOLUNTEERS OF AMERICA OF GREATER OHIO","SCIOTO EDUCATIONAL FOUNDATION","2601 E FOURTH ST","SCIOTO EDUCATIONAL FOUNDATION","","2601 FOURTH ST","","DAYTON OH 45403","E",0000.00000,0000006270,0000093430,0000099700,0000017920,0000266950,0000284870,"LAND AND BUILDING","NOT VALIDATED","N"
"R72 04606 0019",5111,25-APR-11,000177000.00,"VOLUNTEERS OF AMERICA OF GREATER OHIO","SCIOTO EDUCATIONAL FOUNDATION","E FOURTH ST","SCIOTO EDUCATIONAL FOUNDATION","","2601 FOURTH ST","","DAYTON OH 45403","E",0000.00000,0000001880,0000000000,0000001880,0000005380,0000000000,0000005380,"LAND AND BUILDING","NOT VALIDATED","N"
"R72 04606 0020",5111,25-APR-11,000177000.00,"VOLUNTEERS OF AMERICA OF GREATER OHIO","SCIOTO EDUCATIONAL FOUNDATION","E 4TH ST","SCIOTO EDUCATIONAL FOUNDATION","","2601 FOURTH ST","","DAYTON OH 45403","E",0000.00000,0000001880,0000000000,0000001880,0000005380,0000000000,0000005380,"LAND AND BUILDING","NOT VALIDATED","N"
"R72 04606 0021",5111,25-APR-11,000177000.00,"VOLUNTEERS OF AMERICA OF GREATER OHIO","SCIOTO EDUCATIONAL FOUNDATION","E 4TH ST","SCIOTO EDUCATIONAL FOUNDATION","","2601 FOURTH ST","","DAYTON OH 45403","E",0000.00000,0000001880,0000000000,0000001880,0000005380,0000000000,0000005380,"LAND AND BUILDING","NOT VALIDATED","N"
"R72 04701 0032",11062,19-AUG-11,000000000.00,"DAYTON CITY OF","MORGAN JOE B","N IRWIN ST","MORGAN JOE B","","113 N IRWIN ST","","DAYTON OH 45403","E",0000.00000,0000001030,0000000000,0000001030,0000002930,0000000000,0000002930,"LAND AND BUILDING","NOT VALIDATED","N"
"R72 04803 0133",10207,03-AUG-11,000000000.00,"FIRST GENERAL BAPTSIT CHURCH","FIRST GENERAL BAPTSIT CHURCH OF DAYTON","1004 WOODLEY RD","FIRST GENERAL BAPTSIT CHURCH OF DAYTON","","1002 WOODLEY RD","","DAYTON OH 45403","E",0000.00000,0000002670,0000010150,0000012820,0000007630,0000029000,0000036630,"LAND AND BUILDING","NOT VALIDATED","N"
"R72 04803 0133",13901,19-OCT-11,000000000.00,"FIRST GENERAL BAPTSIT CHURCH OF DAYTON","FIRST GENERAL BAPTSIT CHURCH OF DAYTON","1004 WOODLEY RD","FIRST GENERAL BAPTSIT CHURCH OF DAYTON","","1002 WOODLEY RD","","DAYTON OH 45403","E",0000.00000,0000002670,0000010150,0000012820,0000007630,0000029000,0000036630,"LAND AND BUILDING","NOT VALIDATED","N"
"R72 04803 0133",13900,19-OCT-11,000000000.00,"FIRST GENERAL BAPTSIT CHURCH OF DAYTON","FIRST GENERAL BAPTSIT CHURCH OF DAYTON","1004 WOODLEY RD","FIRST GENERAL BAPTSIT CHURCH OF DAYTON","","1002 WOODLEY RD","","DAYTON OH 45403","E",0000.00000,0000002670,0000010150,0000012820,0000007630,0000029000,0000036630,"LAND AND BUILDING","NOT VALIDATED","N"
"R72 04803 0133",13405,07-OCT-11,000000000.00,"FIRST GENERAL BAPTSIT CHURCH OF DAYTON","FIRST GENERAL BAPTSIT CHURCH OF DAYTON","1004 WOODLEY RD","FIRST GENERAL BAPTSIT CHURCH OF DAYTON","","1002 WOODLEY RD","","DAYTON OH 45403","E",0000.00000,0000002670,0000010150,0000012820,0000007630,0000029000,0000036630,"LAND AND BUILDING","NOT VALIDATED","N"
"R72 04803 0133",13903,19-OCT-11,000000000.00,"FIRST GENERAL BAPTSIT CHURCH OF DAYTON","FIRST GENERAL BAPTSIT CHURCH OF DAYTON","1004 WOODLEY RD","FIRST GENERAL BAPTSIT CHURCH OF DAYTON","","1002 WOODLEY RD","","DAYTON OH 45403","E",0000.00000,0000002670,0000010150,0000012820,0000007630,0000029000,0000036630,"LAND AND BUILDING","NOT VALIDATED","N"
"R72 04803 0133",11630,01-SEP-11,000000000.00,"FIRST GENERAL BAPTSIT CHURCH OF DAYTON","FIRST GENERAL BAPTSIT CHURCH OF DAYTON","1004 WOODLEY RD","FIRST GENERAL BAPTSIT CHURCH OF DAYTON","","1002 WOODLEY RD","","DAYTON OH 45403","E",0000.00000,0000002670,0000010150,0000012820,0000007630,0000029000,0000036630,"LAND AND BUILDING","NOT VALIDATED","N"
"R72 04803 0133",11635,01-SEP-11,000000000.00,"FIRST GENERAL BAPTSIT CHURCH OF DAYTON","FIRST GENERAL BAPTSIT CHURCH OF DAYTON","1004 WOODLEY RD","FIRST GENERAL BAPTSIT CHURCH OF DAYTON","","1002 WOODLEY RD","","DAYTON OH 45403","E",0000.00000,0000002670,0000010150,0000012820,0000007630,0000029000,0000036630,"LAND AND BUILDING","NOT VALIDATED","N"
"R72 05309 0028",13087,30-SEP-11,000000000.00,"BOARD OF EDUCATION DAYTON","CHILDREN'S MEDICAL","156 GRANT ST","CHILDREN'S MEDICAL","CENTER","1 CHILDRENS PLZ","","DAYTON OH 45404","E",0000.00000,0000028930,0000348760,0000377690,0000082660,0000996460,0001079120,"LAND AND BUILDING","NOT VALIDATED","N"
"R72 05405 0009",643,13-JAN-11,000000000.00,"STATE OF OHIO","SAVOIE GEORGE A AND","214 DEEDS AVE","SAVOIE GEORGE A AND","DAVID W GARWOOD","2924 GRACE AVE","","DAYTON OH 45420","E",0000.00000,0000000000,0000000000,0000000000,0000000000,0000000000,0000000000,"LAND ONLY","NOT VALIDATED","N"
"R72 05608 0059",11683,01-SEP-11,000012500.00,"BAPTIST CHURCH CALVARY","BOST CLINTON A","16 DANIEL ST","BOST CLINTON A","","2620 BROCKDALE DR","","SPRINGFIELD OH 45502","E",0000.00000,0000001410,0000000000,0000001410,0000004040,0000000000,0000004040,"LAND AND BUILDING","NOT VALIDATED","N"
"R72 05905 0017",6927,31-MAY-11,000000000.00,"LIBERTY CHRISTIAN","STATE OF OHIO","51 BEST ST","LIBERTY CHRISTIAN CATHEDRAL","","P.O. BOX 1413","","DAYTON OH 45401","E",0000.00000,0000031300,0000196590,0000227890,0000089420,0000561680,0000651100,"LAND AND BUILDING","NOT VALIDATED","N"
"R72 06009 0025",7072,02-JUN-11,000000000.00,"STATE OF OHIO","CITY OF DAYTON","22 E BURTON AVE","CITY OF DAYTON","REUTILIZATION PROGRAM","101 W THIRD ST","","DAYTON OH 45401","E",0000.00000,0000001430,0000000000,0000001430,0000004080,0000000000,0000004080,"LAND ONLY","NOT VALIDATED","N"
"R72 06104 0009",637,13-JAN-11,000000000.00,"STATE OF OHIO","SAVOIE GEORGE A AND","N MAIN ST","SAVOIE GEORGE A AND","DAVID W GARWOOD","2924 GRACE AVE","","DAYTON OH 45420","E",0000.00000,0000000000,0000000000,0000000000,0000000000,0000000000,0000000000,"LAND ONLY","NOT VALIDATED","N"
"R72 06710 0010",1554,07-FEB-11,000000000.00,"BERNARDIN JOSEPH L","SCHNURR DENNIS M","224 SQUIRREL RD","MARSHALL CHARLES AND","JUANITA","224 SQUIRREL RD","","DAYTON OH 45405","E",0000.33500,0000006500,0000023230,0000029730,0000018580,0000066360,0000084940,"LAND AND BUILDING","NOT VALIDATED","N"
"R72 06710 0010",4464,08-APR-11,000085000.00,"SCHNURR DENNIS M","MARSHALL CHARLES AND","224 SQUIRREL RD","MARSHALL CHARLES AND","JUANITA","224 SQUIRREL RD","","DAYTON OH 45405","E",0000.33500,0000006500,0000023230,0000029730,0000018580,0000066360,0000084940,"LAND AND BUILDING","VALID SALE","N"
"R72 06802 0015",7122,02-JUN-11,000000000.00,"STATE OF OHIO","CITY OF DAYTON","724 ROCKFORD AVE","CITY OF DAYTON","REUTILIZATION PROGFRAM","101 W THIRD ST","","DAYTON OH 45401","E",0000.00000,0000002140,0000000000,0000002140,0000006100,0000000000,0000006100,"LAND ONLY","NOT VALIDATED","N"
"R72 07008 0050",11586,31-AUG-11,000000000.00,"FIVE OAKS NEIGHBORHOOD","DAYTON CITY OF","300 DELAWARE AVE","DAYTON CITY OF","","101 W THIRD ST","","DAYTON OH 45402","E",0000.00000,0000003190,0000000970,0000004160,0000009120,0000002780,0000011900,"LAND ONLY","NOT VALIDATED","N"
"R72 07109 0016",7124,02-JUN-11,000000000.00,"STATE OF OHIO","CITY OF DAYTON","8 10 HUDSON AVE","CITY OF DAYTON","REUTILIZATION PROGRAM","101 W THIRD ST","","DAYTON OH 45401","E",0000.00000,0000001720,0000001090,0000002810,0000004910,0000003100,0000008010,"LAND AND BUILDING","NOT VALIDATED","N"
"R72 07406 0047",15870,05-DEC-11,000000000.00,"DAYTON METROPOLITAN","DAYTON VIEW COMMONS II LLC","206 AUDUBON PARK","DAYTON VIEW COMMONS II LLC","","9080 SPRINGBORO PIKE","","MIAMISBURG OH 45342","E",0000.00000,0000003820,0000000000,0000003820,0000010910,0000000000,0000010910,"LAND AND BUILDING","SALE INVOLVING MULTIPLE PARCELS","N"
"R72 07411 0004",15870,05-DEC-11,000000000.00,"DAYTON METROPOLITAN","DAYTON VIEW COMMONS II LLC","539 N WILLIAMS ST","DAYTON VIEW COMMONS II LLC","","9080 SPRINGBORO PIKE","","MIAMISBURG OH 45342","E",0000.00000,0000001550,0000000000,0000001550,0000004440,0000000000,0000004440,"LAND AND BUILDING","SALE INVOLVING MULTIPLE PARCELS","N"
"R72 07411 0081",15870,05-DEC-11,000000000.00,"DAYTON METROPOLITAN HOUSING AUTHORITY","DAYTON VIEW COMMONS II LLC","WILLIAMS ST","DAYTON VIEW COMMONS II LLC","","9080 SPRINGBORO PIKE","","MIAMISBURG OH 45342","E",0000.12800,0000001170,0000000000,0000001170,0000003350,0000000000,0000003350,"LAND AND BUILDING","SALE INVOLVING MULTIPLE PARCELS","N"
"R72 07411 0082",15870,05-DEC-11,000000000.00,"DAYTON METROPOLITAN HOUSING AUTHORITY","DAYTON VIEW COMMONS II LLC","WILLIAMS ST","DAYTON VIEW COMMONS II LLC","","9080 SPRINGBORO PIKE","","MIAMISBURG OH 45342","E",0000.12800,0000001170,0000000000,0000001170,0000003350,0000000000,0000003350,"LAND AND BUILDING","SALE INVOLVING MULTIPLE PARCELS","N"
"R72 07411 0083",15870,05-DEC-11,000000000.00,"DAYTON METROPOLITAN HOUSING AUTHORITY","DAYTON VIEW COMMONS II LLC","WILLIAMS ST","DAYTON VIEW COMMONS II LLC","","9080 SPRINGBORO PIKE","","MIAMISBURG OH 45342","E",0000.12800,0000001170,0000000000,0000001170,0000003350,0000000000,0000003350,"LAND AND BUILDING","SALE INVOLVING MULTIPLE PARCELS","N"
"R72 07411 0084",15870,05-DEC-11,000000000.00,"DAYTON METROPOLITAN HOUSING AUTHORITY","DAYTON VIEW COMMONS II LLC","WILLIAMS ST","DAYTON VIEW COMMONS II LLC","","9080 SPRINGBORO PIKE","","MIAMISBURG OH 45342","E",0000.12900,0000001180,0000000000,0000001180,0000003370,0000000000,0000003370,"LAND AND BUILDING","SALE INVOLVING MULTIPLE PARCELS","N"
"R72 07501 0047",16532,15-DEC-11,000000000.00,"DAYTON METROPOLITAN HOUSING AUTHORITY","DAYTON VIEW COMMONS II LLC","236 HOLT ST","DAYTON VIEW COMMONS II LLC","","9080 SPRINGBORO PIKE","","MIAMISBURG OH 45342","E",0000.19100,0000001750,0000000000,0000001750,0000004990,0000000000,0000004990,"LAND ONLY","NOT VALIDATED","N"
"R72 07501 0048",16532,15-DEC-11,000000000.00,"DAYTON METROPOLITAN HOUSING AUTHORITY","DAYTON VIEW COMMONS II LLC","228 HOLT ST","DAYTON VIEW COMMONS II LLC","","9080 SPRINGBORO PIKE","","MIAMISBURG OH 45342","E",0000.17900,0000001640,0000000000,0000001640,0000004680,0000000000,0000004680,"LAND ONLY","NOT VALIDATED","N"
"R72 07501 0049",16532,15-DEC-11,000000000.00,"DAYTON METROPOLITAN HOUSING AUTHORITY","DAYTON VIEW COMMONS II LLC","222 HOLT ST","DAYTON VIEW COMMONS II LLC","","9080 SPRINGBORO PIKE","","MIAMISBURG OH 45342","E",0000.18000,0000001650,0000000000,0000001650,0000004700,0000000000,0000004700,"LAND ONLY","NOT VALIDATED","N"
"R72 07501 0050",16532,15-DEC-11,000000000.00,"DAYTON METROPOLITAN HOUSING AUTHORITY","DAYTON VIEW COMMONS II LLC","216 HOLT ST","DAYTON VIEW COMMONS II LLC","","9080 SPRINGBORO PIKE","","MIAMISBURG OH 45342","E",0000.19800,0000001810,0000000000,0000001810,0000005170,0000000000,0000005170,"LAND ONLY","NOT VALIDATED","N"
"R72 07503 0016",15870,05-DEC-11,000000000.00,"DAYTON METROPOLITAN","DAYTON VIEW COMMONS II LLC","857 RIVERVIEW TER","DAYTON VIEW COMMONS II LLC","","9080 SPRINGBORO PIKE","","MIAMISBURG OH 45342","E",0000.00000,0000003500,0000000000,0000003500,0000010000,0000000000,0000010000,"LAND AND BUILDING","SALE INVOLVING MULTIPLE PARCELS","N"
"R72 07506 0018",7061,02-JUN-11,000000000.00,"STATE OF OHIO","CITY OF DAYTON","411 NEGLEY PL","CITY OF DAYTON","REUTILIZATION PROGRAM","101 W THIRD ST","","DAYTON OH 45401","E",0000.00000,0000002610,0000000000,0000002610,0000007470,0000000000,0000007470,"LAND AND BUILDING","NOT VALIDATED","N"
"R72 07510 0036",7118,02-JUN-11,000000000.00,"STATE OF OHIO","CITY OF DAYTON","MEREDITH ST","CITY OF DAYTON","REUTILIZATION PROGRAM","101 W THIRD ST","","DAYTON OH 45401","E",0000.00000,0000001600,0000000000,0000001600,0000004570,0000000000,0000004570,"LAND ONLY","NOT VALIDATED","N"
"R72 07510 0050",15870,05-DEC-11,000000000.00,"DAYTON METROPOLITAN","DAYTON VIEW COMMONS II LLC","423 N WILLIAMS ST","DAYTON VIEW COMMONS II LLC","","9080 SPRINGBORO PIKE","","MIAMISBURG OH 45342","E",0000.00000,0000003270,0000000000,0000003270,0000009350,0000000000,0000009350,"LAND AND BUILDING","SALE INVOLVING MULTIPLE PARCELS","N"
"R72 07510 0052",16690,21-DEC-11,000000000.00,"DAYTON METROPOLITAN HOUSING","DAYTON OHIO HABITAT","1131 W RIVERVIEW AVE","DAYTON OHIO HABITAT","FOR HUMANITY","3534 LINDEN AVE","","DAYTON OH 45410","E",0000.13310,0000003480,0000014640,0000018120,0000009930,0000041840,0000051770,"LAND AND BUILDING","NOT OPEN MARKET","N"
"R72 07510 0062",7561,10-JUN-11,000000000.00,"DAYTON METROPOLITAN","OBERER TAC LTD","320 322 HOLT ST","OBERER TAC LTD","","9080 SPRINGBORO PIKE","","MIAMISBURG OH 45342 6336","E",0000.00000,0000001880,0000000000,0000001880,0000005360,0000000000,0000005360,"LAND ONLY","NOT VALIDATED","N"
"R72 07512 0014",16639,19-DEC-11,000000000.00,"DAYTON METROPOLITAN HOUSING AUTHORITY","FLETCHER WILLA D AND","1214 RIVERVIEW AVE","DAYTON METROPOLITAN HOUSING AUTHORITY","","400 WAYNE AVE","","DAYTON OH 45401","E",0000.00000,0000001410,0000000000,0000001410,0000004030,0000000000,0000004030,"LAND AND BUILDING","SALE INVOLVING MULTIPLE PARCELS","N"
"R72 07512 0028",7561,10-JUN-11,000000000.00,"DAYTON METROPOLITAN","OBERER TAC LTD","617 NEGLEY PL","OBERER TAC LTD","","9080 SPRINGBORO PIKE","","MIAMISBURG OH 45342 6336","E",0000.00000,0000001370,0000000000,0000001370,0000003900,0000000000,0000003900,"LAND ONLY","NOT VALIDATED","N"
"R72 07512 0029",7561,10-JUN-11,000000000.00,"DAYTON METROPOLITAN","OBERER TAC LTD","613 NEGLEY PL","OBERER TAC LTD","","9080 SPRINGBORO PIKE","","MIAMISBURG OH 45342 6336","E",0000.00000,0000001370,0000000000,0000001370,0000003900,0000000000,0000003900,"LAND ONLY","NOT VALIDATED","N"
"R72 07512 0030",7561,10-JUN-11,000000000.00,"DAYTON METROPOLITAN","OBERER TAC LTD","611 NEGLEY PL","OBERER TAC LTD","","9080 SPRINGBORO PIKE","","MIAMISBURG OH 45342 6336","E",0000.00000,0000001370,0000000000,0000001370,0000003900,0000000000,0000003900,"LAND ONLY","NOT VALIDATED","N"
"R72 07512 0041",16639,19-DEC-11,000000000.00,"DAYTON METROPOLITAN HOUSING AUTHORITY","FLETCHER WILLA D AND","RIVERVIEW AVE","DAYTON METROPOLITAN HOUSING AUTHORITY","","400 WAYNE AVE","","DAYTON OH 45401","E",0000.00000,0000001340,0000000000,0000001340,0000003820,0000000000,0000003820,"LAND AND BUILDING","SALE INVOLVING MULTIPLE PARCELS","N"
"R72 07610 0014",7052,02-JUN-11,000000000.00,"STATE OF OHIO","CITY OF DAYTON","1312 RIVERVIEW AVE","CITY OF DAYTON","REUTILIZATION PROGRAM","101 W THIRD ST","","DAYTON OH 45401 4262","E",0000.00000,0000003540,0000000000,0000003540,0000010120,0000000000,0000010120,"LAND ONLY","NOT VALIDATED","N"
"R72 07611 0015",7086,02-JUN-11,000000000.00,"STATE OF OHIO","CITY OF DAYTON","907 NEGLEY PL","CITY OF DAYTON","REUTILIZATION PROGRAM","101 W THIRD ST","","DAYTON OH 45401 2556","E",0000.00000,0000001510,0000000000,0000001510,0000004310,0000000000,0000004310,"LAND ONLY","NOT VALIDATED","N"
"R72 07703 0037",7099,02-JUN-11,000000000.00,"STATE OF OHIO","CITY OF DAYTON","628 630 LEXINGTON AVE","CITY OF DAYTON","REUTILIZATION PROGRAM","101 W THIRD ST","","DAYTON OH 45401","E",0000.00000,0000001740,0000000000,0000001740,0000004970,0000000000,0000004970,"LAND ONLY","NOT VALIDATED","N"
"R72 07709 0086",7089,02-JUN-11,000000000.00,"STATE OF OHIO","CITY OF DAYTON","707 FAULKNER AVE","CITY OF DAYTON","REUTILIZATION PROGRAM","101 W THIRD ST","","DAYTON OH 45401 5894","E",0000.00000,0000001040,0000000000,0000001040,0000002970,0000000000,0000002970,"LAND ONLY","NOT VALIDATED","N"
"R72 07709 0087",7088,02-JUN-11,000000000.00,"STATE OF OHIO","CITY OF DAYTON","1501 RIVERVIEW AVE","CITY OF DAYTON","REUTILIZATION PROGRAM","101 W THIRD ST","","DAYTON OH 45401 3825","E",0000.00000,0000002100,0000000000,0000002100,0000005990,0000000000,0000005990,"LAND ONLY","NOT VALIDATED","N"
"R72 08106 0003",7121,02-JUN-11,000000000.00,"STATE OF OHIO","CITY OF DAYTON","453 N KILMER ST","CITY OF DAYTON","REUTILIZATION PROGRAM","101 W THIRD ST","","DAYTON OH 45401","E",0000.00000,0000001080,0000000000,0000001080,0000003090,0000000000,0000003090,"LAND ONLY","NOT VALIDATED","N"
"R72 08202 0032",7076,02-JUN-11,000000000.00,"STATE OF OHIO","CITY OF DAYTON","67 HALLWOOD AVE","CITY OF DAYTON","REUTILIZATION PROGRAM","101 W THIRD ST","","DAYTON OH 45401","E",0000.00000,0000001840,0000000000,0000001840,0000005260,0000000000,0000005260,"LAND ONLY","NOT VALIDATED","N"
"R72 08202 0044",16334,13-DEC-11,000000000.00,"DAYTON CITY OF","ROOSEVELT HOMES LLC","19 HALLWOOD AVE","DAYTON CITY OF","LAND REUTILIZATION PROGRAM","101 W THIRD ST","","DAYTON OH 45402","E",0000.00000,0000001070,0000000000,0000001070,0000003070,0000000000,0000003070,"LAND AND BUILDING","NOT VALIDATED","N"
"R72 08202 0053",16334,13-DEC-11,000000000.00,"DAYTON CITY OF","ROOSEVELT HOMES LLC","126 N KILMER ST","DAYTON CITY OF","LAND REUTILIZATION PROGRAM","101 W THIRD ST","","DAYTON OH 45402","E",0000.00000,0000001070,0000000000,0000001070,0000003070,0000000000,0000003070,"LAND AND BUILDING","NOT VALIDATED","N"
"R72 08202 0064",16334,13-DEC-11,000000000.00,"CITY OF DAYTON","ROOSEVELT HOMES LLC","166 KILMER ST","CITY OF DAYTON","LAND REUTILIZATION PROGRAM","101 W THIRD ST","","DAYTON OH 45402","E",0000.00000,0000001070,0000000000,0000001070,0000003070,0000000000,0000003070,"LAND AND BUILDING","NOT VALIDATED","N"
"R72 08203 0013",16334,13-DEC-11,000000000.00,"DAYTON CITY OF","ROOSEVELT HOMES LLC","31 33 KILMER ST","DAYTON CITY OF","LAND REUTILIZATION PROGRAM","101 W THIRD ST","","DAYTON OH 45402","E",0000.00000,0000001250,0000000000,0000001250,0000003570,0000000000,0000003570,"LAND AND BUILDING","NOT VALIDATED","N"
"R72 08203 0031",16334,13-DEC-11,000000000.00,"DAYTON CITY OF","ROOSEVELT HOMES LLC","2208 2210 W 2ND ST","DAYTON CITY OF","LAND REUTILIZATION PROGRAM","101 W THIRD ST","","DAYTON OH 45402","E",0000.00000,0000001230,0000000000,0000001230,0000003520,0000000000,0000003520,"LAND AND BUILDING","NOT VALIDATED","N"
"R72 08206 0004",1856,11-FEB-11,000000000.00,"BETHEL PRIMITIVE BAPTIST CHURCH","DAYTON CITY OF","210 CLEMMER ST","DAYTON CITY OF","","101 W THIRD ST","","DAYTON OH 45402","E",0000.00000,0000000890,0000000000,0000000890,0000002540,0000000000,0000002540,"LAND ONLY","LIQUIDATION/FORECLOSURE","N"
"R72 08206 0026",7084,02-JUN-11,000000000.00,"STATE OF OHIO","CITY OF DAYTON","224 N MATHISON ST","CITY OF DAYTON","REUTILIZATION PROGRAM","101 W THIRD ST","","DAYTON OH 45401 3825","E",0000.00000,0000000340,0000000000,0000000340,0000000980,0000000000,0000000980,"LAND ONLY","NOT VALIDATED","N"
"R72 08206 0035",16334,13-DEC-11,000000000.00,"CITY OF DAYTON","ROOSEVELT HOMES LLC","1014 EDISON ST","CITY OF DAYTON","","101 W THIRD ST","","DAYTON OH 45401","E",0000.00000,0000000320,0000000000,0000000320,0000000900,0000000000,0000000900,"LAND AND BUILDING","NOT VALIDATED","N"
"R72 08206 0051",4337,07-APR-11,000000000.00,"BARAKAAT REKIA","DAYTON CITY OF","2001 W 1ST ST","DAYTON CITY OF","","101 W 3RD ST","","DAYTON OH 45402","E",0000.00000,0000000680,0000000000,0000000680,0000001930,0000000000,0000001930,"LAND ONLY","NOT VALIDATED","N"
"R72 08208 0044",16334,13-DEC-11,000000000.00,"DAYTON CITY OF","ROOSEVELT HOMES LLC","923 EDISON ST","ROOSEVELT HOMES LLC","","9349 WATERSTONE BLVD","","CINCINNATI OH 45249","E",0000.00000,0000001150,0000000000,0000001150,0000003280,0000000000,0000003280,"LAND AND BUILDING","NOT VALIDATED","N"
"R72 08208 0046",16334,13-DEC-11,000000000.00,"DAYTON CITY OF","ROOSEVELT HOMES LLC","915 EDISON ST","DAYTON CITY OF","LAND REUTILIZATION PROGRAM","101 W THIRD ST","","DAYTON OH 45402","E",0000.00000,0000001150,0000000000,0000001150,0000003280,0000000000,0000003280,"LAND AND BUILDING","NOT VALIDATED","N"
"R72 08208 0047",16334,13-DEC-11,000000000.00,"DAYTON CITY OF","ROOSEVELT HOMES LLC","911 EDISON ST","DAYTON CITY OF","LAND REUTILIZATION PROGRAM","101 W THIRD ST","","DAYTON OH 45402","E",0000.00000,0000001150,0000000000,0000001150,0000003280,0000000000,0000003280,"LAND AND BUILDING","NOT VALIDATED","N"
"R72 08208 0064",8306,24-JUN-11,000000000.00,"CHURCH OF THE GOOD SHEPHERD","MT ZION HOLY CHURCH IN CHRIST","41 43 MASON ST","MT ZION HOLY CHURCH IN CHRIST","","421 SHILOH SPRINGS RD","","DAYTON OH 45415","E",0000.00000,0000000000,0000000000,0000000000,0000000000,0000000000,0000000000,"LAND AND BUILDING","NOT VALIDATED","N"
"R72 08301 0037",7091,02-JUN-11,000000000.00,"STATE OF OHIO","CITY OF DAYTON","W 2ND ST","CITY OF DAYTON","REUTILIZATION PROGRAM","101 W THIRD ST","","DAYTON OH 45401","E",0000.00000,0000000990,0000000000,0000000990,0000002830,0000000000,0000002830,"LAND ONLY","NOT VALIDATED","N"
"R72 08305 0001",12212,14-SEP-11,000000000.00,"FAITH MISSION COMMUNITY","RIGHT PATH MINISTRIES INC","420 N CONOVER ST","RIGHT PATH MINISTRIES INC","","420 N CONOVER ST","","DAYTON OH 45402 1718","E",0000.14500,0000001330,0000045640,0000046970,0000003790,0000130410,0000134200,"LAND AND BUILDING","NOT VALIDATED","N"
"R72 08305 0064",16148,08-DEC-11,000000000.00,"DAYTON CITY OF","HABITAT FOR HUMANITY INC","312 N CONOVER ST","HABITAT FOR HUMANITY INC","","3534 W LINDEN AVE","","DAYTON OH 45410","E",0000.00000,0000000630,0000000000,0000000630,0000001790,0000000000,0000001790,"LAND ONLY","SALE INVOLVING MULTIPLE PARCELS","N"
"R72 08305 0065",16148,08-DEC-11,000000000.00,"CITY OF DAYTON","HABITAT FOR HUMANITY INC","163 EDISON ST","HABITAT FOR HUMANITY INC","","3534 W LINDEN AVE","","DAYTON OH 45410","E",0000.00000,0000001130,0000000000,0000001130,0000003240,0000000000,0000003240,"LAND ONLY","SALE INVOLVING MULTIPLE PARCELS","N"
"R72 08305 0065",7117,02-JUN-11,000000000.00,"STATE OF OHIO","CITY OF DAYTON","163 EDISON ST","HABITAT FOR HUMANITY INC","","3534 W LINDEN AVE","","DAYTON OH 45410","E",0000.00000,0000001130,0000000000,0000001130,0000003240,0000000000,0000003240,"LAND ONLY","NOT VALIDATED","N"
"R72 08305 0102",16148,08-DEC-11,000000000.00,"CITY OF DAYTON","HABITAT FOR HUMANITY INC","EDISON ST","HABITAT FOR HUMANITY INC","","3534 W LINDEN AVE","","DAYTON OH 45410","E",0000.00000,0000000480,0000000000,0000000480,0000001380,0000000000,0000001380,"LAND ONLY","SALE INVOLVING MULTIPLE PARCELS","N"
"R72 08405T0001",6374,18-MAY-11,000030000.00,"DEUTSCHE BANK NATIONAL TRUST CO TR","WORTHAM HARVEY","218 N WILLIAMS ST","WORTHAM HARVEY","","2526 ENGLAND AVE","","DAYTON OH 45406","E",0000.00000,0000000000,0000050060,0000050060,0000000000,0000143020,0000143020,"LAND AND BUILDING","VALID SALE","N"
"R72 08406 0001",5207,26-APR-11,000000000.00,"DAYTON CITY OF","WRIGHT-DUNBAR INC","32 34 WILLIAMS ST","WRIGHT-DUNBAR INC","","1105 W THIRD ST","","DAYTON OH 45402","E",0000.00000,0000001470,0000000000,0000001470,0000004200,0000000000,0000004200,"LAND AND BUILDING","NOT VALIDATED","N"
"R72 08406 0006",5209,26-APR-11,000000000.00,"CITY OF DAYTON","WRIGHT-DUNBAR INC","24 26 WILLIAMS ST","WRIGHT-DUNBAR INC","","1105 W THIRD ST","","DAYTON OH 45402","E",0000.00000,0000000880,0000000000,0000000880,0000002510,0000000000,0000002510,"LAND ONLY","NOT VALIDATED","N"
"R72 08406 0027",5208,26-APR-11,000000000.00,"CITY OF DAYTON","WRIGHT-DUNBAR INC","1150 W 2ND ST","WRIGHT-DUNBAR INC","","1105 W THIRD ST","","DAYTON OH 45402","E",0000.00000,0000001340,0000000000,0000001340,0000003840,0000000000,0000003840,"LAND ONLY","NOT VALIDATED","N"
"R72 08502T0010",3617,23-MAR-11,000029000.00,"MARQUIS PROPERTIES LLC","OHIO CIG LLC","34 MOUND ST","AMAR AL-SAIDY","","525 WYOMING ST","","DAYTON OH 45410 0000","E",0000.00000,0000000000,0000000000,0000000000,0000000000,0000000000,0000000000,"LAND AND BUILDING","NOT VALIDATED","N"
"R72 08502T0033",4520,11-APR-11,000030000.00,"LLEWELLYN PETER","ZHANG JIE","55 HORACE ST","ZHANG JIE","","255 ALLEN ST","","YELLOW SPRINGS OH 45387","E",0000.00000,0000000000,0000006450,0000006450,0000000000,0000018420,0000018420,"LAND AND BUILDING","NOT VALIDATED","N"
"R72 08612 0008",8488,30-JUN-11,000000000.00,"CITY OF DAYTON","DAYTON METROPOLITAN HOUSING AUTHORITY","436 BROADWAY ST","DAYTON METROPOLITAN HOUSING AUTHORITY","","400 WAYNE AVE","","DAYTON OH 45402","E",0000.00000,0000000500,0000000000,0000000500,0000001440,0000000000,0000001440,"LAND AND BUILDING","SALE INVOLVING MULTIPLE PARCELS","N"
"R72 08612 0018",2093,17-FEB-11,000000000.00,"CITY OF DAYTON","JOHN MACK CONTRACTORS","BROADWAY ST","DAYTON METROPOLITAN HOUSING","AUTHORITY","400 WAYNE AVE","","DAYTON OH 45402","E",0000.00000,0000000000,0000000000,0000000000,0000000000,0000000000,0000000000,"LAND ONLY","NOT VALIDATED","N"
"R72 08612 0018",9181,14-JUL-11,000000000.00,"JOHN MACK CONTRACTORS","DAYTON METROPOLITAN HOUSING","BROADWAY ST","DAYTON METROPOLITAN HOUSING","AUTHORITY","400 WAYNE AVE","","DAYTON OH 45402","E",0000.00000,0000000000,0000000000,0000000000,0000000000,0000000000,0000000000,"LAND AND BUILDING","NOT VALIDATED","N"
"R72 08702 0026",2074,17-FEB-11,000000000.00,"DAYTON CITY OF","PAYNE REGINALD L AND","MERCER AVE","PAYNE REGINALD L AND","EMMA M","1427 W 5TH ST","","DAYTON OH 45402","E",0000.00000,0000001270,0000000000,0000001270,0000003640,0000000000,0000003640,"LAND AND BUILDING","NOT VALIDATED","N"
"R72 08706 0089",13623,13-OCT-11,000000000.00,"CITY OF DAYTON","GREATHER DAYTON HOLDING COMPANIES","MERCER AVE","GREATER DAYTON HOLDING COMPANIES","","2741 NE 32ND ST STE W","","FORT LAUDERDALE FL 33306","E",0000.11400,0000006950,0000000000,0000006950,0000019870,0000000000,0000019870,"LAND ONLY","SALE INVOLVING MULTIPLE PARCELS","N"
"R72 08706 0094",13623,13-OCT-11,000000000.00,"DAYTON CITY OF","GREATER DAYTON HOLDING","S WILLIAMS ST","GREATER DAYTON HOLDING","COMPANIES","925 CONGRESS PARK DR STE C","","DAYTON OH 45459","E",0000.13700,0000007560,0000000000,0000007560,0000021600,0000000000,0000021600,"LAND AND BUILDING","SALE INVOLVING MULTIPLE PARCELS","N"
"R72 08706 0095",13623,13-OCT-11,000000000.00,"DAYTON CITY OF","GREATER DAYTON HOLDING","S WILLIAMS ST","GREATER DAYTON HOLDING","COMPANIES","925 CONGRESS PARK DR STE C","","DAYTON OH 45459","E",0000.13800,0000007560,0000000000,0000007560,0000021600,0000000000,0000021600,"LAND AND BUILDING","SALE INVOLVING MULTIPLE PARCELS","N"
"R72 08707 0008",5148,25-APR-11,000000000.00,"DAYTON CITY OF","PAYNE REGINALD L AND","1405 HOME AVE","PAYNE REGINALD L AND","EMMA M","1427 W FIFTH ST","","DAYTON OH 45402 4178","E",0000.00000,0000001480,0000000000,0000001480,0000004230,0000000000,0000004230,"LAND AND BUILDING","NOT VALIDATED","N"
"R72 08708 0019",7111,02-JUN-11,000000000.00,"STATE OF OHIO","CITY OF DAYTON","BARNETT ST","CITY OF DAYTON","REUTILIZATION PROGRAM","101 W THIRD ST","","DAYTON OH 45401","E",0000.00000,0000000940,0000000000,0000000940,0000002680,0000000000,0000002680,"LAND ONLY","NOT VALIDATED","N"
"R72 08801 0024",1435,03-FEB-11,000000000.00,"STATE OF OHIO","TINGLE MONDORA AND","1713 W 5TH ST","TINGLE MONDORA AND","RONNIE","1840 W 5TH ST","","DAYTON OH 45417","E",0000.00000,0000000000,0000000000,0000000000,0000000000,0000000000,0000000000,"LAND AND BUILDING","NOT VALIDATED","N"
"R72 08802 0004",7098,02-JUN-11,000000000.00,"STATE OF OHIO","CITY OF DAYTON","112 114 EUCLID AVE","CITY OF DAYTON","REUTLIZATION PROGRAM","101 W THIRD ST","","DAYTON OH 45401 5152","E",0000.00000,0000001180,0000000000,0000001180,0000003360,0000000000,0000003360,"LAND ONLY","NOT VALIDATED","N"
"R72 08802 0078",1436,03-FEB-11,000000000.00,"STATE OF OHIO","TINGLE MONDORA AND","1539 1541 W 5TH ST","TINGLE MONDORA AND","RONNIE","1840 W 5TH ST","","DAYTON OH 45417","E",0000.00000,0000000000,0000000000,0000000000,0000000000,0000000000,0000000000,"LAND AND BUILDING","NOT VALIDATED","N"
"R72 08805 0031",7100,02-JUN-11,000000000.00,"STATE OF OHIO","CITY OF DAYTON","1617 1619 HOME AVE","CITY OF DAYTON","REUTILIZATION PROGRAM","101 W THIRD ST","","DAYTON OH 45401 8922","E",0000.00000,0000001210,0000000000,0000001210,0000003470,0000000000,0000003470,"LAND ONLY","NOT VALIDATED","N"
"R72 08805 0032",7075,02-JUN-11,000000000.00,"STATE OF OHIO","CITY OF DAYTON","1647 1649 HOME AVE","CITY OF DAYTON","REUTILIZATION PROGRAM","101 W THIRD ST","","DAYTON OH 45401","E",0000.00000,0000001160,0000000000,0000001160,0000003320,0000000000,0000003320,"LAND ONLY","NOT VALIDATED","N"
"R72 08807 0056",7106,02-JUN-11,000000000.00,"STATE OF OHIO","CITY OF DAYTON","EUCLID AVE","CITY OF DAYTON","UTILIZATION PROGRAM","101 W THIRD ST","","DAYTON OH 45401 3537","E",0000.00000,0000001060,0000000000,0000001060,0000003030,0000000000,0000003030,"LAND ONLY","NOT VALIDATED","N"
"R72 09004 0011",7063,02-JUN-11,000000000.00,"STATE OF OHIO","CITY OF DAYTON","14 ORCHARD AVE","CITY OF DAYTON","REUTILIZATION PROGRAM","101 W THIRD ST","","DAYTON OH 45401","E",0000.00000,0000000690,0000000000,0000000690,0000001980,0000000000,0000001980,"LAND ONLY","NOT VALIDATED","N"
"R72 09007 0008",7110,02-JUN-11,000000000.00,"STATE OF OHIO","CITY OF DAYTON","129 S KILMER ST","CITY OF DAYTON","REUTILIZATION PROGRAM","101 W THIRD ST","","DAYTON OH 45401","E",0000.00000,0000001000,0000000000,0000001000,0000002870,0000000000,0000002870,"LAND ONLY","NOT VALIDATED","N"
"R72 09008 0009",7065,02-JUN-11,000000000.00,"STATE OF OHIO","CITY OF DAYTON","101 GROSVENOR AVE","CITY OF DAYTON","REUTILIZATION PROGRAM","101 W THIRD ST","","DAYTON OH 45401","E",0000.00000,0000001090,0000000000,0000001090,0000003100,0000000000,0000003100,"LAND ONLY","NOT VALIDATED","N"
"R72 09012 0004",7059,02-JUN-11,000000000.00,"STATE OF OHIO","CITY OF DAYTON","1966 HOME AVE","CITY OF DAYTON","REUTILIZATION PROGRAM","101 W THIRD ST","","DAYTON OH 45401 1131","E",0000.00000,0000001690,0000000090,0000001780,0000004840,0000000260,0000005100,"LAND AND BUILDING","NOT VALIDATED","N"
"R72 09012 0005",7059,02-JUN-11,000000000.00,"STATE OF OHIO","CITY OF DAYTON","HOME AVE","CITY OF DAYTON","REUTILIZATION PROGRAM","101 W THIRD ST","","DAYTON OH 45401 1131","E",0000.00000,0000001240,0000000000,0000001240,0000003540,0000000000,0000003540,"LAND AND BUILDING","NOT VALIDATED","N"
"R72 09108 0019",7096,02-JUN-11,000000000.00,"STATE OF OHIO","CITY OF DAYTON","S KILMER ST","CITY OF DAYTON","REUTILIZATION PROGRAM","101 W THIRD ST","","DAYTON OH 45401","E",0000.00000,0000005220,0000000000,0000005220,0000014900,0000000000,0000014900,"LAND ONLY","NOT VALIDATED","N"
"R72 09202 0018",7074,02-JUN-11,000000000.00,"STATE OF OHIO","CITY OF DAYTON","136 HURON AVE","CITY OF DAYTON","REUTILIZATION PROGRAM","101 W THIRD ST","","DAYTON OH 45401","E",0000.00000,0000001390,0000000000,0000001390,0000003980,0000000000,0000003980,"LAND AND BUILDING","NOT VALIDATED","N"
"R72 09203 0020",6153,13-MAY-11,000000000.00,"DAYTON CITY OF","TAYLOR ANTHONY","2905 W 3RD ST","TAYLOR ANTHONY","","211 W THIRD ST","","DAYTON OH 45417","E",0000.00000,0000002050,0000000000,0000002050,0000005850,0000000000,0000005850,"LAND ONLY","NOT VALIDATED","N"
"R72 09203 0020",3103,11-MAR-11,000000000.00,"MONTGOMERY ROBERT","DAYTON CITY OF","2905 W 3RD ST","TAYLOR ANTHONY","","211 W THIRD ST","","DAYTON OH 45417","E",0000.00000,0000002050,0000000000,0000002050,0000005850,0000000000,0000005850,"LAND AND BUILDING","LIQUIDATION/FORECLOSURE","N"
"R72 09204 0090",11063,19-AUG-11,000000000.00,"CITY OF DAYTON","ECHOLS JOE","12 GRAMONT AVE","ECHOLS JOE","","1806 PINECREST DR","","DAYTON OH 45414","E",0000.00000,0000000350,0000000000,0000000350,0000001000,0000000000,0000001000,"LAND ONLY","NOT VALIDATED","N"
"R72 09205 0032",7125,02-JUN-11,000000000.00,"STATE OF OHIO","CITY OF DAYTON","LORENZ AVE","CITY OF DAYTON","REUTILIZATION PROGRAM","101 W THIRD ST","","DAYTON OH 45401","E",0000.00000,0000001560,0000000000,0000001560,0000004460,0000000000,0000004460,"LAND ONLY","NOT VALIDATED","N"
"R72 09302 0009",7116,02-JUN-11,000000000.00,"STATE OF OHIO","CITY OF DAYTON","36 S ARDMORE AVE","CITY OF DAYTON","REUTILIZATION PROGRAM","101 W THIRD ST","","DAYTON OH 45401","E",0000.00000,0000001000,0000000000,0000001000,0000002870,0000000000,0000002870,"LAND AND BUILDING","NOT VALIDATED","N"
"R72 09604 0013",10438,08-AUG-11,000000000.00,"CITY OF DAYTON","THOMAS EDDIE R","35 EDDIE ST","THOMAS EDDIE R","","39 EDDIE ST","","DAYTON OH 45408","E",0000.00000,0000000400,0000000000,0000000400,0000001130,0000000000,0000001130,"LAND AND BUILDING","NOT VALIDATED","N"
"R72 09807 0016",3506,22-MAR-11,000000000.00,"DAYTON CITY OF","MT OLIVET CHURCH OF GOD IN CHRIST","925 927 EUCLID AVE","MT OLIVET CHURCH OF GOD IN CHRIST","","920 S EUCLID AVE","","DAYTON OH 45408","E",0000.00000,0000000920,0000000000,0000000920,0000002630,0000000000,0000002630,"LAND ONLY","NOT VALIDATED","N"
"R72 10104 0030",10053,01-AUG-11,016000000.00,"GOOD SAMARITAN HOSPITAL","KND REAL ESTATE 29 LLC","HOPELAND ST","GOOD SAMARITAN HOSPITAL","ATTN PROPERTY MANAGEMENT","40 W 4TH ST STE 380","","DAYTON OH 45402 1863","E",0000.88030,0000002540,0000000000,0000002540,0000007270,0000000000,0000007270,"LAND AND BUILDING","SALE INVOLVING MULTIPLE PARCELS","N"
"R72 10108 0018",7109,02-JUN-11,000000000.00,"STATE OF OHIO","CITY OF DAYTON","DECATUR AVE","CITY OF DAYTON","REUTILIZATION PROGRAM","101 W THIRD ST","","DAYTON OH 45401","E",0000.00000,0000000750,0000000000,0000000750,0000002140,0000000000,0000002140,"LAND ONLY","NOT VALIDATED","N"
"R72 10402 0048",11612,31-AUG-11,000385000.00,"MTD REALTY LLC","PRIDE REALTY LLC","1346 MORRIS AVE","PRIDE REALTY LLC","","1346 MORRIS AVE","","DAYTON OH 45417","E",0000.00000,0000000340,0000000000,0000000340,0000000980,0000000000,0000000980,"BUILDING ONLY","SALE INVOLVING MULTIPLE PARCELS","N"
"R72 11509 0066",1007,25-JAN-11,000000000.00,"DAYTON CITY OF","CITYWIDE DEVELOPMENT","2116 2120 SALEM AVE","CITYWIDE DEVELOPMENT","","8 N MAIN ST","","DAYTON OH 45402","E",0000.12040,0000002400,0000007720,0000010120,0000006860,0000022060,0000028920,"LAND AND BUILDING","NOT VALIDATED","N"
"R72 11602 0023",7073,02-JUN-11,000000000.00,"STATE OF OHIO","CITY OF DAYTON","1903 AUBURN AVE","CITY OF DAYTON","REUTILIZATION PROGRAM","101 W THIRD ST","","DAYTON OH 45401","E",0000.00000,0000001840,0000000000,0000001840,0000005250,0000000000,0000005250,"LAND ONLY","NOT VALIDATED","N"
"R72 12305 0004",7094,02-JUN-11,000000000.00,"STATE OF OHIO","CITY OF DAYTON","3515 HOOVER AVE","CITY OF DAYTON","REUTILIZATION PROGRAM","101 W THIRD ST","","DAYTON OH 45401 3242","E",0000.00000,0000003160,0000000000,0000003160,0000009020,0000000000,0000009020,"LAND ONLY","INVALID DATE ON SALE","N"
"R72 12410 0104",7081,02-JUN-11,000000000.00,"STATE OF OHIO","CITY OF DAYTON","VERONA RD","CITY OF DAYTON","REUTILIZATION PROGRAM","101 W THIRD ST","","DAYTON OH 45401 2236","E",0000.00000,0000001130,0000000000,0000001130,0000003240,0000000000,0000003240,"LAND ONLY","SALE INVOLVING MULTIPLE PARCELS","N"
"R72 12410 0105",7081,02-JUN-11,000000000.00,"STATE OF OHIO","CITY OF DAYTON","VERONA RD","CITY OF DAYTON","REUTILIZATION PROGRAM","101 W THIRD ST","","DAYTON OH 45401 2236","E",0000.00000,0000001420,0000000000,0000001420,0000004050,0000000000,0000004050,"LAND ONLY","SALE INVOLVING MULTIPLE PARCELS","N"
"R72 12414 0109",726,14-JAN-11,000000000.00,"STATE OF OHIO","MISTY'S HARBOR","STRAWBERRY ROW","MISTY'S HARBOR","","P O BOX 2413","FORFEITURE CASE #97-8064","DAYTON OH 45402","E",0000.00000,0000000000,0000000000,0000000000,0000000000,0000000000,0000000000,"LAND ONLY","NOT VALIDATED","N"
"R72 12414 0111",7078,02-JUN-11,000000000.00,"STATE OF OHIO","CITY OF DAYTON","STRAWBERRY ROW","CITY OF DAYTON","REUTILIZATION","101 W THIRD ST","","DAYTON OH 45401","E",0000.00000,0000000340,0000000000,0000000340,0000000970,0000000000,0000000970,"LAND ONLY","NOT VALIDATED","N"
"R72 12809 0031",9295,18-JUL-11,000000000.00,"BOYD EA RICKY","CITY OF DAYTON","3928 W 3RD ST","CITY OF DAYTON","","101 W THIRD ST","","DAYTON OH 45402","E",0000.00000,0000000000,0000000000,0000000000,0000000000,0000000000,0000000000,"LAND ONLY","LIQUIDATION/FORECLOSURE","N"
"R72 13201 0004",10439,08-AUG-11,000000000.00,"DAYTON CITY OF","BLANKS GREGORY","312 314 GETTYSBURG AVE","BLANKS GREGORY","","316 318 S GETTYSBURG AVE","","DAYTON OH 45418","E",0000.00000,0000001170,0000000000,0000001170,0000003330,0000000000,0000003330,"LAND AND BUILDING","NOT VALIDATED","N"
"R72 13401 0047",10603,10-AUG-11,000000000.00,"DAYTON METROPOLITAN","MCCLURE MICHAEL A AND","924 RUTH AVE","MCCLURE MICHAEL A AND","ELIZABETH A","2462 THORNTON AVE","","DAYTON OH 45406","E",0000.00000,0000002190,0000010730,0000012920,0000006270,0000030650,0000036920,"LAND AND BUILDING","NOT VALIDATED","N"
"R72 13607 0002",2826,04-MAR-11,000000000.00,"UNITED STATES OF AMERICA","HUNTER SIVAN","1641 DIETZEN AVE","HUNTER SIVAN","","3344 CATALPA DR","","DAYTON OH 45405","E",0000.00000,0000000790,0000000000,0000000790,0000002270,0000000000,0000002270,"LAND AND BUILDING","SALE INVOLVING MULTIPLE PARCELS","N"
"R72 15704 0009",11064,19-AUG-11,000000000.00,"DAYTON CITY OF","NEW LIFE APOSTOLIC","N GETTYSBURG AVE","NEW LIFE APOSTOLIC","CHURCH OF GOD","1531 N GETTYSBURG AVE","","DAYTON OH 45427","E",0000.00000,0000001470,0000000000,0000001470,0000004210,0000000000,0000004210,"LAND ONLY","NOT VALIDATED","N"
"R72 15704 0009",6977,01-JUN-11,000000000.00,"STATE OF OHIO","DAYTON CITY OF  REUTILIZATION PROGRAM","N GETTYSBURG AVE","NEW LIFE APOSTOLIC","CHURCH OF GOD","1531 N GETTYSBURG AVE","","DAYTON OH 45427","E",0000.00000,0000001470,0000000000,0000001470,0000004210,0000000000,0000004210,"LAND AND BUILDING","SALE INVOLVING MULTIPLE PARCELS","N"
"R72 15704 0009",8641,05-JUL-11,000000000.00,"DAYTON CITY OF  REUTILIZATION PROGRAM","CITY STARS LLC","N GETTYSBURG AVE","NEW LIFE APOSTOLIC","CHURCH OF GOD","1531 N GETTYSBURG AVE","","DAYTON OH 45427","E",0000.00000,0000001470,0000000000,0000001470,0000004210,0000000000,0000004210,"LAND ONLY","NOT VALIDATED","N"
"R72 15704 0009",10063,01-AUG-11,000000000.00,"CITY STARS LLC","DAYTON CITY OF","N GETTYSBURG AVE","NEW LIFE APOSTOLIC","CHURCH OF GOD","1531 N GETTYSBURG AVE","","DAYTON OH 45427","E",0000.00000,0000001470,0000000000,0000001470,0000004210,0000000000,0000004210,"LAND ONLY","SALE INVOLVING MULTIPLE PARCELS","N"
"R72 15704 0010",11064,19-AUG-11,000000000.00,"DAYTON CITY OF","NEW LIFE APOSTOLIC","N GETTYSBURG AVE","NEW LIFE APOSTOLIC","CHURCH OF GOD","1531 N GETTYSBURG AVE","","DAYTON OH 45427","E",0000.00000,0000001540,0000000000,0000001540,0000004390,0000000000,0000004390,"LAND ONLY","NOT VALIDATED","N"
"R72 15704 0010",8641,05-JUL-11,000000000.00,"STATE OF OHIO","CITY STAR LLC","N GETTYSBURG AVE","NEW LIFE APOSTOLIC","CHURCH OF GOD","1531 N GETTYSBURG AVE","","DAYTON OH 45427","E",0000.00000,0000001540,0000000000,0000001540,0000004390,0000000000,0000004390,"LAND AND BUILDING","SALE INVOLVING MULTIPLE PARCELS","N"
"R72 15704 0010",10063,01-AUG-11,000000000.00,"CITY STAR LLC","DAYTON CITY OF","N GETTYSBURG AVE","NEW LIFE APOSTOLIC","CHURCH OF GOD","1531 N GETTYSBURG AVE","","DAYTON OH 45427","E",0000.00000,0000001540,0000000000,0000001540,0000004390,0000000000,0000004390,"LAND ONLY","SALE INVOLVING MULTIPLE PARCELS","N"
"R72 15704 0011",11064,19-AUG-11,000000000.00,"DAYTON CITY OF","NEW LIFE APOSTOLIC","1515 N GETTYSBURG AVE","NEW LIFE APOSTOLIC","CHURCH OF GOD","1531 N GETTYSBURG AVE","","DAYTON OH 45427","E",0000.00000,0000001540,0000000000,0000001540,0000004390,0000000000,0000004390,"LAND ONLY","NOT VALIDATED","N"
"R72 15704 0011",10063,01-AUG-11,000000000.00,"CITY STAR LLC","DAYTON CITY OF","1515 N GETTYSBURG AVE","NEW LIFE APOSTOLIC","CHURCH OF GOD","1531 N GETTYSBURG AVE","","DAYTON OH 45427","E",0000.00000,0000001540,0000000000,0000001540,0000004390,0000000000,0000004390,"LAND ONLY","SALE INVOLVING MULTIPLE PARCELS","N"
"R72 15704 0011",8641,05-JUL-11,000000000.00,"STATE OF OHIO","CITY STAR LLC","1515 N GETTYSBURG AVE","NEW LIFE APOSTOLIC","CHURCH OF GOD","1531 N GETTYSBURG AVE","","DAYTON OH 45427","E",0000.00000,0000001540,0000000000,0000001540,0000004390,0000000000,0000004390,"LAND AND BUILDING","SALE INVOLVING MULTIPLE PARCELS","N"
"R72 15801 0007",176,06-JAN-11,000020000.00,"FOUNDERS PROJECT","PROJECT HOPE INC","3805 KINGS HWY","PROJECT HOPE INC","","1510 N MAIN ST","","DAYTON OH 45405","E",0003.17900,0000016690,0000105410,0000122100,0000047690,0000301180,0000348870,"LAND AND BUILDING","SALE INVOLVING MULTIPLE PARCELS","N"
"R72 15801 0008",176,06-JAN-11,000020000.00,"FOUNDERS PROJECT","PROJECT HOPE INC","KINGS HWY","PROJECT HOPE INC","","1510 N MAIN ST","","DAYTON OH 45405","E",0002.37100,0000016360,0000000000,0000016360,0000046740,0000000000,0000046740,"LAND AND BUILDING","SALE INVOLVING MULTIPLE PARCELS","N"
"R72 15914 0035",10815,16-AUG-11,000008000.00,"DAYTON METROPOLITAN","CASEY TYRONE","4617 OWENS DR","CASEY TYRONE","","1284 DIETZEN AVE","","DAYTON OH 45417","E",0000.00000,0000004660,0000014660,0000019320,0000013320,0000041890,0000055210,"LAND AND BUILDING","NOT VALIDATED","N"
"R72 16104 0068",8166,23-JUN-11,000050000.00,"ZEBULUN MISSIONARY CHURCH","BROWN BARK II","GENESEE AVE","BROWN BARK II","","P O BOX 1068","","STAFFORD TX 77497","E",0000.00000,0000001470,0000001110,0000002580,0000004200,0000003160,0000007360,"LAND AND BUILDING","SALE INVOLVING MULTIPLE PARCELS","N"
"R72 16104 0069",8166,23-JUN-11,000050000.00,"ZEBULUN MISSIONARY CHURCH","BROWN BARK II","5005 GENESEE AVE","BROWN BARK II","","P O BOX 1068","","STAFFORD TX 77497","E",0000.00000,0000002100,0000008410,0000010510,0000006000,0000024020,0000030020,"LAND AND BUILDING","SALE INVOLVING MULTIPLE PARCELS","N"
"R72 16104 0070",8166,23-JUN-11,000050000.00,"ZEBULUN MISSIONARY CHRUCH","BROWN BARK II","5001 GENESEE AVE","BROWN BARK II","","P O BOX 1068","","STAFFORD TX 77497","E",0000.00000,0000001470,0000047220,0000048690,0000004200,0000134920,0000139120,"LAND AND BUILDING","SALE INVOLVING MULTIPLE PARCELS","N"
"R72 16303 0055",899,21-JAN-11,000000000.00,"CITYWIDE PROJECTS INC","GOOD SAMARITAN HOSPITAL","2239 STANHOPE AVE","GOOD SAMARITAN HOSPITAL","","110 N MAIN ST STE 1750","","DAYTON OH 45402","E",0000.00000,0000000000,0000000000,0000000000,0000000000,0000000000,0000000000,"LAND AND BUILDING","NOT VALIDATED","N"
"R72 16811 0011",15324,22-NOV-11,000000000.00,"DAYTON CITY OF","HARRISON BOT","YOLANDA DR","HARRISON BOT","","101 W 3RD ST","","DAYTON OH 45402","E",0000.00000,0000001910,0000000000,0000001910,0000005460,0000000000,0000005460,"LAND AND BUILDING","NOT VALIDATED","N"
"R72 16901 0076",3676,24-MAR-11,000000000.00,"DAYTON CITY OF","FOSTER JEFFERY L","LISCUM DR","FOSTER JEFFERY L","","4552 THISTLE DR","","DAYTON OH 45417","E",0000.72740,0000000000,0000000000,0000000000,0000000000,0000000000,0000000000,"LAND ONLY","NOT VALIDATED","N"
"R72 51205T0001",7418,08-JUN-11,000000000.00,"GRAHAM ROBERT WILLIAM","PROTEL LLC","20 S ST CLAIR ST","R WILLIAM GRAHAM","","P.O. BOX 332","","DAYTON OH 45440","E",0000.00000,0000000000,0000000000,0000000000,0000000000,0000000000,0000000000,"LAND AND BUILDING","NOT VALIDATED","N"
"R72 51413T0040",6988,01-JUN-11,000187500.00,"RAJKOVICH MARCIA S","COLLIER MARTINE MEREDITH AND","109 N MAIN ST","COLLIER MARTINE MEREDITH AND","DAVID BENTLEY","109 N MAIN ST STE 1501","","DAYTON OH 45402","E",0000.00000,0000009250,0000063100,0000072350,0000026420,0000180290,0000206710,"LAND AND BUILDING","VALID SALE","N"
"R72 51419T0025",2603,02-MAR-11,000188000.00,"BOUCHER JANE","DEWETT TODD C AND","111 HARRIES ST","JANE BOUCHER","","P O BOX 18368","","RENO NV 89511","E",0000.00000,0000000000,0000044470,0000044470,0000000000,0000127050,0000127050,"LAND AND BUILDING","SALE INVOLVING MULTIPLE PARCELS","N"
"R72117010 0024",2177,18-FEB-11,000000000.00,"DAYTON CITY OF","HARRISON TOWNSHIP","NEVA DR","HARRISON TOWNSHIP","","5945 N DIXIE DR","","DAYTON OH 45414","E",0002.18300,0000018150,0000000000,0000018150,0000051870,0000000000,0000051870,"LAND AND BUILDING","NOT VALIDATED","N"
