"PARID","CONVNUM","SALEDTE","PRICE","OLDOWN","OWNERNAME1","PARCELLOCATION","MAILINGNAME1","MAILINGNAME2","PADDR1","PADDR2","PADDR3","CLS","ACRES","TAXLAND","TAXBLDG","TAXTOTAL","ASMTLAND","ASMTBLDG","ASMTTOTL","SALETYPE","SALEVALIDITY","DYTNCRDT"
"A01 00104 0009",1839,10-FEB-12,000000000.00,"BIHN THOMAS J AND","BIHN THOMAS J AND","10585 KLEY RD","BIHN JACQUELINE S","","10585 KLEY RD","","VANDALIA OH 45377","A",0004.89900,0000012900,0000054660,0000067560,0000036850,0000156160,0000193010,"LAND AND BUILDING","RELATED INDIVIDUALS OR CORPORATIONS","N"
"A01 00104 0009",4144,30-MAR-12,000000000.00,"BIHN THOMAS J AND","BIHN JACQUELINE S","10585 KLEY RD","BIHN JACQUELINE S","","10585 KLEY RD","","VANDALIA OH 45377","A",0004.89900,0000012900,0000054660,0000067560,0000036850,0000156160,0000193010,"LAND AND BUILDING","RELATED INDIVIDUALS OR CORPORATIONS","N"
"B02 01015 0021",22,03-JAN-12,000000000.00,"HERTLEIN HERMAN G","HERTLEIN HERMAN G ET AL 7","DOG LEG RD","HERTLEIN HERMAN G ET AL 7","","9060 PETERS PIKE","","VANDALIA OH 45377","A",0037.69500,0000020130,0000000000,0000020130,0000057510,0000000000,0000057510,"LAND AND BUILDING","RELATED INDIVIDUALS OR CORPORATIONS","N"
"B02 01015 0021",24,03-JAN-12,000000000.00,"HERTLEIN HERMAN G ET AL 7","HERTLEIN HERMAN G ET AL 7","DOG LEG RD","HERTLEIN HERMAN G ET AL 7","","9060 PETERS PIKE","","VANDALIA OH 45377","A",0037.69500,0000020130,0000000000,0000020130,0000057510,0000000000,0000057510,"LAND AND BUILDING","RELATED INDIVIDUALS OR CORPORATIONS","N"
"B02 01015 0021",23,03-JAN-12,000000000.00,"HERTLEIN HERMAN G ET AL 7","HERTLEIN HERMAN G ET AL 7","DOG LEG RD","HERTLEIN HERMAN G ET AL 7","","9060 PETERS PIKE","","VANDALIA OH 45377","A",0037.69500,0000020130,0000000000,0000020130,0000057510,0000000000,0000057510,"LAND AND BUILDING","RELATED INDIVIDUALS OR CORPORATIONS","N"
"C04 00509 0001",2309,24-FEB-12,000000000.00,"MEYER GLENNA M","HICKS KATHLEEN I","8683 DODSON RD","HICKS KATHLEEN I","","811 US ROUTE 40","","EATON OH 45320","A",0079.72900,0000044780,0000000000,0000044780,0000127930,0000000000,0000127930,"LAND AND BUILDING","RELATED INDIVIDUALS OR CORPORATIONS","N"
"C04 00602 0002",953,24-JAN-12,000282000.00,"MEANS GREGORY AND","SHACKLEFORD TROY A AND","8844 PLEASANT PLAIN RD","SHACKLEFORD TROY A AND","BOBBY C","8844 PLEASANT PLAIN RD","","BROOKVILLE OH 45309","A",0011.94300,0000011870,0000064680,0000076550,0000033910,0000184790,0000218700,"LAND AND BUILDING","VALID SALE","N"
"C04 00607 0013",4094,29-MAR-12,000000000.00,"BURKETT ROBERT W","BURKETT MICHAEL SCOTT ET AL 5","14733 WESTBROOK RD","BURKETT MICHAEL SCOTT ET AL 5","","14733 WESTBROOK RD","","BROOKVILLE OH 45309","A",0041.53700,0000028050,0000015450,0000043500,0000080150,0000044130,0000124280,"LAND AND BUILDING","RELATED INDIVIDUALS OR CORPORATIONS","N"
"C04 00607 0061",4130,30-MAR-12,000000000.00,"OSSWALD MARK","OSSWALD MARK E AND","3 UPPER LEWISBURG SALEM RD","OSSWALD MARK E AND","SUSAN E TRUSTEE","2750 CRAWFORD TOMS RUN RD","","BROOKVILLE OH 45309","A",0049.81800,0000025340,0000000000,0000025340,0000072390,0000000000,0000072390,"LAND AND BUILDING","RELATED INDIVIDUALS OR CORPORATIONS","N"
"C06 00504 0013",1320,01-FEB-12,000000000.00,"HAWS JOHN C AND","HAWS JOHN C","9413 ARLINGTON RD","HAWS JOHN C","","9413 ARLINGTON RD","","BROOKVILLE OH 45309","A",0023.89700,0000022190,0000064290,0000086480,0000063400,0000183680,0000247080,"LAND AND BUILDING","RELATED INDIVIDUALS OR CORPORATIONS","N"
"C09 00508 0023",2309,24-FEB-12,000000000.00,"MEYER GLENNA M","HICKS KATHLEEN I","8683 DODSON RD","HICKS KATHLEEN I","","811 US ROUTE 40","","EATON OH 45320","A",0070.64200,0000046970,0000029780,0000076750,0000134200,0000085080,0000219280,"LAND AND BUILDING","RELATED INDIVIDUALS OR CORPORATIONS","N"
"D13 00210 0002",69,04-JAN-12,000430000.00,"EMERT JOYCE A","HEWITT FARMS LLC","6860 DIAMOND MILL RD","HEWITT FARMS LLC","","11101 FARMERSVILLE-W CARROLLTON RD","","FARMERSVILLE OH 45325","A",0015.19000,0000004360,0000000000,0000004360,0000012470,0000000000,0000012470,"LAND AND BUILDING","VALID SALE","N"
"D13 00210 0003",69,04-JAN-12,000430000.00,"EMERT JOYCE A","HEWITT FARMS LLC","S DIAMOND MILL RD","HEWITT FARMS LLC","","11101 FARMERSVILLE-W CARROLLTON RD","","FARMERSVILLE OH 45325","A",0047.00000,0000016170,0000000000,0000016170,0000046190,0000000000,0000046190,"LAND AND BUILDING","VALID SALE","N"
"D13 00210 0004",69,04-JAN-12,000430000.00,"EMERT JOYCE A","HEWITT FARMS LLC","6860 DIAMOND MILL RD","HEWITT FARMS LLC","","11101 FARMERSVILLE-W CARROLLTON RD","","FARMERSVILLE OH 45325","A",0020.43600,0000018440,0000056240,0000074680,0000052690,0000160690,0000213380,"LAND AND BUILDING","VALID SALE","N"
"D14 00710 0009",5106,20-APR-12,000000000.00,"MORELAND CHARLES E","MORELAND  MARGARET C","BADEN RD","MORELAND  MARGARET C","TRUSTEE","501 W LEXINGTON RD","","EATON OH 45320","A",0014.23700,0000007260,0000000000,0000007260,0000020750,0000000000,0000020750,"LAND AND BUILDING","RELATED INDIVIDUALS OR CORPORATIONS","N"
"D14 00801 0081",4639,11-APR-12,000000000.00,"WEIDLE SCOTT AND","WELL OWNERS ASSOC INC","CREEK RD","WELL OWNERS ASSOC INC","","P O BOX 105","","GERMANTOWN OH 45327","A",0000.65000,0000003320,0000000000,0000003320,0000009480,0000000000,0000009480,"LAND ONLY","NOT VALIDATED","N"
"D14 00804 0014",4397,04-APR-12,000250000.00,"MEYER ROBERT LEE","SCHERPF FLORIAN J AND","11995 SIGAL RD","SCHERPF FLORIAN J AND","CONNIE J","11540 WINDRIDGE RD","","PICKERINGTON OH 43147","A",0030.90760,0000018360,0000034670,0000053030,0000052460,0000099070,0000151530,"LAND AND BUILDING","SALE INVOLVING MULTIPLE PARCELS","N"
"D14 00806 0010",4635,11-APR-12,000068000.00,"JUDY ALAN TR","BURKHART JOHN LUKE AND","13667 OXFORD RD","BURKHART JOHN LUKE AND","SHANNON L HETZLER","7458 GERMANTOWN PIKE","","GERMANTOWN OH 45327","A",0006.07200,0000001950,0000000000,0000001950,0000005560,0000000000,0000005560,"LAND ONLY","SALE INVOLVING MULTIPLE PARCELS","N"
"D14 00806 0050",4635,11-APR-12,000068000.00,"JUDY ALAN TR","BURKHART JOHN LUKE AND","OXFORD RD","BURKHART JOHN LUKE AND","SHANNON L HETZLER","7458 GERMANTOWN PIKE","","GERMANTOWN OH 45327","A",0005.57200,0000001800,0000000000,0000001800,0000005150,0000000000,0000005150,"LAND ONLY","SALE INVOLVING MULTIPLE PARCELS","N"
"D14 00807 0001",4948,18-APR-12,000000000.00,"BARKALOW DALE E AND","BARKALOW CHERYL L","MOYER RD","BARKALOW CHERYL L","","14949 MOYER RD","","GERMANTOWN OH 45327 2337","A",0010.00000,0000024360,0000093610,0000117970,0000069590,0000267460,0000337050,"LAND AND BUILDING","NOT VALIDATED","N"
"D14 00807 0012",4958,18-APR-12,000000000.00,"BARKALOW DALE E","BARKALOW DALE E","8116 BROWNS RUN RD","BARKALOW DALE E","","8116 BROWN RUN RD","","","A",0022.52300,0000019970,0000029640,0000049610,0000057060,0000084690,0000141750,"LAND AND BUILDING","NOT VALIDATED","N"
"D14 00808 0007",4957,18-APR-12,000000000.00,"BARKALOW DALE E AND","BARKALOW DALE E","15037 MOYER RD","BARKALOW DALE E","","8116 BROWN RUN RD","","GERMANTOWN OH 45327","A",0027.00000,0000020980,0000025920,0000046900,0000059950,0000074060,0000134010,"LAND AND BUILDING","NOT VALIDATED","N"
"D14 00902 0041",4633,11-APR-12,000000000.00,"TAULBEE SANDRA G","TAULBEE MICHAEL L AND","12900 HARRIS RD","TAULBEE MICHAEL L AND","SANDRA G","7932 HARRIS RD","","GERMANTOWN OH 45327","A",0023.65300,0000019610,0000029050,0000048660,0000056040,0000082990,0000139030,"LAND AND BUILDING","NOT VALIDATED","N"
"D14 00904 0001",1339,01-FEB-12,000000000.00,"GUFFEY JOHN D TR AND","GUFFEY DONNA JEAN AND","9815 GERMANTOWN MIDDLETOWN PIKE","GUFFEY DONNA JEAN AND","DAWN B CORNETT","9815 GERMANTOWN MIDDLETOWN RD","","GERMANTOWN OH 45327","A",0152.08000,0000056840,0000030470,0000087310,0000162410,0000087070,0000249480,"LAND AND BUILDING","NOT VALIDATED","N"
"D14 00904 0028",3231,14-MAR-12,000000000.00,"JOHNS DAVID S AND","JOHNS DAVID S AND","ST RT 4","JOHNS DAVID S AND","STEPHANIE S","6216 CEDAR LN","","MIAMISBURG OH 45342","A",0002.30000,0000001070,0000000000,0000001070,0000003060,0000000000,0000003060,"LAND AND BUILDING","RELATED INDIVIDUALS OR CORPORATIONS","N"
"D14 00904 0029",3231,14-MAR-12,000000000.00,"JOHNS DAVID S AND","JOHNS DAVID S AND","9680 GERMANTOWN MIDDLETOWN PIKE","JOHNS DAVID S AND","STEPHANIE S","6216 CEDAR LN","","MIAMISBURG OH 45342","A",0014.35000,0000017360,0000017920,0000035280,0000049600,0000051210,0000100810,"LAND AND BUILDING","RELATED INDIVIDUALS OR CORPORATIONS","N"
"D14 00907 0039",4966,18-APR-12,000000000.00,"KESLING JOYCE TR AND","BECKER KAREN EPPERSON","FRIEND RD","BECKER KAREN EPPERSON","","9635 FARMERSVILLE-W CARROLLTON RD","","GERMANTOWN OH 45327","A",0093.66200,0000030120,0000000000,0000030120,0000086050,0000000000,0000086050,"LAND AND BUILDING","NOT VALIDATED","N"
"D14 00911 0010",3216,14-MAR-12,000046000.00,"MARTZ RONALD V AND","HIDDEN ACRE FARMS OF CARLISLE LLC","ST RT 4","HIDDEN ACRE FARMS OF CARLISLE LLC","","13201 PRITCHARD RD","","GERMANTOWN OH 45327","A",0009.51600,0000009800,0000002630,0000012430,0000028000,0000007500,0000035500,"LAND AND BUILDING","RELATED INDIVIDUALS OR CORPORATIONS","N"
"D14 00911 0022",2568,29-FEB-12,000000000.00,"OSBORNE CHARLES R AND","OSBORNE NANCY E","10080 CARLISLE PIKE","OSBORNE NANCY E","","10080 CARLISLE PIKE","","GERMANTOWN OH 45327","A",0036.03000,0000021050,0000038680,0000059730,0000060130,0000110510,0000170640,"LAND AND BUILDING","RELATED INDIVIDUALS OR CORPORATIONS","N"
"D15 00710 0002",5106,20-APR-12,000000000.00,"MORELAND CHARLES E AND","MORELAND  MARGARET C","6512 PREBLE COUNTY LINE RD","MORELAND CHARLES E AND","MARGARET","PO BOX 31","","GRATIS OH 45330","A",0050.00000,0000028190,0000034040,0000062230,0000080550,0000097260,0000177810,"LAND AND BUILDING","RELATED INDIVIDUALS OR CORPORATIONS","N"
"D15 00710 0004",5106,20-APR-12,000000000.00,"MORELAND CHARLES E","MORELAND  MARGARET C","BADEN RD","MORELAND  MARGARET C","TRUSTEE","501 W LEXINGTON RD","","EATON OH 45320","A",0051.10900,0000017620,0000000000,0000017620,0000050330,0000000000,0000050330,"LAND AND BUILDING","RELATED INDIVIDUALS OR CORPORATIONS","N"
"F22 01310 0006",3105,12-MAR-12,000000000.00,"TOBIAS LILLIAN","EBY CYNTHIA A TRUSTEE","12565 EAGLE RD","EBY CYNTHIA A TRUSTEE","","12565 EAGLE RD","","NEW LEBANON OH 45345","A",0004.99800,0000009200,0000026880,0000036080,0000026280,0000076800,0000103080,"LAND AND BUILDING","RELATED INDIVIDUALS OR CORPORATIONS","N"
"F22 01401 0002",1929,15-FEB-12,000062000.00,"LENK RONALD E ETAL 3","MCCARTNEY PAUL AND","HAVERMALE RD","MCCARTNEY PAUL AND","LINDA L","19570 SHIRK RD","","MARYSVILLE OH 43040","A",0020.00100,0000008030,0000000000,0000008030,0000022940,0000000000,0000022940,"LAND ONLY","RELATED INDIVIDUALS OR CORPORATIONS","N"
"F22 01401 0027",5954,07-MAY-12,000249000.00,"BOLDEN ROGER D AND","JOHNSON JAMES A AND","2409 S DIAMOND MILL RD","JOHNSON JAMES A AND","CONNIE L","2409 DIAMOND MILL RD","","FARMERSVILLE OH 45325","A",0042.69000,0000021020,0000051270,0000072290,0000060070,0000146480,0000206550,"LAND AND BUILDING","SALE INVOLVING MULTIPLE PARCELS","N"
"F22 01401 0036",5954,07-MAY-12,000249000.00,"BOLDEN ROGER D AND","JOHNSON JAMES A AND","RHOADES RD","JOHNSON JAMES A AND","CONNIE L","2409 DIAMOND MILL RD","","FARMERSVILLE OH 45325","A",0025.00700,0000010300,0000000000,0000010300,0000029440,0000000000,0000029440,"LAND AND BUILDING","VALID SALE","N"
"F22 01404 0007",3865,27-MAR-12,000851039.00,"RAUCH STEVE R","GREEN OAK LAND LLC","2887 FARMERSVILLE JOHNSVILLE RD","GREEN OAK LAND LLC","","5983 ORANGEBURG RD","","NEW PARIS OH 45347","A",0121.57700,0000064150,0000035940,0000100090,0000183290,0000102680,0000285970,"LAND AND BUILDING","VALID SALE","N"
"F22 01412 0012",4959,18-APR-12,000000000.00,"KESLING JOYCE TR AND","ROMYN PATRICIA AND","10927 HEMPLE RD","ROMYN PATRICIA AND","TAMMIE LONG","204 DEAN DR","","FARMERSVILLE OH 45325","A",0184.89500,0000072640,0000047380,0000120020,0000207540,0000135360,0000342900,"LAND AND BUILDING","NOT VALIDATED","N"
"F22 01502 0004",4964,18-APR-12,000000000.00,"KESLING JOYCE TR AND","LONG GARY","HEMPLE RD","LONG GARY","","12780 CHICKEN BRISTLE RD","","FARMERSVILLE OH 45325","A",0013.70300,0000006190,0000000000,0000006190,0000017680,0000000000,0000017680,"LAND AND BUILDING","NOT VALIDATED","N"
"F22 01502 0008",4961,18-APR-12,000000000.00,"KESLING JOYCE TR AND","LONG TAMMIE","HEMPLE RD","LONG TAMMIE","","204 DEAN DR","","FARMERSVILLE OH 45325","A",0015.67800,0000007480,0000000000,0000007480,0000021370,0000000000,0000021370,"LAND AND BUILDING","NOT VALIDATED","N"
"F22 01504 0016",2886,07-MAR-12,000000000.00,"HODSON DENNIS L AND","HODSON RYAN L AND","FARMERSVILLE GRATIS RD","HODSON RYAN L AND","MELISSA G","14890 KIEFER RD","","GERMANTOWN OH 45327","A",0005.30500,0000001630,0000000000,0000001630,0000004660,0000000000,0000004660,"LAND ONLY","RELATED INDIVIDUALS OR CORPORATIONS","N"
"F23 00103 0041",2886,07-MAR-12,000000000.00,"HODSON DENNIS L AND","HODSON RYAN L AND","FARMERSVILLE GRATIS RD","HODSON RYAN L AND","MELISSA G","14890 KIEFER RD","","GERMANTOWN OH 45327","A",0004.69500,0000002180,0000000000,0000002180,0000006240,0000000000,0000006240,"LAND ONLY","RELATED INDIVIDUALS OR CORPORATIONS","N"
"F25 01308 0006",1302,01-FEB-12,000425000.00,"BROWN C GENE","BLANTON FARMS PARTNERSHIP","14101 DECHANT RD","BLANTON FARMS PARTNERSHIP","","P O BOX 560 RD","","MIDDLETOWN OH 45042","A",0082.05400,0000048800,0000021870,0000070670,0000139430,0000062480,0000201910,"LAND AND BUILDING","VALID SALE","N"
"F25 01308 0015",3277,14-MAR-12,000000000.00,"HOWARD RALPH G AND","HOWARD RALPH G AND","14701 DECHANT RD","HOWARD RALPH G AND","CINDY SUE","14701 DECHANT RD","","NEW LEBANON OH 45345","A",0002.29600,0000007000,0000033350,0000040350,0000020000,0000095280,0000115280,"LAND AND BUILDING","NOT VALIDATED","N"
"F25 01310 0005",3105,12-MAR-12,000000000.00,"TOBIAS LILLIAN","EBY CYNTHIA A TRUSTEE","EAGLE RD","EBY CYNTHIA A TRUSTEE","","12565 EAGLE RD","","NEW LEBANON OH 45345","A",0007.44000,0000010400,0000000000,0000010400,0000029720,0000000000,0000029720,"LAND AND BUILDING","RELATED INDIVIDUALS OR CORPORATIONS","N"
"F26 01507 0003",5106,20-APR-12,000000000.00,"MORELAND CHARLES E","MORELAND  MARGARET C","COUNTY LINE RD","MORELAND  MARGARET C","TRUSTEE","501 W LEXINGTON RD","","EATON OH 45320","A",0042.02000,0000002270,0000000000,0000002270,0000006480,0000000000,0000006480,"LAND AND BUILDING","RELATED INDIVIDUALS OR CORPORATIONS","N"
"G27 01607 0026",4003,28-MAR-12,000300000.00,"WOXMAN TIMOTHY SR AND CINDY","YOUNG RICHARD S","1760 DIAMOND MILL RD","YOUNG RICHARD S","","5940 W THIRD ST","","DAYTON OH 45417","A",0020.00000,0000016810,0000027690,0000044500,0000048020,0000079110,0000127130,"LAND AND BUILDING","VALID SALE","N"
"G27 01709 0001",1328,01-FEB-12,000038000.00,"NEY JAMES","NEY JAMES ET AL 3","7750 DAYTON FARMERSVILLE RD","NEY JAMES ET AL 3","","8819 DAYTON-FARMERSVILLE RD","","NEW LEBANON OH 45345","A",0067.68000,0000036740,0000000000,0000036740,0000104980,0000000000,0000104980,"LAND AND BUILDING","VALID SALE","N"
"G27 01810 0004",1143,27-JAN-12,000000000.00,"LUCAS JAYNE E","LUCAS J SCOTT AND","8416 FARMERSVILLE WEST CARROLLTON RD","LUCAS J SCOTT AND","ANGELA R","5185 GERMANTOWN-LIBERTY RD","","GERMANTOWN OH 45327","A",0012.32700,0000005330,0000000000,0000005330,0000015240,0000000000,0000015240,"LAND AND BUILDING","RELATED INDIVIDUALS OR CORPORATIONS","N"
"H33 00505 0006",6050,08-MAY-12,000000000.00,"MCKINNEY STEVEN ET AL 8","MCKINNEY STEVEN ET AL 9","OLIVE RD","MCKINNEY STEVEN ET AL 9","","624 STORMS RD","","DAYTON OH 45429","A",0072.67200,0000034140,0000000000,0000034140,0000097550,0000000000,0000097550,"LAND AND BUILDING","NOT VALIDATED","N"
"H33 00505 0006",3246,14-MAR-12,000000000.00,"MCKINNEY STEVEN ET AL 8","MCKINNEY STEVEN ET AL 8","OLIVE RD","MCKINNEY STEVEN ET AL 9","","624 STORMS RD","","DAYTON OH 45429","A",0072.67200,0000034140,0000000000,0000034140,0000097550,0000000000,0000097550,"LAND ONLY","NOT VALIDATED","N"
"H33 02310 0016",1763,09-FEB-12,000000000.00,"NORTON BETTY R","NORTON BETTY R ET AL 3","530 N UNION RD","NORTON BETTY R ET AL 3","","530 N UNION RD","","DAYTON OH 45417","A",0020.73100,0000017450,0000000000,0000017450,0000049870,0000000000,0000049870,"LAND AND BUILDING","RELATED INDIVIDUALS OR CORPORATIONS","N"
"H33401701 0002",3343,15-MAR-12,000016030.00,"MERTZ GEORGE A AND","MERTZ GEORGE A","9057 W THIRD ST","MERTZ GEORGE A","","5515 DRY RIDGE RD","","CINCINNATI OH 45252","A",0012.06300,0000005610,0000000000,0000005610,0000016030,0000000000,0000016030,"LAND AND BUILDING","NOT VALIDATED","N"
"J44204201 0072",1620,07-FEB-12,000065000.00,"MILLER MICHELLE A AND","HOWARD JOHNNIE W","6626 DAYTON GERMANTOWN PIKE","HOWARD JOHNNIE W","","6602 GERMANTOWN PIKE","","MIAMISBURG OH 45342","A",0008.61300,0000003510,0000004510,0000008020,0000010040,0000012890,0000022930,"LAND AND BUILDING","VALID SALE","N"
"K45 02502 0054",5837,03-MAY-12,000040000.00,"CHANCE FAYE E","HAYES PHILIP A AND","MANNING RD","HAYES PHILIP A AND","KATHY S","7450 MANNING RD","","MIAMISBURG OH 45342","A",0015.90000,0000036960,0000001290,0000038250,0000105600,0000003690,0000109290,"LAND AND BUILDING","SALE INVOLVING MULTIPLE PARCELS","N"
"K45 02506 0018",477,13-JAN-12,001212801.00,"SOUTH UNION RANCH LLC","SOUTHERN BOY LLC","8704 JAMAICA RD","SOUTHERN BOY LLC","","1090 ALEDO DR","","DAYTON OH 45430","A",0000.48830,0000000000,0000000000,0000000000,0000000000,0000000000,0000000000,"LAND AND BUILDING","SALE INVOLVING MULTIPLE PARCELS","N"
"K45 02506 0049",477,13-JAN-12,001212801.00,"SOUTH UNION RANCH LLC","SOUTHERN BOY LLC","8777 UNION RD","SOUTHERN BOY LLC","","1090 ALEDO DR","","DAYTON OH 45430","A",0000.29580,0000000000,0000000000,0000000000,0000000000,0000000000,0000000000,"LAND AND BUILDING","SALE INVOLVING MULTIPLE PARCELS","N"
"K45 02506 0064",477,13-JAN-12,001212801.00,"SOUTH UNION RANCH LLC","SOUTHERN BOY LLC","JAMAICA RD","SOUTHERN BOY LLC","","1090 ALEDO DR","","DAYTON OH 45430","A",0020.00100,0000006420,0000000000,0000006420,0000018330,0000000000,0000018330,"LAND AND BUILDING","SALE INVOLVING MULTIPLE PARCELS","N"
"K45 02608 0006",2802,05-MAR-12,000000000.00,"STANZE KELLIE AND","STANZE KELLIE","10122 MIAMISBURG SPRINGBORO RD","STANZE KELLIE","","10122 MIAMISBURG-SPRINGBORO RD","","MIAMISBURG OH 45342","A",0031.35000,0000020190,0000016080,0000036270,0000057680,0000045930,0000103610,"LAND AND BUILDING","RELATED INDIVIDUALS OR CORPORATIONS","N"
"K45302506 0014",477,13-JAN-12,001212801.00,"SOUTH UNION RANCH LLC","SOUTHERN BOY LLC","UNION RD","SOUTH UNION RANCH LLC","","462 N SPRINGBORO PIKE","","DAYTON OH 45449","A",0023.68800,0000005690,0000000000,0000005690,0000016260,0000000000,0000016260,"LAND AND BUILDING","SALE INVOLVING MULTIPLE PARCELS","N"
"K45302506 0015",477,13-JAN-12,001212801.00,"SOUTH UNION RANCH LLC","SOUTHERN BOY LLC","UNION RD","SOUTH UNION RANCH LLC","","462 N SPRINGBORO PIKE","","DAYTON OH 45449","A",0063.65000,0000025130,0000000000,0000025130,0000071800,0000000000,0000071800,"LAND AND BUILDING","SALE INVOLVING MULTIPLE PARCELS","N"
"K45302506 0016",477,13-JAN-12,001212801.00,"SOUTH UNION RANCH LLC","SOUTHERN BOY LLC","JAMAICA RD","SOUTH UNION RANCH LLC","","462 N SPRINGBORO PIKE","","DAYTON OH 45449","A",0020.34000,0000004590,0000000000,0000004590,0000013120,0000000000,0000013120,"LAND AND BUILDING","SALE INVOLVING MULTIPLE PARCELS","N"
"K45302506 0017",477,13-JAN-12,001212801.00,"SOUTH UNION RANCH LLC","SOUTHERN BOY LLC","JAMAICA RD","SOUTH UNION RANCH LLC","","462 N SPRINGBORO PIKE","","DAYTON OH 45449","A",0053.24600,0000017830,0000000000,0000017830,0000050930,0000000000,0000050930,"LAND AND BUILDING","SALE INVOLVING MULTIPLE PARCELS","N"
"K45302506 0018",477,13-JAN-12,001212801.00,"SOUTH UNION RANCH LLC","SOUTHERN BOY LLC","JAMAICA RD","SOUTH UNION RANCH LLC","","462 N SPRINGBORO PIKE","","DAYTON OH 45449","A",0039.20370,0000012870,0000000490,0000013360,0000036760,0000001400,0000038160,"LAND AND BUILDING","SALE INVOLVING MULTIPLE PARCELS","N"
"K45302506 0049",477,13-JAN-12,001212801.00,"SOUTH UNION RANCH LLC","SOUTHERN BOY LLC","UNION RD","SOUTH UNION RANCH LLC","","462 N SPRINGBORO PIKE","","DAYTON OH 45449","A",0018.77120,0000006650,0000000000,0000006650,0000019000,0000000000,0000019000,"LAND AND BUILDING","SALE INVOLVING MULTIPLE PARCELS","N"
"K46 01622 0005",2135,21-FEB-12,000000000.00,"MIAMISBURG CITY OF","BW PARTNERS LTD","BYERS RD","BW PARTNERS LTD","","7755 PARAGON RD STE 106","","DAYTON OH 45459","A",0031.38720,0000093280,0000000000,0000093280,0000266520,0000000000,0000266520,"LAND ONLY","NOT VALIDATED","N"
"K50 02507 0033",3589,21-MAR-12,000209900.00,"AURORA LOAN SERVICES LLC","BAEDKE WILLIAM AND","7483 FARMINGTON RD","BAEDKE WILLIAM AND","JANET","7491 FARMINGTON RD","","MIAMISBURG OH 45342","A",0007.72500,0000016700,0000134950,0000151650,0000047710,0000385580,0000433290,"LAND AND BUILDING","VALID SALE","N"
"L53 02808 0013",3501,20-MAR-12,000000000.00,"WYSONG IMOLOU R","WYSONG IMOLOU R TRUSTEE","LITTLE RICHMOND RD","WYSONG IMOLOU R TRUSTEE","","14778 LITTLE RICHMOND RD","","NEW LEBANON OH 45345","A",0065.06800,0000030160,0000000000,0000030160,0000086160,0000000000,0000086160,"LAND AND BUILDING","RELATED INDIVIDUALS OR CORPORATIONS","N"
"L53 02905 0003",3501,20-MAR-12,000000000.00,"WYSONG IMOLOU R","WYSONG IMOLOU R TRUSTEE","14778 LITTLE RICHMOND RD","WYSONG IMOLOU R TRUSTEE","","14778 LITTLE RICHMOND RD","","NEW LEBANON OH 45345","A",0057.58000,0000032700,0000028460,0000061160,0000093420,0000081320,0000174740,"LAND AND BUILDING","RELATED INDIVIDUALS OR CORPORATIONS","N"
"L53 02905 0006",3501,20-MAR-12,000000000.00,"WYSONG IMOLOU R","WYSONG IMOLOU R TRUSTEE","14434 LITTLE RICHMOND RD","WYSONG IMOLOU R TRUSTEE","","14778 LITTLE RICHMOND RD","","NEW LEBANON OH 45345","A",0009.95000,0000011940,0000000890,0000012830,0000034120,0000002540,0000036660,"LAND AND BUILDING","RELATED INDIVIDUALS OR CORPORATIONS","N"
"L53 02912 0007",2216,22-FEB-12,000250000.00,"MONCE DOROTHY","HECK HAROLD D","857 N DIAMOND MILL RD","HECK HAROLD D","","60 N DIAMOND MILL RD","","DAYTON OH 45427","A",0057.00000,0000024170,0000020470,0000044640,0000069070,0000058480,0000127550,"LAND AND BUILDING","NOT VALIDATED","N"
"L55 02707 0013",4134,30-MAR-12,000000000.00,"OSSWALD MARK E AND","OSSWALD MARK AND","PROVIDENCE RD","OSSWALD MARK AND","SUSAN TRUSTEES","2750 CRAWFORD RD","","BROOKVILLE OH 45309","A",0019.28600,0000006800,0000000000,0000006800,0000019420,0000000000,0000019420,"LAND AND BUILDING","RELATED INDIVIDUALS OR CORPORATIONS","N"
"L55 02707 0014",4134,30-MAR-12,000000000.00,"OSSWALD MARK E AND","OSSWALD MARK AND","15492 PROVIDENCE RD","OSSWALD MARK AND","SUSAN TRUSTEES","2750 CRAWFORD RD","","BROOKVILLE OH 45309","A",0017.19300,0000004930,0000000000,0000004930,0000014080,0000000000,0000014080,"LAND AND BUILDING","RELATED INDIVIDUALS OR CORPORATIONS","N"
"L55 02806 0028",4134,30-MAR-12,000000000.00,"OSSWALD MARK AND","OSSWALD MARK AND","LEXINGTON SALEM RD","OSSWALD MARK AND","SUSAN TRUSTEES","2750 CRAWFORD RD","","BROOKVILLE OH 45309","A",0085.85500,0000042540,0000000000,0000042540,0000121550,0000000000,0000121550,"LAND AND BUILDING","RELATED INDIVIDUALS OR CORPORATIONS","N"
"L55 02809 0003",4130,30-MAR-12,000000000.00,"OSSWALD MARK E AND","OSSWALD MARK E AND","2750 CRAWFORD TOMS RUN RD","OSSWALD MARK E AND","SUSAN E TRUSTEE","2750 CRAWFORD TOMS RUN RD","","BROOKVILLE OH 45309","A",0050.00000,0000033670,0000032680,0000066350,0000096190,0000093360,0000189550,"LAND AND BUILDING","RELATED INDIVIDUALS OR CORPORATIONS","N"
"L55 02809 0006",2410,27-FEB-12,000000000.00,"BAUMGARDNER HOYT JR AND","BAUMGARDNER EMMA J","13292 AMITY RD","BAUMGARDNER EMMA J","","13346 AMITY RD","","BROOKVILLE OH 45309","A",0037.49000,0000027230,0000011350,0000038580,0000077800,0000032430,0000110230,"LAND AND BUILDING","RELATED INDIVIDUALS OR CORPORATIONS","N"
"M60 03003 0006",4935,17-APR-12,000187560.00,"MILLER BERNICE I TR","BROWN CHARLOTTE A TR AND","PUTNAM RD","BROWN CHARLOTTE A TR AND","JOHN A TR","6520 N MONTGOMERY COUNTY LINE RD","","ENGLEWOOD OH 45322","A",0033.19300,0000012760,0000000000,0000012760,0000036460,0000000000,0000036460,"LAND ONLY","VALID SALE","N"
"M60 03003 0030",4935,17-APR-12,000187560.00,"MILLER BERNICE I TR","BROWN CHARLOTTE A TR AND","HABER RD","BROWN CHARLOTTE A TR AND","JOHN A TR","6520 N MONTGOMERY COUNTY LINE RD","","ENGLEWOOD OH 45322","A",0006.71300,0000002560,0000000000,0000002560,0000007300,0000000000,0000007300,"LAND ONLY","VALID SALE","N"
"M60 03013 0009",2948,08-MAR-12,000000000.00,"BETZ MILTON G AND","BARRY EVEANNA K AND","BARNES RD","BARRY EVEANNA K AND","WILLIAM F WETZEL JR","5631 NATIONAL RD","","CLAYTON OH 45315","A",0068.50000,0000027630,0000000000,0000027630,0000078940,0000000000,0000078940,"LAND AND BUILDING","RELATED INDIVIDUALS OR CORPORATIONS","N"
"M60 03101 0005",2948,08-MAR-12,000000000.00,"BETZ MILTON G AND","BARRY EVEANNA K AND","5555 W NATIONAL RD","BARRY EVEANNA K AND","WILLIAM F WETZEL JR","5631 NATIONAL RD","","CLAYTON OH 45315","A",0032.16600,0000015110,0000000000,0000015110,0000043180,0000000000,0000043180,"LAND AND BUILDING","RELATED INDIVIDUALS OR CORPORATIONS","N"
"M60 03101 0007",2948,08-MAR-12,000000000.00,"BETZ MILTON G AND","BARRY EVEANNA K AND","5555 W NATIONAL RD","BARRY EVEANNA K AND","WILLIAM F WETZEL JR","5631 NATIONAL RD","","CLAYTON OH 45315","A",0012.88300,0000015200,0000010420,0000025620,0000043440,0000029770,0000073210,"LAND AND BUILDING","RELATED INDIVIDUALS OR CORPORATIONS","N"
"M60 03101 0090",2948,08-MAR-12,000000000.00,"BETZ MILTON G AND","BARRY EVEANNA K AND","5631 W NATIONAL RD","BARRY EVEANNA K AND","WILLIAM F WETZEL JR","5631 NATIONAL RD","","CLAYTON OH 45315","A",0000.96300,0000009440,0000021900,0000031340,0000026960,0000062580,0000089540,"LAND AND BUILDING","RELATED INDIVIDUALS OR CORPORATIONS","N"
"M60 03206 0035",5382,25-APR-12,000200333.00,"BEACHLER ELSIE TRUSTEE","GAMGARDELLA ANDREW WILLIAM AND","6746 KIMMEL RD","GAMGARDELLA ANDREW WILLIAM AND","STEFANIE NADINE RICKART","6746 KIMMEL RD","","CLAYTON OH 45315","A",0004.20400,0000010170,0000052830,0000063000,0000029060,0000150940,0000180000,"LAND AND BUILDING","VALID SALE","N"
"M60 03210 0118",2006,16-FEB-12,000000000.00,"HENCH CARL JAMES TR AND","HENCH CARL JAMES TR AND","6280 GARBER RD","HENCH CARL JAMES TR AND","DEEANN L TRS","3614 TIPP COWELSVILLE RD","","TIPP CITY OH 45371","A",0021.86700,0000029740,0000064580,0000094320,0000084970,0000184510,0000269480,"LAND AND BUILDING","RELATED INDIVIDUALS OR CORPORATIONS","N"
"O67 03810 0002",5300,24-APR-12,000000000.00,"THE BOARD OF WASHINGTON TWP","THE BOARD OF WASHINGTON TWP","10273 DAYTON LEBANON PIKE","THE BOARD OF WASHINGTON TWP","TRUSTEES OF WASHINGTON TWP MONT CTY OH","8320 MCEWEN RD","","DAYTON OH 45458","A",0005.73210,0000025200,0000024370,0000049570,0000071990,0000069630,0000141620,"LAND AND BUILDING","NOT VALIDATED","N"
"O67 03810 0002",5278,24-APR-12,000000000.00,"WASHINGTON TOWNSHIP TRUSTEES","THE BOARD OF WASHINGTON TWP","10273 DAYTON LEBANON PIKE","THE BOARD OF WASHINGTON TWP","TRUSTEES OF WASHINGTON TWP MONT CTY OH","8320 MCEWEN RD","","DAYTON OH 45458","A",0005.73210,0000025200,0000024370,0000049570,0000071990,0000069630,0000141620,"LAND AND BUILDING","NOT VALIDATED","N"
"O67 03810 0002",5288,24-APR-12,000000000.00,"THE BOARD OF WASHINGTON TWP","THE BOARD OF WASHINGTON TWP","10273 DAYTON LEBANON PIKE","THE BOARD OF WASHINGTON TWP","TRUSTEES OF WASHINGTON TWP MONT CTY OH","8320 MCEWEN RD","","DAYTON OH 45458","A",0005.73210,0000025200,0000024370,0000049570,0000071990,0000069630,0000141620,"LAND AND BUILDING","NOT VALIDATED","N"
"P70 04003 0039",2831,06-MAR-12,000000000.00,"MARSICO FRANCIS P AND","MARSICO EVELYN ET AL 3","5001 OLD TROY PIKE","MARSICO EVELYN ET AL 3","","5159 OLD TROY PIKE","","DAYTON OH 45424","A",0053.40400,0000032470,0000026620,0000059090,0000092760,0000076060,0000168820,"LAND AND BUILDING","NOT VALIDATED","N"
"R72 16905 0008",2149,21-FEB-12,000001000.00,"ATFH REAL PROPERTY LLC","BIG CITY DEVELOPMENT LLC","3373 GUTHRIE RD","BIG CITY DEVELOPMENT LLC","","11 TALCOTT NOTCH RD","","FARMINGTON CT 06032","A",0036.70300,0000051380,0000000000,0000051380,0000146800,0000000000,0000146800,"LAND AND BUILDING","SALE INVOLVING MULTIPLE PARCELS","N"
"R72617517 0003",2448,28-FEB-12,000017138.00,"VECTOR DEVELOPMENT LTD","ADVANCED ADVENTURE INVESTMENTS INC","HERITAGE PIKE","ADVANCED ADVENTURE INVESTMENTS INC","","6652 CHRISMAN LN","","MIDDLETOWN OH 45042","A",0007.62100,0000004290,0000000000,0000004290,0000012250,0000000000,0000012250,"LAND AND BUILDING","NOT VALIDATED","N"
