"PARID","CONVNUM","SALEDTE","PRICE","OLDOWN","OWNERNAME1","PARCELLOCATION","MAILINGNAME1","MAILINGNAME2","PADDR1","PADDR2","PADDR3","CLS","ACRES","TAXLAND","TAXBLDG","TAXTOTAL","ASMTLAND","ASMTBLDG","ASMTTOTL","SALETYPE","SALEVALIDITY","DYTNCRDT"
"A01 00101 0008",12186,31-AUG-12,000000000.00,"GEISLER RICK L AND","GEISLER JENAE S TR","1770 COUNTY LINE RD","GEISLER JENAE S TR","","1770 N MONTGOMERY CNTY LINE RD","","TIPP CITY OH 45371","A",0000.42000,0000000000,0000000000,0000000000,0000000000,0000000000,0000000000,"LAND AND BUILDING","RELATED INDIVIDUALS OR CORPORATIONS","N"
"A01 00104 0006",7166,31-MAY-12,000187504.00,"FANNIE MAE","SEEBACH JAMES M AND","10691 KLEY RD","SEEBACH JAMES M AND","LORRIE L","10691 KLEY RD","","VANDALIA OH 45377 2303","A",0004.72200,0000017120,0000047480,0000064600,0000048920,0000135670,0000184590,"LAND AND BUILDING","VALID SALE","N"
"A01 00104 0009",4144,30-MAR-12,000000000.00,"BIHN THOMAS J AND","BIHN JACQUELINE S","10585 KLEY RD","BIHN JACQUELINE S","","10585 KLEY RD","","VANDALIA OH 45377","A",0004.89900,0000012900,0000054660,0000067560,0000036850,0000156160,0000193010,"LAND AND BUILDING","RELATED INDIVIDUALS OR CORPORATIONS","N"
"A01 00104 0009",1839,10-FEB-12,000000000.00,"BIHN THOMAS J AND","BIHN THOMAS J AND","10585 KLEY RD","BIHN JACQUELINE S","","10585 KLEY RD","","VANDALIA OH 45377","A",0004.89900,0000012900,0000054660,0000067560,0000036850,0000156160,0000193010,"LAND AND BUILDING","RELATED INDIVIDUALS OR CORPORATIONS","N"
"A01 00105 0039",14380,10-OCT-12,000345000.00,"COPP SALLY R","DEBALZO SANDRA M","10424 FREDERICK PIKE","DEBALZO SANDRA M","","10424 FREDERICK PIKE","","VANDALIA OH 45377","A",0020.06500,0000046030,0000067390,0000113420,0000131500,0000192540,0000324040,"LAND AND BUILDING","VALID SALE","N"
"A01 00106 0017",17049,04-DEC-12,000000000.00,"HERTLEIN HERMAN G","HERTLEIN LORI A TR ET AL","3111 W NATIONAL RD","HERMAN G HERTLEIN","","9105 PETERS PIKE","","VANDALIA OH 45377 9306","A",0027.04300,0000010720,0000001450,0000012170,0000030640,0000004140,0000034780,"LAND AND BUILDING","RELATED INDIVIDUALS OR CORPORATIONS","N"
"A01 00106 0017",17050,04-DEC-12,000000000.00,"HERTLEIN LORI A TR ET AL","HERTLEIN HERMAN G ET AL","3111 W NATIONAL RD","HERMAN G HERTLEIN","","9105 PETERS PIKE","","VANDALIA OH 45377 9306","A",0027.04300,0000010720,0000001450,0000012170,0000030640,0000004140,0000034780,"LAND AND BUILDING","RELATED INDIVIDUALS OR CORPORATIONS","N"
"A01 00106 0017",17055,04-DEC-12,000000000.00,"HERTLEIN HERMAN G ET AL","HERTLEIN LORI A ET AL 6","3111 W NATIONAL RD","HERMAN G HERTLEIN","","9105 PETERS PIKE","","VANDALIA OH 45377 9306","A",0027.04300,0000010720,0000001450,0000012170,0000030640,0000004140,0000034780,"LAND AND BUILDING","RELATED INDIVIDUALS OR CORPORATIONS","N"
"A01 00106 0018",17049,04-DEC-12,000000000.00,"HERTLEIN HERMAN G","HERTLEIN LORI A TR ET AL","W NATIONAL RD","HERMAN G HERTLEIN","","9105 PETERS PIKE","","VANDALIA OH 45377 9306","A",0026.44300,0000009870,0000000000,0000009870,0000028200,0000000000,0000028200,"LAND AND BUILDING","RELATED INDIVIDUALS OR CORPORATIONS","N"
"A01 00106 0018",17055,04-DEC-12,000000000.00,"HERTLEIN HERMAN G ET AL","HERTLEIN LORI A ET AL 6","W NATIONAL RD","HERMAN G HERTLEIN","","9105 PETERS PIKE","","VANDALIA OH 45377 9306","A",0026.44300,0000009870,0000000000,0000009870,0000028200,0000000000,0000028200,"LAND AND BUILDING","RELATED INDIVIDUALS OR CORPORATIONS","N"
"A01 00106 0018",17050,04-DEC-12,000000000.00,"HERTLEIN LORI A TR ET AL","HERTLEIN HERMAN G ET AL","W NATIONAL RD","HERMAN G HERTLEIN","","9105 PETERS PIKE","","VANDALIA OH 45377 9306","A",0026.44300,0000009870,0000000000,0000009870,0000028200,0000000000,0000028200,"LAND AND BUILDING","RELATED INDIVIDUALS OR CORPORATIONS","N"
"A01 00106 0019",17055,04-DEC-12,000000000.00,"HERTLEIN HERMAN G ET AL","HERTLEIN LORI A ET AL 6","W NATIONAL RD","HERMAN G HERTLEIN","","9105 PETERS PIKE","","VANDALIA OH 45377 9306","A",0020.55000,0000007700,0000000000,0000007700,0000022000,0000000000,0000022000,"LAND AND BUILDING","RELATED INDIVIDUALS OR CORPORATIONS","N"
"A01 00106 0019",17049,04-DEC-12,000000000.00,"HERTLEIN HERMAN G","HERTLEIN LORI A TR ET AL","W NATIONAL RD","HERMAN G HERTLEIN","","9105 PETERS PIKE","","VANDALIA OH 45377 9306","A",0020.55000,0000007700,0000000000,0000007700,0000022000,0000000000,0000022000,"LAND AND BUILDING","RELATED INDIVIDUALS OR CORPORATIONS","N"
"A01 00106 0019",17050,04-DEC-12,000000000.00,"HERTLEIN LORI A TR ET AL","HERTLEIN HERMAN G ET AL","W NATIONAL RD","HERMAN G HERTLEIN","","9105 PETERS PIKE","","VANDALIA OH 45377 9306","A",0020.55000,0000007700,0000000000,0000007700,0000022000,0000000000,0000022000,"LAND AND BUILDING","RELATED INDIVIDUALS OR CORPORATIONS","N"
"A01 00106 0020",17050,04-DEC-12,000000000.00,"HERTLEIN LORI A TR ET AL","HERTLEIN HERMAN G ET AL","3111 W NATIONAL RD","HERMAN G HERTLEIN","","9105 PETERS PIKE","","VANDALIA OH 45377 9306","A",0030.01000,0000009350,0000000000,0000009350,0000026710,0000000000,0000026710,"LAND AND BUILDING","RELATED INDIVIDUALS OR CORPORATIONS","N"
"A01 00106 0020",17049,04-DEC-12,000000000.00,"HERTLEIN HERMAN G","HERTLEIN LORI A TR ET AL","3111 W NATIONAL RD","HERMAN G HERTLEIN","","9105 PETERS PIKE","","VANDALIA OH 45377 9306","A",0030.01000,0000009350,0000000000,0000009350,0000026710,0000000000,0000026710,"LAND AND BUILDING","RELATED INDIVIDUALS OR CORPORATIONS","N"
"A01 00106 0020",17055,04-DEC-12,000000000.00,"HERTLEIN HERMAN G ET AL","HERTLEIN LORI A ET AL 6","3111 W NATIONAL RD","HERMAN G HERTLEIN","","9105 PETERS PIKE","","VANDALIA OH 45377 9306","A",0030.01000,0000009350,0000000000,0000009350,0000026710,0000000000,0000026710,"LAND AND BUILDING","RELATED INDIVIDUALS OR CORPORATIONS","N"
"A01 00202 0003",14321,09-OCT-12,000000000.00,"DOUBLEDAY FARM II LLC","DOUBLEDAY FARM LLC","OLD SPRINGFIELD RD","DOUBLEDAY FARM LLC","","6945 MEEKER WOODS DR","","DAYTON OH 45414","A",0046.30000,0000257660,0000000000,0000257660,0000736170,0000000000,0000736170,"LAND ONLY","RELATED INDIVIDUALS OR CORPORATIONS","N"
"A01 00202 0011",14321,09-OCT-12,000000000.00,"DOUBLEDAY FARM II LLC","DOUBLEDAY FARM LLC","OLD SPRINGFIELD RD","DOUBLEDAY FARM LLC","","6945 MEEKER WOODS DR","","DAYTON OH 45414","A",0003.41600,0000025690,0000000000,0000025690,0000073410,0000000000,0000073410,"LAND ONLY","RELATED INDIVIDUALS OR CORPORATIONS","N"
"A01 00202 0032",14321,09-OCT-12,000000000.00,"DOUBLEDAY FARM II LLC","DOUBLEDAY FARM LLC","OLD SPRINGFIELD RD","DOUBLEDAY FARM LLC","","6945 MEEKER WOODS DR","","DAYTON OH 45414","A",0006.53700,0000036380,0000000000,0000036380,0000103940,0000000000,0000103940,"LAND ONLY","RELATED INDIVIDUALS OR CORPORATIONS","N"
"A01 00202 0035",14321,09-OCT-12,000000000.00,"DOUBLEDAY FARM II LLC","DOUBLEDAY FARM LLC","OLD SPRINGFIELD RD","DOUBLEDAY FARM LLC","","6945 MEEKER WOODS DR","","DAYTON OH 45414","A",0000.84600,0000004710,0000000000,0000004710,0000013450,0000000000,0000013450,"LAND ONLY","RELATED INDIVIDUALS OR CORPORATIONS","N"
"A01 00202 0062",14321,09-OCT-12,000000000.00,"DOUBLEDAY FARM II LLC","DOUBLEDAY FARM LLC","DIXIE DR","DOUBLEDAY FARM LLC","","6945 MEEKER WOODS DR","","DAYTON OH 45414","A",0029.26200,0000162840,0000000000,0000162840,0000465270,0000000000,0000465270,"LAND ONLY","RELATED INDIVIDUALS OR CORPORATIONS","N"
"A01 00307 0261",3925,27-MAR-12,000115000.00,"DUFF JAMES EARL","RED SPIRES ASSET SUB LLC","4080 LITTLE YORK RD","RED SPIRES ASSET SUB LLC","","P O BOX 723597","","ATLANTA GA 31139 9433","A",0000.48900,0000008540,0000000000,0000008540,0000024400,0000000000,0000024400,"LAND ONLY","VALID SALE","N"
"A01 00309 0024",7879,13-JUN-12,000000000.00,"SMYTHE JUNE D","SMYTHE RICHARD L TR AND","7135 MEEKER RD","SMYTHE RICHARD L TR AND","JUNE D TR","7067 MEEKER COMMONS LN","","DAYTON OH 45414","A",0030.68000,0000011810,0000000000,0000011810,0000033750,0000000000,0000033750,"LAND AND BUILDING","RELATED INDIVIDUALS OR CORPORATIONS","N"
"A01 00309 0172",16998,04-DEC-12,000000000.00,"RATLIFF MARY E","RATLIFF ANDREW L","3000 MALINA AVE","RATLIFF MARY E","","3000 MALINA AVE","","DAYTON OH 45414","A",0015.00000,0000015240,0000101150,0000116390,0000043540,0000289000,0000332540,"LAND AND BUILDING","RELATED INDIVIDUALS OR CORPORATIONS","N"
"A01100510 0004",12186,31-AUG-12,000000000.00,"GEISLER RICK L AND","GEISLER JENAE S TR","1770 COUNTY LINE RD","RICK L GEISLER","","1770 N MONTGOMERY COUNTY L","","TIPP CITY OH 45371 9513","A",0064.12700,0000041070,0000018960,0000060030,0000117340,0000054160,0000171500,"LAND AND BUILDING","RELATED INDIVIDUALS OR CORPORATIONS","N"
"B02 01013 0003",17049,04-DEC-12,000000000.00,"HERTLEIN HERMAN","HERTLEIN LORI A TR ET AL","9105 PETERS PIKE","HERMAN HERTLEIN","","9105 PETERS PIKE","","VANDALIA OH 45377 9306","A",0001.14000,0000011240,0000027280,0000038520,0000032100,0000077950,0000110050,"LAND AND BUILDING","RELATED INDIVIDUALS OR CORPORATIONS","N"
"B02 01013 0004",17049,04-DEC-12,000000000.00,"HERTLEIN HERMAN","HERTLEIN LORI A TR ET AL","9105 PETERS PIKE","HERMAN HERTLEIN","","9105 PETERS PIKE","","VANDALIA OH 45377 9306","A",0055.06900,0000037650,0000011130,0000048780,0000107580,0000031790,0000139370,"LAND AND BUILDING","RELATED INDIVIDUALS OR CORPORATIONS","N"
"B02 01013 0004",17055,04-DEC-12,000000000.00,"HERTLEIN HERMAN G ET AL","HERTLEIN LORI A ET AL 6","9105 PETERS PIKE","HERMAN HERTLEIN","","9105 PETERS PIKE","","VANDALIA OH 45377 9306","A",0055.06900,0000037650,0000011130,0000048780,0000107580,0000031790,0000139370,"LAND AND BUILDING","RELATED INDIVIDUALS OR CORPORATIONS","N"
"B02 01013 0004",17050,04-DEC-12,000000000.00,"HERTLEIN LORI A TR ET AL","HERTLEIN HERMAN G ET AL","9105 PETERS PIKE","HERMAN HERTLEIN","","9105 PETERS PIKE","","VANDALIA OH 45377 9306","A",0055.06900,0000037650,0000011130,0000048780,0000107580,0000031790,0000139370,"LAND AND BUILDING","RELATED INDIVIDUALS OR CORPORATIONS","N"
"B02 01015 0021",24,03-JAN-12,000000000.00,"HERTLEIN HERMAN G ET AL 7","HERTLEIN HERMAN G ET AL 7","DOG LEG RD","HERTLEIN HERMAN G ET AL 7","","9060 PETERS PIKE","","VANDALIA OH 45377","A",0037.69500,0000020130,0000000000,0000020130,0000057510,0000000000,0000057510,"LAND AND BUILDING","RELATED INDIVIDUALS OR CORPORATIONS","N"
"B02 01015 0021",23,03-JAN-12,000000000.00,"HERTLEIN HERMAN G ET AL 7","HERTLEIN HERMAN G ET AL 7","DOG LEG RD","HERTLEIN HERMAN G ET AL 7","","9060 PETERS PIKE","","VANDALIA OH 45377","A",0037.69500,0000020130,0000000000,0000020130,0000057510,0000000000,0000057510,"LAND AND BUILDING","RELATED INDIVIDUALS OR CORPORATIONS","N"
"B02 01015 0021",22,03-JAN-12,000000000.00,"HERTLEIN HERMAN G","HERTLEIN HERMAN G ET AL 7","DOG LEG RD","HERTLEIN HERMAN G ET AL 7","","9060 PETERS PIKE","","VANDALIA OH 45377","A",0037.69500,0000020130,0000000000,0000020130,0000057510,0000000000,0000057510,"LAND AND BUILDING","RELATED INDIVIDUALS OR CORPORATIONS","N"
"B02 01015 0021",17055,04-DEC-12,000000000.00,"HERTLEIN LORI A TR ET AL","HERTLEIN LORI A ET AL 6","DOG LEG RD","HERTLEIN HERMAN G ET AL 7","","9060 PETERS PIKE","","VANDALIA OH 45377","A",0037.69500,0000020130,0000000000,0000020130,0000057510,0000000000,0000057510,"LAND AND BUILDING","RELATED INDIVIDUALS OR CORPORATIONS","N"
"B02 01015 0021",17049,04-DEC-12,000000000.00,"HERTLEIN HERMAN G ET AL 7","HERTLEIN LORI A TR ET AL","DOG LEG RD","HERTLEIN HERMAN G ET AL 7","","9060 PETERS PIKE","","VANDALIA OH 45377","A",0037.69500,0000020130,0000000000,0000020130,0000057510,0000000000,0000057510,"LAND AND BUILDING","RELATED INDIVIDUALS OR CORPORATIONS","N"
"C04 00509 0001",2309,24-FEB-12,000000000.00,"MEYER GLENNA M","HICKS KATHLEEN I","8683 DODSON RD","HICKS KATHLEEN I","","811 US ROUTE 40","","EATON OH 45320","A",0079.72900,0000044780,0000000000,0000044780,0000127930,0000000000,0000127930,"LAND AND BUILDING","RELATED INDIVIDUALS OR CORPORATIONS","N"
"C04 00602 0002",953,24-JAN-12,000282000.00,"MEANS GREGORY AND","SHACKLEFORD TROY A AND","8844 PLEASANT PLAIN RD","SHACKLEFORD TROY A AND","BOBBY C","8844 PLEASANT PLAIN RD","","BROOKVILLE OH 45309","A",0011.94300,0000011870,0000064680,0000076550,0000033910,0000184790,0000218700,"LAND AND BUILDING","VALID SALE","N"
"C04 00606 0006",9920,25-JUL-12,000102500.00,"JAYNES LOUISE","MARSHALL RICKY GLEN","7597 NUMBER NINE RD","MARSHALL RICKY GLEN","","7597 NUMBER 9 RD","","BROOKVILLE OH 45309","A",0010.30000,0000012520,0000039680,0000052200,0000035760,0000113360,0000149120,"LAND AND BUILDING","VALID SALE","N"
"C04 00607 0013",4094,29-MAR-12,000000000.00,"BURKETT ROBERT W","BURKETT MICHAEL SCOTT ET AL 5","14733 WESTBROOK RD","BURKETT MICHAEL SCOTT ET AL 5","","14733 WESTBROOK RD","","BROOKVILLE OH 45309","A",0041.53700,0000028050,0000015450,0000043500,0000080150,0000044130,0000124280,"LAND AND BUILDING","RELATED INDIVIDUALS OR CORPORATIONS","N"
"C04 00607 0061",4130,30-MAR-12,000000000.00,"OSSWALD MARK","OSSWALD MARK E AND","3 UPPER LEWISBURG SALEM RD","OSSWALD MARK E AND","SUSAN E TRUSTEE","2750 CRAWFORD TOMS RUN RD","","BROOKVILLE OH 45309","A",0049.81800,0000025340,0000000000,0000025340,0000072390,0000000000,0000072390,"LAND AND BUILDING","RELATED INDIVIDUALS OR CORPORATIONS","N"
"C06 00403 0025",6442,16-MAY-12,000000000.00,"HENSON PAUL D AND","HENSON KENDA J","BALTIMORE PHILLIPSBURG RD","HENSON KENDA J","","8915 BALTIMORE-PHILLIPSBURG RD","","BROOKVILLE OH 45309","A",0027.88200,0000015080,0000000000,0000015080,0000043090,0000000000,0000043090,"LAND AND BUILDING","NOT VALIDATED","N"
"C06 00504 0013",1320,01-FEB-12,000000000.00,"HAWS JOHN C AND","HAWS JOHN C","9413 ARLINGTON RD","HAWS JOHN C","","9413 ARLINGTON RD","","BROOKVILLE OH 45309","A",0023.89700,0000012720,0000007790,0000020510,0000036330,0000022270,0000058600,"LAND AND BUILDING","RELATED INDIVIDUALS OR CORPORATIONS","N"
"C09 00506 0004",16211,15-NOV-12,000000000.00,"FILBRUN ROBBY R AND","FILBRUN ROB FARMS LLC","11448 SWEET POTATO RIDGE RD","FILBRUN ROB FARMS LLC","","11448 SWEET POTATO RIDGE RD","","BROOKVILLE OH 45309","A",0043.00000,0000030240,0000036770,0000067010,0000086400,0000105070,0000191470,"LAND AND BUILDING","RELATED INDIVIDUALS OR CORPORATIONS","N"
"C09 00506 0005",16211,15-NOV-12,000000000.00,"FILBRUN ROBBY R AND","FILBRUN ROB FARMS LLC","SWEET POTATO RIDGE RD","FILBRUN ROB FARMS LLC","","11448 SWEET POTATO RIDGE RD","","BROOKVILLE OH 45309","A",0048.86300,0000027970,0000000000,0000027970,0000079920,0000000000,0000079920,"LAND AND BUILDING","RELATED INDIVIDUALS OR CORPORATIONS","N"
"C09 00507 0064",13352,20-SEP-12,000000000.00,"SIMPSON GARY L AND","SIMPSON MARYANN","8395 NUMBER NINE RD","SIMPSON MARYANN","","8395 NUMBER NINE RD","","BROOKVILLE OH 45309 3349","A",0009.89700,0000013520,0000041320,0000054840,0000038640,0000118060,0000156700,"LAND AND BUILDING","RELATED INDIVIDUALS OR CORPORATIONS","N"
"C09 00508 0023",2309,24-FEB-12,000000000.00,"MEYER GLENNA M","HICKS KATHLEEN I","8683 DODSON RD","HICKS KATHLEEN I","","811 US ROUTE 40","","EATON OH 45320","A",0070.64200,0000046970,0000029780,0000076750,0000134200,0000085080,0000219280,"LAND AND BUILDING","RELATED INDIVIDUALS OR CORPORATIONS","N"
"C09 00508 0027",9461,18-JUL-12,000000000.00,"STECK MARION A AND","STECK ALBERTA L","8616 NUMBER NINE RD","STECK ALBERTA L","","8616 NUMBER 9 RD","","BROOKVILLE OH 45309","A",0016.72000,0000015710,0000036160,0000051870,0000044880,0000103300,0000148180,"LAND AND BUILDING","RELATED INDIVIDUALS OR CORPORATIONS","N"
"D13 00210 0002",69,04-JAN-12,000430000.00,"EMERT JOYCE A","HEWITT FARMS LLC","6860 DIAMOND MILL RD","HEWITT FARMS LLC","","11101 FARMERSVILLE-W CARROLLTON RD","","FARMERSVILLE OH 45325","A",0015.19000,0000004360,0000000000,0000004360,0000012470,0000000000,0000012470,"LAND AND BUILDING","VALID SALE","N"
"D13 00210 0003",69,04-JAN-12,000430000.00,"EMERT JOYCE A","HEWITT FARMS LLC","S DIAMOND MILL RD","HEWITT FARMS LLC","","11101 FARMERSVILLE-W CARROLLTON RD","","FARMERSVILLE OH 45325","A",0047.00000,0000016170,0000000000,0000016170,0000046190,0000000000,0000046190,"LAND AND BUILDING","VALID SALE","N"
"D13 00210 0004",69,04-JAN-12,000430000.00,"EMERT JOYCE A","HEWITT FARMS LLC","6860 DIAMOND MILL RD","HEWITT FARMS LLC","","11101 FARMERSVILLE-W CARROLLTON RD","","FARMERSVILLE OH 45325","A",0020.43600,0000018440,0000056240,0000074680,0000052690,0000160690,0000213380,"LAND AND BUILDING","VALID SALE","N"
"D13 00307 0055",4954,18-APR-12,000000000.00,"KEY BANK NA TR AND","ROMYN PATRICIA","DAYTON GERMANTOWN PIKE","ROMYN PATRICIA","","204 DEAN DR","","FARMERSVILLE OH 45325","A",0064.05400,0000023930,0000000000,0000023930,0000068370,0000000000,0000068370,"LAND AND BUILDING","NOT VALIDATED","N"
"D13 00307 0055",1665,08-FEB-12,000000000.00,"KEY BANK NA TR AND","KEY BANK NA TR AND","DAYTON GERMANTOWN PIKE","ROMYN PATRICIA","","204 DEAN DR","","FARMERSVILLE OH 45325","A",0064.05400,0000023930,0000000000,0000023930,0000068370,0000000000,0000068370,"LAND AND BUILDING","NOT VALIDATED","N"
"D13 00307 0055",1664,08-FEB-12,000000000.00,"KEY BANK NA CO-TRUSTEE ETAL","KEY BANK NA TR AND","DAYTON GERMANTOWN PIKE","ROMYN PATRICIA","","204 DEAN DR","","FARMERSVILLE OH 45325","A",0064.05400,0000023930,0000000000,0000023930,0000068370,0000000000,0000068370,"LAND AND BUILDING","NOT VALIDATED","N"
"D13 00307 0056",1663,08-FEB-12,000000000.00,"KEY BANK NA CO-TRUSTEE ETAL","KESLING JOYCE AND","WEAVER RD","KESLING JOYCE AND","NANCY KOVERMAN","5260 WEAVER RD","","GERMANTOWN OH 45327","A",0067.57200,0000029940,0000000000,0000029940,0000085540,0000000000,0000085540,"LAND AND BUILDING","SALE INVOLVING MULTIPLE PARCELS","N"
"D13 00307 0057",1663,08-FEB-12,000000000.00,"KEY BANK NA CO-TRUSTEE ETAL","KESLING JOYCE AND","WEAVER RD","KESLING JOYCE AND","NANCY KOVERMAN","5260 WEAVER RD","","GERMANTOWN OH 45327","A",0064.11300,0000025830,0000000000,0000025830,0000073800,0000000000,0000073800,"LAND AND BUILDING","SALE INVOLVING MULTIPLE PARCELS","N"
"D14 00705 0001",9369,16-JUL-12,000179000.00,"HENRY JAMES R AND","VALLEY VIEW INVESTMENT PROPERTIES LLC","6200 LITTLE TWIN RD","VALLEY VIEW INVESTMENT PROPERTIES LLC","","6707 LITTLE TWIN RD","","GERMANTOWN OH 45327","A",0015.07200,0000015440,0000029180,0000044620,0000044100,0000083370,0000127470,"LAND AND BUILDING","VALID SALE","N"
"D14 00710 0009",5106,20-APR-12,000000000.00,"MORELAND CHARLES E","MORELAND  MARGARET C","BADEN RD","MORELAND  MARGARET C","C/O MARY DULL","P O BOX 31","","GRATIS OH 45330","A",0014.23700,0000004960,0000000000,0000004960,0000014170,0000000000,0000014170,"LAND AND BUILDING","RELATED INDIVIDUALS OR CORPORATIONS","N"
"D14 00710 0064",5106,20-APR-12,000000000.00,"MORELAND CHARLES E","MORELAND  MARGARET C TR","BADEN RD","MORELAND  MARGARET C TR","C/O MARY DULL","P O BOX 31","","GRATIS OH 45330","A",0022.73600,0000002120,0000000000,0000002120,0000006060,0000000000,0000006060,"LAND AND BUILDING","RELATED INDIVIDUALS OR CORPORATIONS","N"
"D14 00711 0085",12214,31-AUG-12,000045000.00,"ZIMMERMAN DAVID JR","ZIMMERMAN DAVID L SR","15688 ST RT 725","ZIMMERMAN DAVID L SR","","15264 STATE ROUTE 725","","GERMANTOWN OH 45327","A",0008.88420,0000003900,0000000000,0000003900,0000011130,0000000000,0000011130,"LAND ONLY","NOT VALIDATED","N"
"D14 00801 0081",4639,11-APR-12,000000000.00,"WEIDLE SCOTT AND","ESTATES BY THE RESERVE","BIG TWIN TER","ESTATES BY THE RESERVE","WELL OWNERS ASSOC INC","P O BOX 105","","GERMANTOWN OH 45327","A",0000.65000,0000003320,0000000000,0000003320,0000009480,0000000000,0000009480,"LAND ONLY","NOT VALIDATED","N"
"D14 00804 0014",4397,04-APR-12,000250000.00,"MEYER ROBERT LEE","SCHERPF FLORIAN J AND","11995 SIGAL RD","SCHERPF FLORIAN J AND","CONNIE J","11540 WINDRIDGE RD","","PICKERINGTON OH 43147","A",0030.90760,0000018270,0000030230,0000048500,0000052200,0000086370,0000138570,"LAND AND BUILDING","SALE INVOLVING MULTIPLE PARCELS","N"
"D14 00804 0015",4631,10-APR-12,000155000.00,"MEYER ROBERT L","LAWS JAMES G AND","11995 SIGAL RD","LAWS JAMES G AND","PATSY B","11345 OXFORD RD","","GERMANTOWN OH 45327","A",0020.41790,0000011430,0000000000,0000011430,0000032670,0000000000,0000032670,"LAND ONLY","NOT VALIDATED","N"
"D14 00806 0010",4635,11-APR-12,000068000.00,"JUDY ALAN TR","BURKHART JOHN LUKE AND","13667 OXFORD RD","BURKHART JOHN LUKE AND","SHANNON L HETZLER","7458 GERMANTOWN PIKE","","GERMANTOWN OH 45327","A",0006.07200,0000001950,0000000000,0000001950,0000005560,0000000000,0000005560,"LAND ONLY","SALE INVOLVING MULTIPLE PARCELS","N"
"D14 00806 0050",4635,11-APR-12,000068000.00,"JUDY ALAN TR","BURKHART JOHN LUKE AND","OXFORD RD","BURKHART JOHN LUKE AND","SHANNON L HETZLER","7458 GERMANTOWN PIKE","","GERMANTOWN OH 45327","A",0005.57200,0000001800,0000000000,0000001800,0000005150,0000000000,0000005150,"LAND ONLY","SALE INVOLVING MULTIPLE PARCELS","N"
"D14 00807 0001",4948,18-APR-12,000000000.00,"BARKALOW DALE E AND","BARKALOW CHERYL L","MOYER RD","BARKALOW CHERYL L","","14949 MOYER RD","","GERMANTOWN OH 45327 2337","A",0010.00000,0000003520,0000093610,0000097130,0000010050,0000267460,0000277510,"LAND AND BUILDING","NOT VALIDATED","N"
"D14 00807 0012",4958,18-APR-12,000000000.00,"BARKALOW DALE E","BARKALOW DALE E","8116 BROWNS RUN RD","BARKALOW DALE E","","8116 BROWNS RUN RD","","GERMANTOWN OH 45327","A",0022.52300,0000019970,0000029640,0000049610,0000057060,0000084690,0000141750,"LAND AND BUILDING","NOT VALIDATED","N"
"D14 00807 0023",4955,18-APR-12,000000000.00,"BARKALOW DALE E AND","BARKALOW DALE E","MOYER RD","BARKALOW DALE E","","8116 BROWNS RUN RD","","GERMANTOWN OH 45327","A",0027.37000,0000011270,0000000000,0000011270,0000032200,0000000000,0000032200,"LAND AND BUILDING","NOT VALIDATED","N"
"D14 00808 0007",4957,18-APR-12,000000000.00,"BARKALOW DALE E AND","BARKALOW DALE E","15037 MOYER RD","BARKALOW DALE E","","8116 BROWN RUN RD","","GERMANTOWN OH 45327","A",0027.00000,0000020980,0000025920,0000046900,0000059950,0000074060,0000134010,"LAND AND BUILDING","NOT VALIDATED","N"
"D14 00810 0012",6778,23-MAY-12,000000000.00,"LAWSON GENE","LAWSON JASON R ET AL 3","FRIEND RD","LAWSON GENE","","14473 FRIEND RD","","GERMANTOWN OH 45327","A",0034.50000,0000008450,0000000000,0000008450,0000024130,0000000000,0000024130,"LAND AND BUILDING","RELATED INDIVIDUALS OR CORPORATIONS","N"
"D14 00810 0013",6778,23-MAY-12,000000000.00,"LAWSON GENE","LAWSON JASON R ET AL 3","14473 FRIEND RD","LAWSON GENE","","14473 FRIEND RD","","GERMANTOWN OH 45327","A",0030.43400,0000018750,0000035750,0000054500,0000053560,0000102150,0000155710,"LAND AND BUILDING","RELATED INDIVIDUALS OR CORPORATIONS","N"
"D14 00810 0021",6246,11-MAY-12,000000000.00,"BUSH CLARA E","BUSH MCKENZIE VIRGINIA ET AL 4","9787 BROWNS RUN RD","BUSH MCKENZIE VIRGINIA ET AL 4","","350 PEELED OAK RD","","OWINGSVILLE KY 40360","A",0030.00000,0000025660,0000026860,0000052520,0000073320,0000076740,0000150060,"LAND AND BUILDING","RELATED INDIVIDUALS OR CORPORATIONS","N"
"D14 00810 0021",6244,11-MAY-12,000000000.00,"BUSH MELVIN L AND","BUSH CLARA E","9787 BROWNS RUN RD","BUSH MCKENZIE VIRGINIA ET AL 4","","350 PEELED OAK RD","","OWINGSVILLE KY 40360","A",0030.00000,0000025660,0000026860,0000052520,0000073320,0000076740,0000150060,"LAND AND BUILDING","RELATED INDIVIDUALS OR CORPORATIONS","N"
"D14 00902 0041",4633,11-APR-12,000000000.00,"TAULBEE SANDRA G","TAULBEE MICHAEL L AND","12900 HARRIS RD","TAULBEE MICHAEL L AND","SANDRA G","7932 HARRIS RD","","GERMANTOWN OH 45327","A",0023.65300,0000019610,0000029050,0000048660,0000056040,0000082990,0000139030,"LAND AND BUILDING","NOT VALIDATED","N"
"D14 00904 0001",1339,01-FEB-12,000000000.00,"GUFFEY JOHN D TR AND","GUFFEY DONNA JEAN AND","9815 GERMANTOWN MIDDLETOWN PIKE","GUFFEY DONNA JEAN AND","DAWN B CORNETT","9815 GERMANTOWN MIDDLETOWN RD","","GERMANTOWN OH 45327","A",0152.08000,0000056840,0000030470,0000087310,0000162410,0000087070,0000249480,"LAND AND BUILDING","NOT VALIDATED","N"
"D14 00904 0028",3231,14-MAR-12,000000000.00,"JOHNS DAVID S AND","JOHNS DAVID S AND","9680 GERMAN MIDDLETOWN PIKE","JOHNS DAVID S AND","STEPHANIE S","6216 CEDAR LN","","MIAMISBURG OH 45342","A",0024.09200,0000065410,0000014590,0000080000,0000186890,0000041690,0000228580,"LAND AND BUILDING","RELATED INDIVIDUALS OR CORPORATIONS","N"
"D14 00904 0029",3231,14-MAR-12,000000000.00,"JOHNS DAVID S AND","JOHNS DAVID S AND","9680 GERMANTOWN MIDDLETOWN PIKE","JOHNS DAVID S AND","STEPHANIE S","6216 CEDAR LN","","MIAMISBURG OH 45342","A",0014.35000,0000000000,0000000000,0000000000,0000000000,0000000000,0000000000,"LAND AND BUILDING","RELATED INDIVIDUALS OR CORPORATIONS","N"
"D14 00905 0028",11084,14-AUG-12,000190000.00,"BROWN DONNA AND","FEDERAL NATIONAL MORTGAGE ASSOC","10355 EBY RD","FEDERAL NATIONAL MORTGAGE ASSOC","","1 S WACKER DR STE 3100","","GERMANTOWN OH 45327","A",0017.61000,0000033890,0000053380,0000087270,0000096840,0000152520,0000249360,"LAND AND BUILDING","LIQUIDATION/FORECLOSURE","N"
"D14 00907 0019",16668,28-NOV-12,000150000.00,"KOVERMAN NANCY","DEGROAT BENJAMIN F AND","FRIEND RD","DEGROAT BENJAMIN F AND","MICHELLE R","13651 FRIEND RD","","GERMANTOWN OH 45327","A",0035.00000,0000010280,0000000000,0000010280,0000029370,0000000000,0000029370,"LAND ONLY","VALID SALE","N"
"D14 00907 0039",4966,18-APR-12,000000000.00,"KESLING JOYCE TR AND","BECKER KAREN EPPERSON","FRIEND RD","BECKER KAREN EPPERSON","","9635 FARMERSVILLE-W CARROLLTON RD","","GERMANTOWN OH 45327","A",0093.66200,0000030120,0000000000,0000030120,0000086050,0000000000,0000086050,"LAND AND BUILDING","NOT VALIDATED","N"
"D14 00908 0001",7563,06-JUN-12,000311250.00,"SCHROER DANIEL AND","WEIBEL MEREDITH A AND","13960 FRIEND RD","WEIBEL MEREDITH A AND","KENNETH M","13960 FRIEND RD","","GERMANTOWN OH 45327","A",0016.37700,0000017050,0000071250,0000088300,0000048720,0000203580,0000252300,"LAND AND BUILDING","VALID SALE","N"
"D14 00908 0017",11474,20-AUG-12,000130000.00,"FANNIE MAE","THOMPSON BRIAN AND","13864 FRIEND RD","THOMPSON BRIAN AND","JULIE","13864 FRIEND RD","","GERMANTOWN OH 45327","A",0005.00500,0000030620,0000041080,0000071700,0000087490,0000117370,0000204860,"LAND AND BUILDING","NOT VALIDATED","N"
"D14 00908 0017",10531,03-AUG-12,000100000.00,"MOORE THOMAS  AND","FANNIE MAE","13864 FRIEND RD","THOMPSON BRIAN AND","JULIE","13864 FRIEND RD","","GERMANTOWN OH 45327","A",0005.00500,0000030620,0000041080,0000071700,0000087490,0000117370,0000204860,"LAND AND BUILDING","LIQUIDATION/FORECLOSURE","N"
"D14 00909 0027",7045,29-MAY-12,000000000.00,"GREEN BRYAN L AND","GREEN BRYAN L AND","ROCKY RD","GILBERT CHAD M TR","","8040 CONSERVANCY RD","","GERMANTOWN OH 45327 1977","A",0020.00000,0000007030,0000000000,0000007030,0000020080,0000000000,0000020080,"LAND AND BUILDING","EXCESS PERSONAL PP/NOT ARMS LENGTH","N"
"D14 00909 0027",9991,26-JUL-12,000000000.00,"GREEN BRYAN L AND","GREEN BRYAN L ET AL 4","ROCKY RD","GILBERT CHAD M TR","","8040 CONSERVANCY RD","","GERMANTOWN OH 45327 1977","A",0020.00000,0000007030,0000000000,0000007030,0000020080,0000000000,0000020080,"LAND AND BUILDING","NOT VALIDATED","N"
"D14 00909 0027",12009,29-AUG-12,000200000.00,"GREEN BRYAN LEE","GILBERT CHAD M TR","ROCKY RD","GILBERT CHAD M TR","","8040 CONSERVANCY RD","","GERMANTOWN OH 45327 1977","A",0020.00000,0000007030,0000000000,0000007030,0000020080,0000000000,0000020080,"LAND AND BUILDING","SALE INVOLVING MULTIPLE PARCELS","N"
"D14 00909 0027",10568,06-AUG-12,000000000.00,"GREEN BRYAN L ET AL 4","GREEN BRYAN LEE","ROCKY RD","GILBERT CHAD M TR","","8040 CONSERVANCY RD","","GERMANTOWN OH 45327 1977","A",0020.00000,0000007030,0000000000,0000007030,0000020080,0000000000,0000020080,"LAND ONLY","NOT VALIDATED","N"
"D14 00909 0028",9991,26-JUL-12,000000000.00,"GREEN BRYAN L AND","GREEN BRYAN L ET AL 4","ROCKY RD","GILBERT CHAD M TR","","8040 CONSERVANCY RD","","GERMANTOWN OH 45327 1977","A",0020.00000,0000006970,0000000000,0000006970,0000019910,0000000000,0000019910,"LAND AND BUILDING","NOT VALIDATED","N"
"D14 00909 0028",10568,06-AUG-12,000000000.00,"GREEN BRYAN L ET AL 4","GREEN BRYAN LEE","ROCKY RD","GILBERT CHAD M TR","","8040 CONSERVANCY RD","","GERMANTOWN OH 45327 1977","A",0020.00000,0000006970,0000000000,0000006970,0000019910,0000000000,0000019910,"LAND ONLY","NOT VALIDATED","N"
"D14 00909 0028",7045,29-MAY-12,000000000.00,"GREEN BRYAN L AND","GREEN BRYAN L AND","ROCKY RD","GILBERT CHAD M TR","","8040 CONSERVANCY RD","","GERMANTOWN OH 45327 1977","A",0020.00000,0000006970,0000000000,0000006970,0000019910,0000000000,0000019910,"LAND AND BUILDING","EXCESS PERSONAL PP/NOT ARMS LENGTH","N"
"D14 00909 0028",12009,29-AUG-12,000200000.00,"GREEN BRYAN LEE","GILBERT CHAD M TR","ROCKY RD","GILBERT CHAD M TR","","8040 CONSERVANCY RD","","GERMANTOWN OH 45327 1977","A",0020.00000,0000006970,0000000000,0000006970,0000019910,0000000000,0000019910,"LAND AND BUILDING","SALE INVOLVING MULTIPLE PARCELS","N"
"D14 00911 0010",3216,14-MAR-12,000046000.00,"MARTZ RONALD V AND","HIDDEN ACRE FARMS OF CARLISLE LLC","ST RT 123","HIDDEN ACRE FARMS OF CARLISLE LLC","","13201 PRITCHARD RD","","GERMANTOWN OH 45327","A",0009.51600,0000009120,0000000000,0000009120,0000026060,0000000000,0000026060,"LAND AND BUILDING","RELATED INDIVIDUALS OR CORPORATIONS","N"
"D14 00911 0022",2568,29-FEB-12,000000000.00,"OSBORNE CHARLES R AND","OSBORNE NANCY E","10080 CARLISLE PIKE","OSBORNE NANCY E","","10080 CARLISLE PIKE","","GERMANTOWN OH 45327","A",0036.03000,0000021050,0000038680,0000059730,0000060130,0000110510,0000170640,"LAND AND BUILDING","RELATED INDIVIDUALS OR CORPORATIONS","N"
"D14 00911 0037",3213,14-MAR-12,000000000.00,"MARTZ RONALD V AND","MARTZ RONALD V AND","ST RT 123","","","","","","A",0002.85000,0000003990,0000002630,0000006620,0000011400,0000007500,0000018900,"LAND AND BUILDING","RELATED INDIVIDUALS OR CORPORATIONS","N"
"D15 00710 0002",5106,20-APR-12,000000000.00,"MORELAND CHARLES E AND","MORELAND  MARGARET C TR","6512 PREBLE COUNTY LINE RD","MORELAND  MARGARET C TR","C/O MARY DULL","P O BOX 31","","GRATIS OH 45330","A",0050.00000,0000028190,0000034040,0000062230,0000080550,0000097260,0000177810,"LAND AND BUILDING","RELATED INDIVIDUALS OR CORPORATIONS","N"
"D15 00710 0004",5106,20-APR-12,000000000.00,"MORELAND CHARLES E","MORELAND  MARGARET C TR","BADEN RD","MORELAND  MARGARET C TR","C/O MARY DULL","P O BOX 31","","GRATIS OH 45330","A",0051.10900,0000017620,0000000000,0000017620,0000050330,0000000000,0000050330,"LAND AND BUILDING","RELATED INDIVIDUALS OR CORPORATIONS","N"
"D15 00710 0063",5106,20-APR-12,000000000.00,"MORELAND CHARLES E","MORELAND  MARGARET C TR","BADEN RD","MORELAND  MARGARET C","TRUSTEE","501 W LEXINGTON RD","","EATON OH 45320","A",0005.34600,0000000760,0000000000,0000000760,0000002170,0000000000,0000002170,"LAND AND BUILDING","RELATED INDIVIDUALS OR CORPORATIONS","N"
"D15 00711 0039",14097,03-OCT-12,000220000.00,"RATCLIFF LAWRENCE G AND","WILLIAMS BRIAN SCOTT","15841 ST RT 725","WILLIAMS BRIAN SCOTT","","15841 STATE ROUTE 725","","GERMANTOWN OH 45327 1362","A",0010.87500,0000014530,0000062870,0000077400,0000041510,0000179640,0000221150,"LAND AND BUILDING","VALID SALE","N"
"E20 01106 0009",12180,31-AUG-12,000000000.00,"SIEBENTHALER ROBERT K AND","SIEBENTHALER ROBERT JEFFREY ET ALL 3","1075 W SIEBENTHALER AVE","SIEBENTHALER ROBERT JEFFREY TRS ET ALL 3","","1075 W SIEBENTHALER AVE","","DAYTON OH 45405","A",0001.52100,0000014000,0000052800,0000066800,0000040000,0000150870,0000190870,"LAND AND BUILDING","RELATED INDIVIDUALS OR CORPORATIONS","N"
"E20 01106 0009",13882,01-OCT-12,000000000.00,"SIEBENTHALER ROBERT JEFFREY ET ALL 3","SIEBENTHALER ROBERT JEFFREY TRS ET ALL 3","1075 W SIEBENTHALER AVE","SIEBENTHALER ROBERT JEFFREY TRS ET ALL 3","","1075 W SIEBENTHALER AVE","","DAYTON OH 45405","A",0001.52100,0000014000,0000052800,0000066800,0000040000,0000150870,0000190870,"LAND AND BUILDING","RELATED INDIVIDUALS OR CORPORATIONS","N"
"F22 01310 0006",3105,12-MAR-12,000000000.00,"TOBIAS LILLIAN","EBY CYNTHIA A TRUSTEE","12565 EAGLE RD","EBY CYNTHIA A TRUSTEE","","12565 EAGLE RD","","NEW LEBANON OH 45345","A",0004.99800,0000009200,0000026880,0000036080,0000026280,0000076800,0000103080,"LAND AND BUILDING","RELATED INDIVIDUALS OR CORPORATIONS","N"
"F22 01310 0010",15513,01-NOV-12,000000000.00,"JOHNSON JOSEPH J AND","JOHNSON JOSEPH J TR","1720 FARMERSVILLE JOHNSVILLE RD","JOHNSON JOSEPH J TR","","1720 FARMERSVILLE-JOHNSVILLE RD","","FARMERSVILLE OH 45325","A",0080.00000,0000035460,0000038790,0000074250,0000101300,0000110820,0000212120,"LAND AND BUILDING","RELATED INDIVIDUALS OR CORPORATIONS","N"
"F22 01401 0002",1929,15-FEB-12,000062000.00,"LENK RONALD E ETAL 3","MCCARTNEY PAUL AND","HAVERMALE RD","MCCARTNEY PAUL AND","LINDA L","19570 SHIRK RD","","MARYSVILLE OH 43040","A",0020.00100,0000008030,0000000000,0000008030,0000022940,0000000000,0000022940,"LAND ONLY","RELATED INDIVIDUALS OR CORPORATIONS","N"
"F22 01401 0003",7629,07-JUN-12,000000000.00,"O'DIAM ANDREW J","MULLINS STACY","2133 S DIAMOND MILL RD","MULLINS STACY","","2133 S DIAMOND MILL RD","","FARMERSVILLE OH 45325","A",0002.31200,0000006880,0000029780,0000036660,0000019660,0000085090,0000104750,"LAND AND BUILDING","NOT VALIDATED","N"
"F22 01401 0027",5954,07-MAY-12,000249000.00,"BOLDEN ROGER D AND","JOHNSON JAMES A AND","2409 S DIAMOND MILL RD","JOHNSON JAMES A AND","CONNIE L","2409 DIAMOND MILL RD","","FARMERSVILLE OH 45325","A",0042.69000,0000021020,0000051270,0000072290,0000060070,0000146480,0000206550,"LAND AND BUILDING","SALE INVOLVING MULTIPLE PARCELS","N"
"F22 01401 0036",5954,07-MAY-12,000249000.00,"BOLDEN ROGER D AND","JOHNSON JAMES A AND","RHOADES RD","JOHNSON JAMES A AND","CONNIE L","2409 DIAMOND MILL RD","","FARMERSVILLE OH 45325","A",0025.00700,0000010300,0000000000,0000010300,0000029440,0000000000,0000029440,"LAND AND BUILDING","VALID SALE","N"
"F22 01404 0002",9365,16-JUL-12,000000000.00,"FOCHT JAMES L","FOCHT JAMES L AND","2425 ZEHRING RD","FOCHT JAMES L AND","LINDA G FOCHT","2425 ZEHRING RD","","FARMERSVILLE OH 45325","A",0046.15000,0000017800,0000005030,0000022830,0000050860,0000014360,0000065220,"LAND AND BUILDING","NOT VALIDATED","N"
"F22 01404 0007",3865,27-MAR-12,000851039.00,"RAUCH STEVE R","GREEN OAK LAND LLC","2887 FARMERSVILLE JOHNSVILLE RD","GREEN OAK LAND LLC","","5983 ORANGEBURG RD","","NEW PARIS OH 45347","A",0121.57700,0000064150,0000035940,0000100090,0000183290,0000102680,0000285970,"LAND AND BUILDING","VALID SALE","N"
"F22 01410 0002",16606,27-NOV-12,000000000.00,"LACY RICHARD E TRUSTEE  AND","LACY DIRSCHL C TR","3354 FARMERSVILLE JOHNSVILLE RD","LACY DIRSCHL C TR","","1110 E LONG PL","","LITTLETON CO 80122","A",0103.00000,0000048430,0000016720,0000065150,0000138370,0000047780,0000186150,"LAND AND BUILDING","NOT VALIDATED","N"
"F22 01410 0002",16607,27-NOV-12,000000000.00,"LACY DIRSCHL C TR","LACY DIRSCHL C TR","3354 FARMERSVILLE JOHNSVILLE RD","LACY DIRSCHL C TR","","1110 E LONG PL","","LITTLETON CO 80122","A",0103.00000,0000048430,0000016720,0000065150,0000138370,0000047780,0000186150,"LAND AND BUILDING","NOT VALIDATED","N"
"F22 01410 0014",16689,28-NOV-12,000050000.00,"EVANS JUDITH D AND","EVANS JUDITH D","12109 DAYTON FARMERSVILLE RD","EVANS JUDITH D","","12109 DAYTON FARMERSVILLE RD","","FARMERSVILLE OH 45325","A",0020.00000,0000012270,0000031680,0000043950,0000035060,0000090510,0000125570,"LAND AND BUILDING","NOT VALIDATED","N"
"F22 01411 0009",16005,13-NOV-12,000145000.00,"WELLER-HENRY JUDITH LYNN","O'DIAM ZACHARY","3694 S CLAYTON RD","WELLER JUDITH LYNN","","11148 DAYTON FARMERSVILLE PIKE","","FARMERSVILLE OH 45325","A",0004.45600,0000057080,0000036410,0000093490,0000163090,0000104030,0000267120,"LAND AND BUILDING","VALID SALE","N"
"F22 01411 0009",13738,27-SEP-12,000000000.00,"WELLER JUDITH LYNN","WELLER-HENRY JUDITH LYNN","3694 S CLAYTON RD","WELLER JUDITH LYNN","","11148 DAYTON FARMERSVILLE PIKE","","FARMERSVILLE OH 45325","A",0004.45600,0000057080,0000036410,0000093490,0000163090,0000104030,0000267120,"LAND AND BUILDING","RELATED INDIVIDUALS OR CORPORATIONS","N"
"F22 01412 0012",4959,18-APR-12,000000000.00,"KESLING JOYCE TR AND","ROMYN PATRICIA AND","10927 HEMPLE RD","ROMYN PATRICIA AND","TAMMIE LONG","204 DEAN DR","","FARMERSVILLE OH 45325","A",0134.49500,0000072640,0000047380,0000120020,0000207540,0000135360,0000342900,"LAND AND BUILDING","NOT VALIDATED","N"
"F22 01502 0004",7064,30-MAY-12,000087699.00,"LONG GARY","SEARS ROBERT C AND","HEMPLE RD","SEARS ROBERT C AND","JANA M","2173 BULL RD","","FARMERSVILLE OH 45325 4615","A",0013.70300,0000006190,0000000000,0000006190,0000017680,0000000000,0000017680,"LAND AND BUILDING","VALID SALE","N"
"F22 01502 0004",4964,18-APR-12,000000000.00,"KESLING JOYCE TR AND","LONG GARY","HEMPLE RD","SEARS ROBERT C AND","JANA M","2173 BULL RD","","FARMERSVILLE OH 45325 4615","A",0013.70300,0000006190,0000000000,0000006190,0000017680,0000000000,0000017680,"LAND AND BUILDING","NOT VALIDATED","N"
"F22 01502 0008",4961,18-APR-12,000000000.00,"KESLING JOYCE TR AND","LONG TAMMIE","HEMPLE RD","LONG TAMMIE","","77 DRESDEN DR","","ENGLEWOOD OH 45322","A",0015.67800,0000007480,0000000000,0000007480,0000021370,0000000000,0000021370,"LAND AND BUILDING","NOT VALIDATED","N"
"F22 01504 0016",2886,07-MAR-12,000000000.00,"HODSON DENNIS L AND","HODSON RYAN L AND","FARMERSVILLE GRATIS RD","HODSON RYAN L AND","MELISSA G","14890 KIEFER RD","","GERMANTOWN OH 45327","A",0005.30500,0000001630,0000000000,0000001630,0000004660,0000000000,0000004660,"LAND ONLY","RELATED INDIVIDUALS OR CORPORATIONS","N"
"F22 01505 0007",10243,01-AUG-12,000000000.00,"FRIZZELL EVERETT AND","FRIZZELL MARY","14018 FARMERSVILLE GRATIS RD","EVERETT FRIZZELL","","14018 FARMERSVILLE GRATIS","","FARMERSVILLE OH 45325 9254","A",0033.64700,0000012850,0000000000,0000012850,0000036710,0000000000,0000036710,"LAND ONLY","RELATED INDIVIDUALS OR CORPORATIONS","N"
"F22 01505 0035",10250,01-AUG-12,000000000.00,"FRIZZELL EVERETT AND","FRIZZELL MARY","FARMERSVILLE GRATIS RD","FRIZZELL MARY","","14018 FARMERSVILLE GRATIS","","FARMERSVILLE OH 45325","A",0002.11000,0000001140,0000001400,0000002540,0000003250,0000004000,0000007250,"LAND AND BUILDING","RELATED INDIVIDUALS OR CORPORATIONS","N"
"F22 01505 0036",10247,01-AUG-12,000000000.00,"FRIZZELL EVERETT AND","FRIZZELL MARY","14018 FARMERSVILLE GRATIS RD","FRIZZELL MARY","","14018 FARMERSVILLE GRATIS","","FARMERSVILLE OH 45325","A",0003.30400,0000006210,0000033810,0000040020,0000017730,0000096600,0000114330,"LAND AND BUILDING","RELATED INDIVIDUALS OR CORPORATIONS","N"
"F22 01508 0014",16380,19-NOV-12,000000000.00,"WHITE TIMOTHY L TRUSTEE","TRILLIUM LLC","13110 ANTHONY RD","TRILLIUM LLC","","2 RIVERPLACE DR STE 444","","DAYTON OH 45405","A",0034.77300,0000012410,0000000000,0000012410,0000035450,0000000000,0000035450,"LAND ONLY","SALE INVOLVING MULTIPLE PARCELS","N"
"F22 01508 0015",16380,19-NOV-12,000000000.00,"WHITE TIMOTHY L TRUSTEE","TRILLIUM LLC","13110 ANTHONY RD","TRILLIUM LLC","","2 RIVERPLACE DR STE 444","","DAYTON OH 45405","A",0001.97900,0000001110,0000000000,0000001110,0000003170,0000000000,0000003170,"LAND ONLY","SALE INVOLVING MULTIPLE PARCELS","N"
"F22 01509 0003",6856,23-MAY-12,000000000.00,"LIBECAP VIRGINIA L","LIBECAP SCOTT W","FARMERSVILLE JOHNSVILLE RD","LIBECAP SCOTT W","","13397 WALDEN RD","","FARMERSVILLE OH 45325","A",0001.13000,0000000950,0000000000,0000000950,0000002710,0000000000,0000002710,"LAND AND BUILDING","RELATED INDIVIDUALS OR CORPORATIONS","N"
"F22 01509 0004",6856,23-MAY-12,000000000.00,"LIBECAP VIRGINIA L","LIBECAP SCOTT W","5125 FARMERSVILLE JOHNSVILLE RD","LIBECAP SCOTT W","","13397 WALDEN RD","","FARMERSVILLE OH 45325","A",0105.36000,0000053080,0000031270,0000084350,0000151670,0000089350,0000241020,"LAND AND BUILDING","RELATED INDIVIDUALS OR CORPORATIONS","N"
"F22 01509 0005",6856,23-MAY-12,000000000.00,"LIBECAP VIRGINIA L","LIBECAP SCOTT W","5271 FARMERSVILLE JOHNSVILLE RD","LIBECAP SCOTT W","","13397 WALDEN RD","","FARMERSVILLE OH 45325","A",0048.74600,0000028870,0000027580,0000056450,0000082490,0000078790,0000161280,"LAND AND BUILDING","RELATED INDIVIDUALS OR CORPORATIONS","N"
"F22 01512 0017",14819,17-OCT-12,000550000.00,"SEARS TREVIN E AND","IZOR FARMS LLC","5852 VENUS RD","IZOR FARMS LLC","","5492 VENUS RD","","GERMANTOWN OH 45327 3109","A",0101.92700,0000051510,0000008650,0000060160,0000147160,0000024720,0000171880,"LAND AND BUILDING","VALID SALE","N"
"F23 00103 0041",2886,07-MAR-12,000000000.00,"HODSON DENNIS L AND","HODSON RYAN L AND","FARMERSVILLE GRATIS RD","HODSON RYAN L AND","MELISSA G","14890 KIEFER RD","","GERMANTOWN OH 45327","A",0004.69500,0000002180,0000000000,0000002180,0000006240,0000000000,0000006240,"LAND ONLY","RELATED INDIVIDUALS OR CORPORATIONS","N"
"F23 00110 0004",15503,31-OCT-12,000000000.00,"POLING LESTER LEROY","POLING ERNESTINE","HEMPLE RD","POLING ERNESTINE","","201 N ELM ST","","FARMERSVILLE OH 45325","A",0000.27400,0000001090,0000000000,0000001090,0000003110,0000000000,0000003110,"LAND AND BUILDING","NOT VALIDATED","N"
"F23 00110 0004",16558,26-NOV-12,000000000.00,"POLING ERNESTINE","POLING ERNESTINE","HEMPLE RD","POLING ERNESTINE","","201 N ELM ST","","FARMERSVILLE OH 45325","A",0000.27400,0000001090,0000000000,0000001090,0000003110,0000000000,0000003110,"LAND AND BUILDING","RELATED INDIVIDUALS OR CORPORATIONS","N"
"F25 01301 0042",14741,16-OCT-12,000154744.00,"HOLWEGER SHARON H TRUSTEE AND","LAKES DALLAS R AND","10385 MILE RD","LAKES DALLAS R AND","EDITH","3212 VERNELL DR","","DAYTON OH 45449","A",0020.00000,0000016400,0000018360,0000034760,0000046850,0000052470,0000099320,"LAND AND BUILDING","VALID SALE","N"
"F25 01301 0043",14741,16-OCT-12,000154744.00,"HOLWEGER SHARON H TRUSTEE AND","LAKES DALLAS R AND","10385 MILE RD","LAKES DALLAS R AND","EDITH","3212 VERNELL DR","","DAYTON OH 45449","A",0008.00000,0000003570,0000000000,0000003570,0000010200,0000000000,0000010200,"LAND AND BUILDING","VALID SALE","N"
"F25 01304 0035",16745,29-NOV-12,000000000.00,"SCHINDLER LEROY A AND","SCHINDLER KATHLEEN L","893 S FARMERSVILLE JOHNSVILLE RD","SCHINDLER KATHLEEN L","","893 S JOHNSVILLE","","NEW LEBANON OH 45345","A",0020.00000,0000022480,0000034220,0000056700,0000064230,0000097780,0000162010,"LAND AND BUILDING","RELATED INDIVIDUALS OR CORPORATIONS","N"
"F25 01308 0006",1302,01-FEB-12,000425000.00,"BROWN C GENE","BLANTON FARMS PARTNERSHIP","14101 DECHANT RD","BLANTON FARMS PARTNERSHIP","","P O BOX 560 RD","","MIDDLETOWN OH 45042","A",0082.05400,0000048800,0000021870,0000070670,0000139430,0000062480,0000201910,"LAND AND BUILDING","VALID SALE","N"
"F25 01308 0015",3277,14-MAR-12,000000000.00,"HOWARD RALPH G AND","HOWARD RALPH G AND","14701 DECHANT RD","HOWARD RALPH G AND","CINDY SUE","14701 DECHANT RD","","NEW LEBANON OH 45345","A",0002.29600,0000007000,0000033350,0000040350,0000020000,0000095280,0000115280,"LAND AND BUILDING","NOT VALIDATED","N"
"F25 01310 0005",3105,12-MAR-12,000000000.00,"TOBIAS LILLIAN","EBY CYNTHIA A TRUSTEE","EAGLE RD","EBY CYNTHIA A TRUSTEE","","12565 EAGLE RD","","NEW LEBANON OH 45345","A",0007.44000,0000010400,0000000000,0000010400,0000029720,0000000000,0000029720,"LAND AND BUILDING","RELATED INDIVIDUALS OR CORPORATIONS","N"
"F25 01311 0008",7159,31-MAY-12,000255740.00,"HUFFMAN SHAWN W TR","HUFFMAN SHAWN W","1110 S CLAYTON RD","HUFFMAN SHAWN W","","3040 W BEAVER AVE","","DAYTON OH 45429 2303","A",0050.72000,0000031030,0000015300,0000046330,0000088660,0000043700,0000132360,"LAND AND BUILDING","NOT VALIDATED","N"
"F25 01312 0023",10259,01-AUG-12,000215000.00,"PHILLIPS ELWOOD V","RUNYON JEFFREY M AND","1636 GUNTLE RD","RUNYON JEFFREY M AND","SHERRY L","1636 GUNTLE RD","","NEW LEBANON OH 45345","A",0012.23200,0000012860,0000043480,0000056340,0000036750,0000124220,0000160970,"LAND AND BUILDING","VALID SALE","N"
"F25 01312 0023",10245,01-AUG-12,000000000.00,"PHILLIPS ELWOOD V AND","PHILLIPS ELWOOD V","1636 GUNTLE RD","RUNYON JEFFREY M AND","SHERRY L","1636 GUNTLE RD","","NEW LEBANON OH 45345","A",0012.23200,0000012860,0000043480,0000056340,0000036750,0000124220,0000160970,"LAND AND BUILDING","NOT VALIDATED","N"
"F26 01507 0003",5106,20-APR-12,000000000.00,"MORELAND CHARLES E","MORELAND  MARGARET C TR","COUNTY LINE RD","MORELAND  MARGARET C TR","C/O MARY DULL","P O BOX 31","","GRATIS OH 45330","A",0042.02000,0000004400,0000000000,0000004400,0000012580,0000000000,0000012580,"LAND AND BUILDING","RELATED INDIVIDUALS OR CORPORATIONS","N"
"G27 01607 0026",4003,28-MAR-12,000300000.00,"WOXMAN TIMOTHY SR AND CINDY","YOUNG RICHARD S","1760 DIAMOND MILL RD","YOUNG RICHARD S","","5940 W THIRD ST","","DAYTON OH 45417","A",0020.00000,0000016810,0000027690,0000044500,0000048020,0000079110,0000127130,"LAND AND BUILDING","VALID SALE","N"
"G27 01704 0014",11193,15-AUG-12,000075000.00,"WHITMORE WILLARD DOAK","KLIPFER CHARLES P JR AND","S UNION RD","KLIPFER CHARLES P JR AND","CYNTHIA A","8678 MILE RD","","NEW LEBANON OH 45345","A",0030.00000,0000006450,0000000000,0000006450,0000018440,0000000000,0000018440,"LAND ONLY","VALID SALE","N"
"G27 01709 0001",1328,01-FEB-12,000038000.00,"NEY JAMES","NEY JAMES ET AL 3","7750 DAYTON FARMERSVILLE RD","NEY JAMES ET AL 3","","8819 DAYTON-FARMERSVILLE RD","","NEW LEBANON OH 45345","A",0067.68000,0000036740,0000000000,0000036740,0000104980,0000000000,0000104980,"LAND AND BUILDING","VALID SALE","N"
"G27 01801 0022",10852,10-AUG-12,000000000.00,"HILL BYRL F AND","HILL EVA RUTH","3730 INFIRMARY RD","B F HILL INVESTMENTS LLC","","PO BOX 295","","DAYTON OH 45449","A",0000.60000,0000000000,0000000000,0000000000,0000000000,0000000000,0000000000,"LAND AND BUILDING","RELATED INDIVIDUALS OR CORPORATIONS","N"
"G27 01801 0022",10860,10-AUG-12,000000000.00,"HILL EVA RUTH","B F HILL INVESTMENTS LLC","3730 INFIRMARY RD","B F HILL INVESTMENTS LLC","","PO BOX 295","","DAYTON OH 45449","A",0000.60000,0000000000,0000000000,0000000000,0000000000,0000000000,0000000000,"LAND AND BUILDING","NOT VALIDATED","N"
"G27 01810 0004",1143,27-JAN-12,000000000.00,"LUCAS JAYNE E","LUCAS J SCOTT AND","8416 FARMERSVILLE WEST CARROLLTON RD","LUCAS J SCOTT AND","ANGELA R","5185 GERMANTOWN-LIBERTY RD","","GERMANTOWN OH 45327","A",0012.32700,0000005330,0000000000,0000005330,0000015240,0000000000,0000015240,"LAND AND BUILDING","RELATED INDIVIDUALS OR CORPORATIONS","N"
"G27 01810 0020",11833,24-AUG-12,000000000.00,"FOCHT JAMES L JR","FOCHT JAMES L JR AND","GERMANTOWN LIBERTY RD","FOCHT JAMES L JR AND","LINDA GAIL","2425 ZEHRING RD","","FARMERSVILLE OH 45325 4157","A",0038.88000,0000017170,0000000000,0000017170,0000049070,0000000000,0000049070,"LAND ONLY","RELATED INDIVIDUALS OR CORPORATIONS","N"
"G27 01810 0022",15931,09-NOV-12,000000000.00,"DEATON ALLIE AND","DEATON PATRICIA G","MANNING RD","DEATON PATRICIA G","","1826 ASHLEY DR","","MIAMISBURG OH 45342","A",0031.00700,0000041680,0000002800,0000044480,0000119080,0000008010,0000127090,"LAND AND BUILDING","RELATED INDIVIDUALS OR CORPORATIONS","N"
"H33 00505 0006",6050,08-MAY-12,000000000.00,"MCKINNEY STEVEN ET AL 8","MCKINNEY STEVEN ET AL 9","OLIVE RD","MCKINNEY STEVEN ET AL 9","","624 STORMS RD","","DAYTON OH 45429","A",0072.67200,0000034140,0000000000,0000034140,0000097550,0000000000,0000097550,"LAND AND BUILDING","NOT VALIDATED","N"
"H33 00505 0006",3246,14-MAR-12,000000000.00,"MCKINNEY STEVEN ET AL 8","MCKINNEY STEVEN ET AL 8","OLIVE RD","MCKINNEY STEVEN ET AL 9","","624 STORMS RD","","DAYTON OH 45429","A",0072.67200,0000034140,0000000000,0000034140,0000097550,0000000000,0000097550,"LAND ONLY","NOT VALIDATED","N"
"H33 00609 0006",13686,26-SEP-12,000000000.00,"LANDIS PATRICIA A","LANDIS DARRELL A","444 LANDIS CT","LANDIS DARRELL A TRUSTEE","","444 LANDIS CT","","DAYTON OH 45426","A",0000.71740,0000001000,0000000000,0000001000,0000002870,0000000000,0000002870,"LAND AND BUILDING","NOT VALIDATED","N"
"H33 00609 0006",13887,01-OCT-12,000000000.00,"LANDIS DARRELL A","LANDIS DARRELL A TRUSTEE","444 LANDIS CT","LANDIS DARRELL A TRUSTEE","","444 LANDIS CT","","DAYTON OH 45426","A",0000.71740,0000001000,0000000000,0000001000,0000002870,0000000000,0000002870,"LAND AND BUILDING","RELATED INDIVIDUALS OR CORPORATIONS","N"
"H33 00609 0007",13686,26-SEP-12,000000000.00,"LANDIS PATRICIA","LANDIS DARRELL A","446 LANDIS CT","LANDIS DARRELL A TRUSTEE","","444 LANDIS CT","","DAYTON OH 45426","A",0017.10540,0000021020,0000025040,0000046060,0000060060,0000071540,0000131600,"LAND AND BUILDING","NOT VALIDATED","N"
"H33 00609 0007",13887,01-OCT-12,000000000.00,"LANDIS DARRELL A","LANDIS DARRELL A TRUSTEE","446 LANDIS CT","LANDIS DARRELL A TRUSTEE","","444 LANDIS CT","","DAYTON OH 45426","A",0017.10540,0000021020,0000025040,0000046060,0000060060,0000071540,0000131600,"LAND AND BUILDING","RELATED INDIVIDUALS OR CORPORATIONS","N"
"H33 01106 0001",13824,28-SEP-12,000085000.00,"GAVIN PEGGIE","BALSERAK ROBERT E","358 UNION RD","BALSERAK ROBERT E","VALENTINA E MCNAMARA","2350 N GERARD CT","","FAIRBORN OH 45324","A",0020.37000,0000028000,0000003410,0000031410,0000080000,0000009730,0000089730,"LAND AND BUILDING","NOT VALIDATED","N"
"H33 02309 0016",10504,03-AUG-12,000000000.00,"HUGHES CHARLES E AND","HUGHES CHARLES E","7580 OLD DAYTON RD","HUGHES CHARLES E","","7580 OLD DAYTON RD","","DAYTON OH 45417","A",0010.69900,0000008250,0000018190,0000026440,0000023570,0000051980,0000075550,"LAND AND BUILDING","NOT VALIDATED","N"
"H33 02309 0077",10504,03-AUG-12,000000000.00,"HUGHES CHARLES E AND","HUGHES CHARLES E","OLD DAYTON RD","HUGHES CHARLES E","","7580 OLD DAYTON RD","","DAYTON OH 45417","A",0002.00000,0000000700,0000002850,0000003550,0000002000,0000008140,0000010140,"LAND AND BUILDING","NOT VALIDATED","N"
"H33 02310 0016",1763,09-FEB-12,000000000.00,"NORTON BETTY R","NORTON BETTY R ET AL 3","530 N UNION RD","NORTON BETTY R ET AL 3","","530 N UNION RD","","DAYTON OH 45417","A",0020.73100,0000017450,0000000000,0000017450,0000049870,0000000000,0000049870,"LAND AND BUILDING","RELATED INDIVIDUALS OR CORPORATIONS","N"
"H33401701 0002",3343,15-MAR-12,000016030.00,"MERTZ GEORGE A AND","MERTZ GEORGE A","9057 W THIRD ST","MERTZ GEORGE A","","5515 DRY RIDGE RD","","CINCINNATI OH 45252","A",0012.06300,0000005610,0000000000,0000005610,0000016030,0000000000,0000016030,"LAND AND BUILDING","NOT VALIDATED","N"
"J44204114 0015",10852,10-AUG-12,000000000.00,"HILL BYRL F AND","HILL EVA RUTH","INFIRMARY RD","B F HILL INVESTMENTS LLC","","PO BOX 295","","DAYTON OH 45449","A",0068.58400,0000017940,0000000000,0000017940,0000051270,0000000000,0000051270,"LAND AND BUILDING","RELATED INDIVIDUALS OR CORPORATIONS","N"
"J44204114 0015",10860,10-AUG-12,000000000.00,"HILL EVA RUTH","B F HILL INVESTMENTS LLC","INFIRMARY RD","B F HILL INVESTMENTS LLC","","PO BOX 295","","DAYTON OH 45449","A",0068.58400,0000017940,0000000000,0000017940,0000051270,0000000000,0000051270,"LAND AND BUILDING","NOT VALIDATED","N"
"J44204201 0072",1620,07-FEB-12,000065000.00,"MILLER MICHELLE A AND","HOWARD JOHNNIE W","6626 DAYTON GERMANTOWN PIKE","HOWARD JOHNNIE W","","6602 GERMANTOWN PIKE","","MIAMISBURG OH 45342","A",0008.61300,0000003510,0000004510,0000008020,0000010040,0000012890,0000022930,"LAND AND BUILDING","VALID SALE","N"
"K45 02501 0023",16978,03-DEC-12,000157000.00,"ZINK DALE P AND","MIAMISBURG SPORTSMEN'S CLUB","MANNING RD","MIAMISBURG SPORTSMEN'S CLUB","","830 BROADVIEW BLVD","","DAYTON OH 45419","A",0018.71300,0000015510,0000000000,0000015510,0000044300,0000000000,0000044300,"LAND AND BUILDING","VALID SALE","N"
"K45 02502 0054",5837,03-MAY-12,000040000.00,"CHANCE FAYE E","HAYES PHILIP A AND","MANNING RD","HAYES PHILIP A AND","KATHY S","7450 MANNING RD","","MIAMISBURG OH 45342","A",0015.90000,0000012940,0000001130,0000014070,0000036960,0000003220,0000040180,"LAND AND BUILDING","SALE INVOLVING MULTIPLE PARCELS","N"
"K45 02506 0018",477,13-JAN-12,001212801.00,"SOUTH UNION RANCH LLC","SOUTHERN BOY LLC","8704 JAMAICA RD","SOUTHERN BOY LLC","","1090 ALEDO DR","","DAYTON OH 45430","A",0000.48830,0000000000,0000000000,0000000000,0000000000,0000000000,0000000000,"LAND AND BUILDING","SALE INVOLVING MULTIPLE PARCELS","N"
"K45 02506 0049",477,13-JAN-12,001212801.00,"SOUTH UNION RANCH LLC","SOUTHERN BOY LLC","8777 UNION RD","SOUTHERN BOY LLC","","1090 ALEDO DR","","DAYTON OH 45430","A",0000.29580,0000000000,0000000000,0000000000,0000000000,0000000000,0000000000,"LAND AND BUILDING","SALE INVOLVING MULTIPLE PARCELS","N"
"K45 02506 0064",477,13-JAN-12,001212801.00,"SOUTH UNION RANCH LLC","SOUTHERN BOY LLC","JAMAICA RD","SOUTHERN BOY LLC","","1090 ALEDO DR","","DAYTON OH 45430","A",0020.00100,0000006420,0000000000,0000006420,0000018330,0000000000,0000018330,"LAND AND BUILDING","SALE INVOLVING MULTIPLE PARCELS","N"
"K45 02511 0008",10462,03-AUG-12,000000000.00,"WOLF RANDALL L AND","WOLF TERESA L","5518 S UNION RD","WOLF TERESA L","","5518 S UNION RD","","MIAMISBURG OH 45342","A",0026.73000,0000019920,0000026910,0000046830,0000056910,0000076880,0000133790,"LAND AND BUILDING","RELATED INDIVIDUALS OR CORPORATIONS","N"
"K45 02512 0003",6339,14-MAY-12,000335000.00,"GARRISON MARGARET M","KSL FARMS LLC","5410 SOLDIERS HOME MIAMISBURG RD","KSL FARMS LLC","","5262 GERMANTOWN LIBERTY RD","","GERMANTOWN OH 45327","A",0050.00000,0000016470,0000029350,0000045820,0000047070,0000083850,0000130920,"LAND AND BUILDING","VALID SALE","N"
"K45 02605 0014",16054,13-NOV-12,000000000.00,"INNOVATION POINTE I LTD","MONTGOMERY COUNTY TRANPORTATION","SPRINGBORO PIKE","INNOVATION POINTE I LTD","","10050 INNOVATION DR STE 100","","MIAMISBURG OH 45342","A",0000.47300,0000000000,0000000000,0000000000,0000000000,0000000000,0000000000,"LAND ONLY","SALE INVOLVING MULTIPLE PARCELS","N"
"K45 02608 0002",9113,10-JUL-12,000000000.00,"COOK MELODY M","COOK MELODY COOK","9900 MIAMISBURG SPRINGBORO RD","MELODY COOK","","9900 MIAMISBURG SPRINGBORO RD","","MIAMISBURG OH 45342","A",0002.06900,0000012910,0000053380,0000066290,0000036880,0000152500,0000189380,"LAND AND BUILDING","NOT VALIDATED","N"
"K45 02608 0002",8929,06-JUL-12,000000000.00,"COOK MELODY M","COOK MELODY M","9900 MIAMISBURG SPRINGBORO RD","MELODY COOK","","9900 MIAMISBURG SPRINGBORO RD","","MIAMISBURG OH 45342","A",0002.06900,0000012910,0000053380,0000066290,0000036880,0000152500,0000189380,"LAND AND BUILDING","RELATED INDIVIDUALS OR CORPORATIONS","N"
"K45 02608 0006",2802,05-MAR-12,000000000.00,"STANZE KELLIE AND","STANZE KELLIE","10122 MIAMISBURG SPRINGBORO RD","STANZE KELLIE","","10122 MIAMISBURG-SPRINGBORO RD","","MIAMISBURG OH 45342","A",0031.35000,0000020190,0000016080,0000036270,0000057680,0000045930,0000103610,"LAND AND BUILDING","RELATED INDIVIDUALS OR CORPORATIONS","N"
"K45 02608 0086",727,19-JAN-12,000000000.00,"OBERER DEVELOPMENT CO","MONTGOMERY COUNTY TRANSPORTATION","MIAMISBURG SPRINGBORO RD","MONTGOMERY COUNTY TRANSPORTATION","IMPROVEMENT DISTRICT","1 CHAMBER PLZ STE","5TH AND MAIN STREET","DAYTON OH 45402 9715","A",0001.66300,0000002330,0000000000,0000002330,0000006650,0000000000,0000006650,"LAND ONLY","NOT VALIDATED","N"
"K45 02611 0054",8199,21-JUN-12,000125000.00,"BLEVINS-CLASEN ROSEMARY ET AL 6","STEWART FRED L AND","10813 GREEN APPLE RD","STEWART FRED L AND","CONNIE J","402 WILSON PARK DR","","MIAMISBURG OH 45342 5003","A",0022.48600,0000033190,0000015900,0000049090,0000094820,0000045440,0000140260,"LAND AND BUILDING","VALID SALE","N"
"K45302506 0014",477,13-JAN-12,001212801.00,"SOUTH UNION RANCH LLC","SOUTHERN BOY LLC","UNION RD","SOUTH UNION RANCH LLC","","462 N SPRINGBORO PIKE","","DAYTON OH 45449","A",0023.68800,0000005690,0000000000,0000005690,0000016260,0000000000,0000016260,"LAND AND BUILDING","SALE INVOLVING MULTIPLE PARCELS","N"
"K45302506 0015",477,13-JAN-12,001212801.00,"SOUTH UNION RANCH LLC","SOUTHERN BOY LLC","UNION RD","SOUTH UNION RANCH LLC","","462 N SPRINGBORO PIKE","","DAYTON OH 45449","A",0063.65000,0000025130,0000000000,0000025130,0000071800,0000000000,0000071800,"LAND AND BUILDING","SALE INVOLVING MULTIPLE PARCELS","N"
"K45302506 0016",477,13-JAN-12,001212801.00,"SOUTH UNION RANCH LLC","SOUTHERN BOY LLC","JAMAICA RD","SOUTH UNION RANCH LLC","","462 N SPRINGBORO PIKE","","DAYTON OH 45449","A",0020.34000,0000004590,0000000000,0000004590,0000013120,0000000000,0000013120,"LAND AND BUILDING","SALE INVOLVING MULTIPLE PARCELS","N"
"K45302506 0017",477,13-JAN-12,001212801.00,"SOUTH UNION RANCH LLC","SOUTHERN BOY LLC","JAMAICA RD","SOUTH UNION RANCH LLC","","462 N SPRINGBORO PIKE","","DAYTON OH 45449","A",0053.24600,0000017830,0000000000,0000017830,0000050930,0000000000,0000050930,"LAND AND BUILDING","SALE INVOLVING MULTIPLE PARCELS","N"
"K45302506 0018",477,13-JAN-12,001212801.00,"SOUTH UNION RANCH LLC","SOUTHERN BOY LLC","JAMAICA RD","SOUTH UNION RANCH LLC","","462 N SPRINGBORO PIKE","","DAYTON OH 45449","A",0039.20370,0000012870,0000000490,0000013360,0000036760,0000001400,0000038160,"LAND AND BUILDING","SALE INVOLVING MULTIPLE PARCELS","N"
"K45302506 0049",477,13-JAN-12,001212801.00,"SOUTH UNION RANCH LLC","SOUTHERN BOY LLC","UNION RD","SOUTH UNION RANCH LLC","","462 N SPRINGBORO PIKE","","DAYTON OH 45449","A",0018.77120,0000006650,0000000000,0000006650,0000019000,0000000000,0000019000,"LAND AND BUILDING","SALE INVOLVING MULTIPLE PARCELS","N"
"K46 00106 0002",15375,29-OCT-12,000000000.00,"WARRINGTON JANET E","WARRINGTON JOHN A TR","UPPER MIAMISBURG RD","WARRINGTON JOHN A TR","","1460 BELVO ESTATES DR","","MIAMISBURG OH 45342","A",0038.86000,0000006850,0000000000,0000006850,0000019580,0000000000,0000019580,"LAND ONLY","NOT VALIDATED","N"
"K46 00106 0059",15375,29-OCT-12,000000000.00,"WARRINGTON JANET E","WARRINGTON JOHN A TR","SOLDIERS HOME MIAMISBURG RD","WARRINGTON JOHN A TR","","1460 BELVO ESTATES DR","","MIAMISBURG OH 45342","A",0000.53000,0000000000,0000000000,0000000000,0000000000,0000000000,0000000000,"LAND ONLY","NOT VALIDATED","N"
"K46 01323 0011",12337,05-SEP-12,000210000.00,"FLOWERS RUSSELL L ET AL 6","PER CHANCE LLC","5894 BENNER RD","PER CHANCE LLC","","5235 MEDLAR RD","","MIAMISBURG OH 45342","A",0027.33400,0000038480,0000015500,0000053980,0000109930,0000044280,0000154210,"LAND AND BUILDING","VALID SALE","N"
"K46 01622 0005",2135,21-FEB-12,000000000.00,"MIAMISBURG CITY OF","BW PARTNERS LTD","BYERS RD","BW PARTNERS LTD","","7755 PARAGON RD STE 106","","DAYTON OH 45459","A",0031.38720,0000022760,0000000000,0000022760,0000065020,0000000000,0000065020,"LAND ONLY","NOT VALIDATED","N"
"K46 01622 0035",2135,21-FEB-12,000000000.00,"DAYTON-MONTGOMERY COUNTY PORT AUTHORITY","BW PARTNERS LTD","BYERS RD","","","","","","A",0050.37500,0000070530,0000000000,0000070530,0000201500,0000000000,0000201500,"LAND ONLY","NOT VALIDATED","N"
"K46 01623 0018",10036,27-JUL-12,000000000.00,"MONTGOMERY COUNTY TRANSPORTATION","MIAMISBURG CITY OF","MIAMISBURG SPRINGBORO RD","MIAMISBURG CITY OF","","10 N FIRST ST","","MIAMISBURG OH 45342","A",0000.30100,0000000000,0000000000,0000000000,0000000000,0000000000,0000000000,"LAND AND BUILDING","NOT VALIDATED","N"
"K46 01623 0020",9775,24-JUL-12,000000000.00,"MONTGOMERY COUNTY TRANSPORTATION","CITY OF MIAMISBURG","MIAMISBURG SPRINGBORO RD","CITY OF MIAMISBURG","","10 N FIRST ST","","MIAMISBURG OH 45342","A",0002.17900,0000000000,0000000000,0000000000,0000000000,0000000000,0000000000,"LAND ONLY","NOT VALIDATED","N"
"K46 01623 0021",691,19-JAN-12,000000000.00,"OBERER DEVELOPMENT CO","MONTGOMERY COUNTY TRANSPORTATION","MIAMISBURG SPRINGBORO RD","","","","","","A",0002.45300,0000017170,0000000000,0000017170,0000049060,0000000000,0000049060,"LAND ONLY","NOT VALIDATED","N"
"K46 01623 0022",693,19-JAN-12,000000000.00,"OBERER DEVELOPMENT CO","MONTGOMERY COUNTY TRANSPORTATION","MIAMISBURG SPRINGBORO RD","","","","","","A",0001.57400,0000011020,0000000000,0000011020,0000031480,0000000000,0000031480,"LAND ONLY","NOT VALIDATED","N"
"K48100106 0064",4942,17-APR-12,000000000.00,"HEAVIN JANE D","WEST CARROLLTON CITY OF","FARMERSVILLE WEST CARROLLTON RD","WEST CARROLLTON CITY OF","","300 E CENTRAL AVE CT","","DAYTON OH 45449 4000","A",0000.16000,0000000000,0000000000,0000000000,0000000000,0000000000,0000000000,"LAND AND BUILDING","NOT VALIDATED","N"
"K50 02507 0033",3589,21-MAR-12,000209900.00,"AURORA LOAN SERVICES LLC","BAEDKE WILLIAM AND","7483 FARMINGTON RD","BAEDKE WILLIAM AND","JANET","7483 FARMINGTON RD","","MIAMISBURG OH 45342","A",0007.72500,0000016700,0000063500,0000080200,0000047710,0000181430,0000229140,"LAND AND BUILDING","VALID SALE","N"
"K50 02510 0002",9855,25-JUL-12,000000000.00,"UPDYKE HANNAH CHERI L AND","HANNAH UPDYKE CHERI L AND","10120 JAMAICA RD","HANNAH UPDYKE CHERI L AND","LARRY D UPDYKE CO TRUSTEES","10120 JAMAICA RD","","CARLISLE OH 45005","A",0075.05100,0000041560,0000024370,0000065930,0000118740,0000069640,0000188380,"LAND AND BUILDING","RELATED INDIVIDUALS OR CORPORATIONS","N"
"K50 02510 0004",16487,21-NOV-12,000223381.00,"TOPP LARRY A AND","TOPP PATRICK A AND","10391 JAMAICA RD","TOPP PATRICK A AND","LEIGH A","10391 JAMAICA RD","","FRANKLIN OH 45005","A",0014.30200,0000031780,0000026020,0000057800,0000090810,0000074350,0000165160,"LAND AND BUILDING","VALID SALE","N"
"L53 02808 0013",3501,20-MAR-12,000000000.00,"WYSONG IMOLOU R","WYSONG IMOLOU R TRUSTEE","LITTLE RICHMOND RD","WYSONG IMOLOU R TRUSTEE","","14778 LITTLE RICHMOND RD","","NEW LEBANON OH 45345","A",0065.06800,0000030160,0000000000,0000030160,0000086160,0000000000,0000086160,"LAND AND BUILDING","RELATED INDIVIDUALS OR CORPORATIONS","N"
"L53 02902 0038",9914,25-JUL-12,000156500.00,"HYPES CHARLES E AND","BRINSON JENNIFER R","11151 OLD DAYTON RD","BRINSON JENNIFER R","","11151 OLD DAYTON RD","","NEW LEBANON OH 45345 2845","A",0014.77000,0000011750,0000025060,0000036810,0000033560,0000071590,0000105150,"LAND AND BUILDING","VALID SALE","N"
"L53 02905 0003",3501,20-MAR-12,000000000.00,"WYSONG IMOLOU R","WYSONG IMOLOU R TRUSTEE","14778 LITTLE RICHMOND RD","WYSONG IMOLOU R TRUSTEE","","14778 LITTLE RICHMOND RD","","NEW LEBANON OH 45345","A",0057.58000,0000032700,0000028460,0000061160,0000093420,0000081320,0000174740,"LAND AND BUILDING","RELATED INDIVIDUALS OR CORPORATIONS","N"
"L53 02905 0006",3501,20-MAR-12,000000000.00,"WYSONG IMOLOU R","WYSONG IMOLOU R TRUSTEE","14434 LITTLE RICHMOND RD","WYSONG IMOLOU R TRUSTEE","","14778 LITTLE RICHMOND RD","","NEW LEBANON OH 45345","A",0009.95000,0000011940,0000000890,0000012830,0000034120,0000002540,0000036660,"LAND AND BUILDING","RELATED INDIVIDUALS OR CORPORATIONS","N"
"L53 02906 0018",15344,29-OCT-12,000252537.00,"IZOR ONILEE MAE","IZOR RICKIE E AND","1372 N PREBLE COUNTY LINE RD","IZOR RICKIE E AND","CONNIE","744 BULL RD","","NEW LEBANON OH 45345","A",0078.27000,0000047080,0000022040,0000069120,0000134520,0000062960,0000197480,"LAND AND BUILDING","VALID SALE","N"
"L53 02912 0007",2216,22-FEB-12,000250000.00,"MONCE DOROTHY","HECK HAROLD D","857 N DIAMOND MILL RD","HECK HAROLD D AND","CHARLENE H","60 N DIAMOND MILL RD","","DAYTON OH 45427","A",0057.00000,0000024170,0000020470,0000044640,0000069070,0000058480,0000127550,"LAND AND BUILDING","NOT VALIDATED","N"
"L53 02912 0007",9765,24-JUL-12,000000000.00,"HECK HAROLD D","HECK HAROLD D AND","857 N DIAMOND MILL RD","HECK HAROLD D AND","CHARLENE H","60 N DIAMOND MILL RD","","DAYTON OH 45427","A",0057.00000,0000024170,0000020470,0000044640,0000069070,0000058480,0000127550,"LAND AND BUILDING","RELATED INDIVIDUALS OR CORPORATIONS","N"
"L55 02702 0004",7638,07-JUN-12,000154000.00,"MOCHTY THOMAS F AND","REFAS PROPERTIES LTD","WESTBROOK RD","REFAS PROPERTIES LTD","","7140 CRESTWAY DR","","CLAYTON OH 45315","A",0000.12000,0000000000,0000000000,0000000000,0000000000,0000000000,0000000000,"LAND AND BUILDING","SALE INVOLVING MULTIPLE PARCELS","N"
"L55 02703 0032",7056,30-MAY-12,000000000.00,"HARTER RUTH E","HARTER RUTH E","12120 WOLF CREEK PIKE","DENLINGER DENNIS R ET AL 7","","801 WESTBROOK RD","","BROOKVILLE OH 45309","A",0093.62800,0000051560,0000007700,0000059260,0000147320,0000022000,0000169320,"LAND AND BUILDING","NOT VALIDATED","N"
"L55 02703 0032",7060,30-MAY-12,000362800.00,"HARTER RUTH E","DENLINGER DENNIS R ET AL 7","12120 WOLF CREEK PIKE","DENLINGER DENNIS R ET AL 7","","801 WESTBROOK RD","","BROOKVILLE OH 45309","A",0093.62800,0000051560,0000007700,0000059260,0000147320,0000022000,0000169320,"LAND AND BUILDING","VALID SALE","N"
"L55 02707 0005",8970,09-JUL-12,000000000.00,"EARLY FREDA I TRUSTEE","EARLY MICHAEL K TRUSTEE","15599 PROVIDENCE RD","EARLY MICHAEL K TRUSTEE","","5558 LEWISBURG-OZIAS RD","","LEWISBURG OH 45338","A",0040.98100,0000015400,0000000000,0000015400,0000044000,0000000000,0000044000,"LAND AND BUILDING","RELATED INDIVIDUALS OR CORPORATIONS","N"
"L55 02707 0013",4134,30-MAR-12,000000000.00,"OSSWALD MARK E AND","OSSWALD MARK AND","PROVIDENCE RD","OSSWALD MARK TR A","SUSAN TRUSTEE","2750 CRAWFORD RD","","BROOKVILLE OH 45309","A",0019.28600,0000006800,0000000000,0000006800,0000019420,0000000000,0000019420,"LAND AND BUILDING","RELATED INDIVIDUALS OR CORPORATIONS","N"
"L55 02707 0013",6616,18-MAY-12,000000000.00,"OSSWALD MARK AND","OSSWALD MARK TR A","PROVIDENCE RD","OSSWALD MARK TR A","SUSAN TRUSTEE","2750 CRAWFORD RD","","BROOKVILLE OH 45309","A",0019.28600,0000006800,0000000000,0000006800,0000019420,0000000000,0000019420,"LAND AND BUILDING","SALE INVOLVING MULTIPLE PARCELS","N"
"L55 02707 0014",6616,18-MAY-12,000000000.00,"OSSWALD MARK AND","OSSWALD MARK TR A","15492 PROVIDENCE RD","OSSWALD MARK TR A","SUSAN TRUSTEE","2750 CRAWFORD RD","","BROOKVILLE OH 45309","A",0017.19300,0000004930,0000000000,0000004930,0000014080,0000000000,0000014080,"LAND AND BUILDING","SALE INVOLVING MULTIPLE PARCELS","N"
"L55 02707 0014",4134,30-MAR-12,000000000.00,"OSSWALD MARK E AND","OSSWALD MARK AND","15492 PROVIDENCE RD","OSSWALD MARK TR A","SUSAN TRUSTEE","2750 CRAWFORD RD","","BROOKVILLE OH 45309","A",0017.19300,0000004930,0000000000,0000004930,0000014080,0000000000,0000014080,"LAND AND BUILDING","RELATED INDIVIDUALS OR CORPORATIONS","N"
"L55 02711 0119",12058,29-AUG-12,000000000.00,"WALKER RAYMOND","FLORKEY CINDY","WOLF CREEK PIKE","FLORKEY CINDY","","70 CHURCH ST","","BROOKVILLE OH 45309","A",0022.92600,0000008890,0000000000,0000008890,0000025400,0000000000,0000025400,"LAND AND BUILDING","RELATED INDIVIDUALS OR CORPORATIONS","N"
"L55 02711 0120",12058,29-AUG-12,000000000.00,"WALKER RAYMOND","FLORKEY CINDY","WOLF CREEK PIKE","FLORKEY CINDY","","70 CHURCH ST","","BROOKVILLE OH 45309","A",0025.06900,0000006950,0000000000,0000006950,0000019860,0000000000,0000019860,"LAND AND BUILDING","RELATED INDIVIDUALS OR CORPORATIONS","N"
"L55 02803 0044",10192,31-JUL-12,000225500.00,"MOORE RUSSELL D AND","BENCH TIMOTHY J AND","12115 AMITY RD","BENCH TIMOTHY J AND","ELIZABETH A","12115 AMITY RD","","BROOKVILLE OH 45309","A",0003.77000,0000009930,0000053830,0000063760,0000028370,0000153810,0000182180,"LAND AND BUILDING","VALID SALE","N"
"L55 02806 0028",6616,18-MAY-12,000000000.00,"OSSWALD MARK AND","OSSWALD MARK TR A","LEXINGTON SALEM RD","OSSWALD MARK TR A","SUSAN TRUSTEE","2750 CRAWFORD RD","","BROOKVILLE OH 45309","A",0085.85500,0000042540,0000000000,0000042540,0000121550,0000000000,0000121550,"LAND AND BUILDING","SALE INVOLVING MULTIPLE PARCELS","N"
"L55 02806 0028",4134,30-MAR-12,000000000.00,"OSSWALD MARK AND","OSSWALD MARK AND","LEXINGTON SALEM RD","OSSWALD MARK TR A","SUSAN TRUSTEE","2750 CRAWFORD RD","","BROOKVILLE OH 45309","A",0085.85500,0000042540,0000000000,0000042540,0000121550,0000000000,0000121550,"LAND AND BUILDING","RELATED INDIVIDUALS OR CORPORATIONS","N"
"L55 02809 0003",4130,30-MAR-12,000000000.00,"OSSWALD MARK E AND","OSSWALD MARK E AND","2750 CRAWFORD TOMS RUN RD","OSSWALD MARK E AND","SUSAN E TRUSTEE","2750 CRAWFORD TOMS RUN RD","","BROOKVILLE OH 45309","A",0050.00000,0000033670,0000032680,0000066350,0000096190,0000093360,0000189550,"LAND AND BUILDING","RELATED INDIVIDUALS OR CORPORATIONS","N"
"L55 02809 0006",2410,27-FEB-12,000000000.00,"BAUMGARDNER HOYT JR AND","BAUMGARDNER EMMA J","13292 AMITY RD","BAUMGARDNER EMMA J","","13346 AMITY RD","","BROOKVILLE OH 45309","A",0037.49000,0000027230,0000011350,0000038580,0000077800,0000032430,0000110230,"LAND AND BUILDING","RELATED INDIVIDUALS OR CORPORATIONS","N"
"L56 00619 0002",7638,07-JUN-12,000154000.00,"MOCHTY THOMAS F AND","REFAS PROPERTIES LTD","WESTBROOK RD","REFAS PROPERTIES LTD","","7140 CRESTWAY DR","","CLAYTON OH 45315","A",0019.44400,0000009870,0000000000,0000009870,0000028200,0000000000,0000028200,"LAND AND BUILDING","SALE INVOLVING MULTIPLE PARCELS","N"
"L56 00619 0004",4294,03-APR-12,000012600.00,"HENDERSON RYAN M AND","KOKLADAS CHRISTOPHER RAND","WESTBROOK RD","KOKLADAS CHRISTOPHER RAND","KIMBERLEE A","21 WILDERNESS CV","","BROOKVILLE OH 45309","A",0001.05500,0000003260,0000000000,0000003260,0000009300,0000000000,0000009300,"BUILDING ONLY","VALID SALE","N"
"M58100411 0004",14853,17-OCT-12,000000000.00,"VISTA PROPERTIES MANAGEMENT LLC","VISTA PROPERTIES MANAGEMENT LLC","OLD SPRINGFIELD RD","VISTA PROPERTIES MANAGEMENT LLC","","5190 MARKEY RD","","DAYTON OH 45415","A",0018.82000,0000025180,0000021040,0000046220,0000071940,0000060110,0000132050,"LAND AND BUILDING","NOT VALIDATED","N"
"M60 03003 0006",4935,17-APR-12,000187560.00,"MILLER BERNICE I TR","BROWN CHARLOTTE A TR AND","PUTNAM RD","BROWN CHARLOTTE A TR AND","JOHN A TR","6520 N MONTGOMERY COUNTY LINE RD","","ENGLEWOOD OH 45322","A",0033.19300,0000012760,0000000000,0000012760,0000036460,0000000000,0000036460,"LAND ONLY","VALID SALE","N"
"M60 03003 0030",4935,17-APR-12,000187560.00,"MILLER BERNICE I TR","BROWN CHARLOTTE A TR AND","HABER RD","BROWN CHARLOTTE A TR AND","JOHN A TR","6520 N MONTGOMERY COUNTY LINE RD","","ENGLEWOOD OH 45322","A",0006.71300,0000002560,0000000000,0000002560,0000007300,0000000000,0000007300,"LAND ONLY","VALID SALE","N"
"M60 03003 0048",6550,17-MAY-12,000000000.00,"WESTRICH JAMES E AND","WESTRICH JAMES EDWARD TR AND","11531 RINEHART RD","WESTRICH JAMES EDWARD TR AND","MARY MARGARET TR","11531 RINEHART RD","","ENGLEWOOD OH 45322","A",0020.55500,0000020750,0000051430,0000072180,0000059280,0000146940,0000206220,"LAND AND BUILDING","NOT VALIDATED","N"
"M60 03004 0020",11817,24-AUG-12,000000000.00,"SATTERTHWAITE JERRY L AND","SATTERTHWAITE MARY RUTH","11629 PUTNAM RD","SATTERTHWAITE MARY RUTH","","11629 PUTNAM RD","","ENGLEWOOD OH 45322 0000","A",0039.00000,0000025430,0000050560,0000075990,0000072670,0000144450,0000217120,"LAND AND BUILDING","NOT VALIDATED","N"
"M60 03004 0022",11817,24-AUG-12,000000000.00,"SATTERTHWAITE JERRY L","SATTERTHWAITE MARY RUTH","DIAMOND MILL RD","SATTERTHWAITE MARY RUTH","","11629 PUTNAM RD","","ENGLEWOOD OH 45322 0000","A",0050.44000,0000023950,0000000000,0000023950,0000068420,0000000000,0000068420,"LAND AND BUILDING","NOT VALIDATED","N"
"M60 03013 0005",7779,12-JUN-12,000000000.00,"STROBEL CAROLE E","STROBEL GEORGE A","9800 BARNES RD","STROBEL GEORGE A","","9800 BARNES RD","","CLAYTON OH 45315 2720","A",0040.93700,0000029510,0000031330,0000060840,0000084300,0000089520,0000173820,"LAND AND BUILDING","RELATED INDIVIDUALS OR CORPORATIONS","N"
"M60 03013 0009",2948,08-MAR-12,000000000.00,"BETZ MILTON G AND","BARRY EVEANNA K AND","BARNES RD","BARRY EVEANNA K AND","WILLIAM F WETZEL JR","5631 NATIONAL RD","","CLAYTON OH 45315","A",0068.50000,0000027630,0000000000,0000027630,0000078940,0000000000,0000078940,"LAND AND BUILDING","RELATED INDIVIDUALS OR CORPORATIONS","N"
"M60 03101 0005",2948,08-MAR-12,000000000.00,"BETZ MILTON G AND","BARRY EVEANNA K AND","5555 W NATIONAL RD","BARRY EVEANNA K AND","WILLIAM F WETZEL JR","5631 NATIONAL RD","","CLAYTON OH 45315","A",0032.16600,0000015110,0000000000,0000015110,0000043180,0000000000,0000043180,"LAND AND BUILDING","RELATED INDIVIDUALS OR CORPORATIONS","N"
"M60 03101 0007",2948,08-MAR-12,000000000.00,"BETZ MILTON G AND","BARRY EVEANNA K AND","5555 W NATIONAL RD","BARRY EVEANNA K AND","WILLIAM F WETZEL JR","5631 NATIONAL RD","","CLAYTON OH 45315","A",0012.88300,0000015200,0000010420,0000025620,0000043440,0000029770,0000073210,"LAND AND BUILDING","RELATED INDIVIDUALS OR CORPORATIONS","N"
"M60 03101 0090",2948,08-MAR-12,000000000.00,"BETZ MILTON G AND","BARRY EVEANNA K AND","5631 W NATIONAL RD","BARRY EVEANNA K AND","WILLIAM F WETZEL JR","5631 NATIONAL RD","","CLAYTON OH 45315","A",0000.96300,0000009440,0000021900,0000031340,0000026960,0000062580,0000089540,"LAND AND BUILDING","RELATED INDIVIDUALS OR CORPORATIONS","N"
"M60 03106 0003",6589,18-MAY-12,000000000.00,"HENDRICKS JAMES HOWARD","HENDRICKS JAMES H SR AND","145 HEATHCLIFF RD","HENDRICKS JAMES H SR AND","RHONDA J","145 HEATHCLIFF RD","","DAYTON OH 45415","A",0004.15000,0000014340,0000038100,0000052440,0000040960,0000108870,0000149830,"LAND AND BUILDING","RELATED INDIVIDUALS OR CORPORATIONS","N"
"M60 03206 0035",5382,25-APR-12,000200333.00,"BEACHLER ELSIE TRUSTEE","GAMGARDELLA ANDREW WILLIAM AND","6746 KIMMEL RD","GAMGARDELLA ANDREW WILLIAM AND","STEFANIE NADINE RICKART","6746 KIMMEL RD","","CLAYTON OH 45315","A",0004.20400,0000010170,0000052830,0000063000,0000029060,0000150940,0000180000,"LAND AND BUILDING","VALID SALE","N"
"M60 03210 0118",2006,16-FEB-12,000000000.00,"HENCH CARL JAMES TR AND","HENCH CARL JAMES TR AND","6280 GARBER RD","HENCH CARL JAMES TR AND","DEEANN L TRS","3614 TIPP COWELSVILLE RD","","TIPP CITY OH 45371","A",0021.86700,0000007250,0000000000,0000007250,0000020710,0000000000,0000020710,"LAND AND BUILDING","RELATED INDIVIDUALS OR CORPORATIONS","N"
"M60 03210 0362",11196,15-AUG-12,000127000.00,"HENCH CARL JAMES TR AND","ALLEN DANICA JOY AND","6280 GARBER RD","","","","","","A",0001.21200,0000011610,0000036210,0000047820,0000033180,0000103470,0000136650,"LAND AND BUILDING","VALID SALE","N"
"M60 03210 0362",2006,16-FEB-12,000000000.00,"HENCH CARL JAMES TR AND","HENCH CARL JAMES TR AND","6280 GARBER RD","","","","","","A",0001.21200,0000011610,0000036210,0000047820,0000033180,0000103470,0000136650,"LAND AND BUILDING","RELATED INDIVIDUALS OR CORPORATIONS","N"
"M60 03210 0363",2006,16-FEB-12,000000000.00,"HENCH CARL JAMES TR AND","HENCH CARL JAMES TR AND","6310 GARBER RD","","","","","","A",0001.07900,0000010920,0000028160,0000039080,0000031190,0000080470,0000111660,"LAND AND BUILDING","RELATED INDIVIDUALS OR CORPORATIONS","N"
"O67 03801 0001",17070,04-DEC-12,000000000.00,"SUKOLA JOHN IV ET AL 3","SUKOLA JOHN IV ET AL 3","11166 GEBHART RD","SUKOLA JOHN IV ET AL 3","","45 NUTMEG SQ","","SPRINGBORO OH 45066","A",0026.33200,0000029600,0000048440,0000078040,0000084580,0000138390,0000222970,"LAND AND BUILDING","RELATED INDIVIDUALS OR CORPORATIONS","N"
"O67 03802 0007",14213,04-OCT-12,000000000.00,"FURNAS SETH E JR AND","VARNER RUTH TR","2472 E SOCIAL ROW RD","VARNER RUTH TR","","6604 WOOSTER PARK","","CINCINNATI OH 45227","A",0105.05300,0000062000,0000035880,0000097880,0000177140,0000102500,0000279640,"LAND AND BUILDING","NOT VALIDATED","N"
"O67 03802 0012",10190,31-JUL-12,000000000.00,"HERSCHEDE HEIDI AND","HERSCHEDE HEIDI","1857 E SOCIAL ROW RD","HERSCHEDE HEIDI","","1857 E SOCIAL ROW RD","","CENTERVILLE OH 45458 2654","A",0011.60500,0000076480,0000044110,0000120590,0000218500,0000126030,0000344530,"LAND AND BUILDING","NOT VALIDATED","N"
"O67 03810 0002",5278,24-APR-12,000000000.00,"WASHINGTON TOWNSHIP TRUSTEES","THE BOARD OF WASHINGTON TWP","10273 DAYTON LEBANON PIKE","THE BOARD OF WASHINGTON TWP","TRUSTEES OF WASHINGTON TWP MONT CTY OH","8200 MCEWEN RD","","DAYTON OH 45458","A",0005.73210,0000038200,0000000000,0000038200,0000109150,0000000000,0000109150,"LAND AND BUILDING","NOT VALIDATED","N"
"O67 03810 0002",5288,24-APR-12,000000000.00,"THE BOARD OF WASHINGTON TWP","THE BOARD OF WASHINGTON TWP","10273 DAYTON LEBANON PIKE","THE BOARD OF WASHINGTON TWP","TRUSTEES OF WASHINGTON TWP MONT CTY OH","8200 MCEWEN RD","","DAYTON OH 45458","A",0005.73210,0000038200,0000000000,0000038200,0000109150,0000000000,0000109150,"LAND AND BUILDING","NOT VALIDATED","N"
"O67 03810 0002",5300,24-APR-12,000000000.00,"THE BOARD OF WASHINGTON TWP","THE BOARD OF WASHINGTON TWP","10273 DAYTON LEBANON PIKE","THE BOARD OF WASHINGTON TWP","TRUSTEES OF WASHINGTON TWP MONT CTY OH","8200 MCEWEN RD","","DAYTON OH 45458","A",0005.73210,0000038200,0000000000,0000038200,0000109150,0000000000,0000109150,"LAND AND BUILDING","NOT VALIDATED","N"
"O67 03810 0263",5299,24-APR-12,000000000.00,"THE BOARD OF WASHINGTON TWP","THE BOARD OF WASHINGTON TWP","10273 DAYTON LEBANON PIKE","THE BOARD OF WASHINGTON TWP","TRUSTEES OF WASHINGTON TWP MONT CTY OH","8320 MCEWEN RD","","DAYTON OH 45458","A",0053.65510,0000038880,0000024370,0000063250,0000111090,0000069630,0000180720,"LAND AND BUILDING","NOT VALIDATED","N"
"O67 03814 0121",673,18-JAN-12,000000000.00,"TURNER FAMILY PARTNERSHIP","WASHINGTON TOWNSHIP BOARD OF TRUSTEES","W SPRING VALLEY PIKE","WASHINGTON TOWNSHIP BOARD OF TRUSTEES","","8200 W MCEWEN RD","","DAYTON OH 45458 3104","A",0000.53500,0000000000,0000000000,0000000000,0000000000,0000000000,0000000000,"LAND ONLY","NOT VALIDATED","N"
"O67 03814 0122",674,18-JAN-12,000000000.00,"TURNER FAMILY PARTNERSHIP, LTD","WASHINGTON TOWNSHIP BOARD OF TRUSTEES","W SPRING VALLEY PIKE","WASHINGTON TOWNSHIP BOARD OF TRUSTEES","","8200 W MCEWEN RD","","DAYTON OH 45458","A",0000.40600,0000000000,0000000000,0000000000,0000000000,0000000000,0000000000,"LAND ONLY","NOT VALIDATED","N"
"O68 00604 0009",11430,20-AUG-12,000000000.00,"AULABAUGH JOHN A AND","AULABAUGH JOHN A AND","2525 E ALEXANDERSVILLE BELLBROOK RD","AULABAUGH JOHN A AND","ANN E","2525 E ALEX BELL RD","","DAYTON OH 45459","A",0002.54400,0000029600,0000020440,0000050040,0000084580,0000058410,0000142990,"LAND AND BUILDING","RELATED INDIVIDUALS OR CORPORATIONS","N"
"O68 00604 0009",11014,13-AUG-12,000000000.00,"AULABAUGH JEAN G ET AL","AULABAUGH JOHN A AND","2525 E ALEXANDERSVILLE BELLBROOK RD","AULABAUGH JOHN A AND","ANN E","2525 E ALEX BELL RD","","DAYTON OH 45459","A",0002.54400,0000029600,0000020440,0000050040,0000084580,0000058410,0000142990,"LAND AND BUILDING","RELATED INDIVIDUALS OR CORPORATIONS","N"
"O68 00604 0009",12243,04-SEP-12,000000000.00,"AULABAUGH JOHN A AND","AULABAUGH JOHN A AND","2525 E ALEXANDERSVILLE BELLBROOK RD","AULABAUGH JOHN A AND","ANN E","2525 E ALEX BELL RD","","DAYTON OH 45459","A",0002.54400,0000029600,0000020440,0000050040,0000084580,0000058410,0000142990,"LAND AND BUILDING","NOT VALIDATED","N"
"P70 01217 0042",3349,16-MAR-12,000040250.00,"AIDA DAYTON TECHNOLOGIES","BICENTENNIAL INVESTMENTS LLC","BELLEFONTAINE RD","BICENTENNIAL INVESTMENTS LLC","","5747 DETRICK JORDON PIKE","","SPRINGFIELD OH 45502","A",0005.74600,0000034480,0000012040,0000046520,0000098510,0000034400,0000132910,"LAND AND BUILDING","NOT VALIDATED","N"
"P70 03904 0007",11187,15-AUG-12,000075000.00,"KIDDER CONNIE","DAYMET CREDIT UNION INC","7959 CHAMBERSBURG RD","HURLEY JAMES C AND","DARLENE C","5227 PITCAIRN RD","","DAYTON OH 45424","A",0010.64900,0000025940,0000014360,0000040300,0000074120,0000041030,0000115150,"LAND AND BUILDING","LIQUIDATION/FORECLOSURE","N"
"P70 03904 0007",13616,25-SEP-12,000055000.00,"DAYMET CREDIT UNION INC","HURLEY JAMES C AND","7959 CHAMBERSBURG RD","HURLEY JAMES C AND","DARLENE C","5227 PITCAIRN RD","","DAYTON OH 45424","A",0010.64900,0000025940,0000014360,0000040300,0000074120,0000041030,0000115150,"LAND AND BUILDING","VALID SALE","N"
"P70 03904 0086",7788,12-JUN-12,000000000.00,"JANISIESKI JOHN A SR AND","JANISIESKI JOHN A SR","8811 ADAMS RD","JANISIESKI JOHN A SR","","8811 ADAMS RD","","DAYTON OH 45424","A",0019.54500,0000020370,0000039310,0000059680,0000058210,0000112320,0000170530,"LAND AND BUILDING","NOT VALIDATED","N"
"P70 03908 0021",16513,21-NOV-12,000000000.00,"POTTER LAYMAN JOYCE","POTTER LEWIS JEFFREY ET AL 10","6795 FISHBURG RD","POTTER LEWIS JEFFREY ET AL 10","","1520 W LYNN RD","","DAYTON OH 45426","A",0025.00000,0000031420,0000023460,0000054880,0000089780,0000067020,0000156800,"LAND AND BUILDING","NOT VALIDATED","N"
"P70 03908 0024",9115,10-JUL-12,000240000.00,"STORCK RICHARD E AND","INVERNESS GROUP INC","BELLEFONTAINE RD","INVERNESS GROUP INC","","4901 HUNT RD STE 300","","","A",0021.38500,0000019940,0000000000,0000019940,0000056980,0000000000,0000056980,"LAND AND BUILDING","VALID SALE","N"
"P70 03908 0125",15602,02-NOV-12,000330108.00,"STORCK RICHARD E AND","ALCORE HUBER LLC","6230 BELLEFONTAINE RD","DAVIS & MEYER LAW LTD","","8675 ULERY RD","","NEW CARLISLE OH 45344","A",0003.03500,0000013240,0000000270,0000013510,0000037840,0000000780,0000038620,"LAND ONLY","VALID SALE","N"
"P70 03908 0125",15224,24-OCT-12,000000000.00,"STORCK RICHARD E AND","DAVIS & MEYER LAW LTD","6230 BELLEFONTAINE RD","DAVIS & MEYER LAW LTD","","8675 ULERY RD","","NEW CARLISLE OH 45344","A",0003.03500,0000013240,0000000270,0000013510,0000037840,0000000780,0000038620,"LAND AND BUILDING","RELATED INDIVIDUALS OR CORPORATIONS","N"
"P70 03908 0125",15278,26-OCT-12,000000000.00,"DAVIS & MEYER LAW LTD","STORCK RICHARD E AND","6230 BELLEFONTAINE RD","DAVIS & MEYER LAW LTD","","8675 ULERY RD","","NEW CARLISLE OH 45344","A",0003.03500,0000013240,0000000270,0000013510,0000037840,0000000780,0000038620,"LAND AND BUILDING","RELATED INDIVIDUALS OR CORPORATIONS","N"
"P70 04003 0039",8353,25-JUN-12,000000000.00,"MARSICO EVELYN ET AL 3","MARSICO FRANCIS WILLIAM AND","5001 OLD TROY PIKE","MARSICO FRANCIS WILLIAM AND","MARY AGNES","8901 SWINGING GATE","","DAYTON OH 45424","A",0053.40400,0000032470,0000026620,0000059090,0000092760,0000076060,0000168820,"LAND AND BUILDING","SALE INVOLVING MULTIPLE PARCELS","N"
"P70 04003 0039",2831,06-MAR-12,000000000.00,"MARSICO FRANCIS P AND","MARSICO EVELYN ET AL 3","5001 OLD TROY PIKE","MARSICO FRANCIS WILLIAM AND","MARY AGNES","8901 SWINGING GATE","","DAYTON OH 45424","A",0053.40400,0000032470,0000026620,0000059090,0000092760,0000076060,0000168820,"LAND AND BUILDING","NOT VALIDATED","N"
"P70 04008 0016",7467,05-JUN-12,000000000.00,"MCCONOUGHEY WYLIE J","FRITSCHIE KATHERINE L TR","6124 ENDICOTT RD","FRITSCHIE KATHERINE L TR","","4255 FISHBURG RD","","DAYTON OH 45424","A",0030.00000,0000018480,0000041520,0000060000,0000052790,0000118620,0000171410,"LAND AND BUILDING","NOT VALIDATED","N"
"R72 16905 0008",9537,19-JUL-12,000020000.00,"BIG CITY DEVELOPMENT LLC","BEAR CREEK FARMS INC","3373 GUTHRIE RD","BEAR CREEK FARMS INC","","1550 SOLDIERS HOME-W CARROLLTON RD","","DAYTON OH 45418","A",0036.70300,0000051380,0000000000,0000051380,0000146800,0000000000,0000146800,"LAND AND BUILDING","SALE INVOLVING MULTIPLE PARCELS","N"
"R72 16905 0008",2149,21-FEB-12,000001000.00,"ATFH REAL PROPERTY LLC","BIG CITY DEVELOPMENT LLC","3373 GUTHRIE RD","BEAR CREEK FARMS INC","","1550 SOLDIERS HOME-W CARROLLTON RD","","DAYTON OH 45418","A",0036.70300,0000051380,0000000000,0000051380,0000146800,0000000000,0000146800,"LAND AND BUILDING","SALE INVOLVING MULTIPLE PARCELS","N"
"R72 16909 0018",8946,06-JUL-12,000000000.00,"WELLMEIER GARY ROSS AND","WELLMEIER LAWRENCE E AND","2805 VANCE RD","WELLMEIER LAWRENCE E AND","TRACEY L","195 COLONIAL LN","","DAYTON OH 45429 1842","A",0054.68500,0000039860,0000022860,0000062720,0000113890,0000065300,0000179190,"LAND AND BUILDING","NOT VALIDATED","N"
"R72317110 0024",8205,21-JUN-12,000026506.00,"CANAAN MISSIONARY BAPTIST CHURCH","MCKINNEY DONALD AND","SCOTTSWOOD RD","MCKINNEY DONALD AND","CONNIE B","857 SCOTTSWOOD RD","","DAYTON OH 45417","A",0010.01700,0000005050,0000000000,0000005050,0000014430,0000000000,0000014430,"LAND AND BUILDING","VALID SALE","N"
"R72617517 0003",2448,28-FEB-12,000017138.00,"VECTOR DEVELOPMENT LTD","ADVANCED ADVENTURE INVESTMENTS INC","HERITAGE PIKE","ADVANCED ADVENTURE INVESTMENTS INC","","6652 CHRISMAN LN","","MIDDLETOWN OH 45042","A",0007.62100,0000010670,0000000000,0000010670,0000030480,0000000000,0000030480,"LAND AND BUILDING","NOT VALIDATED","N"
