"PARID","CONVNUM","SALEDTE","PRICE","OLDOWN","OWNERNAME1","PARCELLOCATION","MAILINGNAME1","MAILINGNAME2","PADDR1","PADDR2","PADDR3","CLS","ACRES","TAXLAND","TAXBLDG","TAXTOTAL","ASMTLAND","ASMTBLDG","ASMTTOTL","SALETYPE","SALEVALIDITY","DYTNCRDT"
"B02 00504 0031",4839,13-APR-12,011681806.00,"SCANNELL PROPERTIES #51 LLC","REALTY INCOME PROPERTIES 6 LLC","795 DEER RUN RD","REALTY INCOME PROPERTIES 6 LLC","","600 LA TERRAZA BLVD","","ESCONDIDO CA 92025","I",0018.67800,0000258880,0000000000,0000258880,0000739650,0000000000,0000739650,"LAND AND BUILDING","NOT VALIDATED","N"
"B02 00508 0026",1441,02-FEB-12,001000000.00,"DAYCHEM LABORATORIES INC","HERAEUS PRECIOUS METALS NORTH","970 INDUSTRIAL PARK DR","HERAEUS PRECIOUS METALS NORTH","AMERICA DAYCHEM LLC","540 MADISON AVE","","NEW YORK NY 10022","I",0008.60000,0000119200,0000152720,0000271920,0000340560,0000436330,0000776890,"LAND AND BUILDING","VALID SALE","N"
"B02 00508 0033",4676,11-APR-12,000027500.00,"VISTA PROPERTIES MANAGEMENT LLC","CROWN PROPERTIES MANAGEMENT","INDUSTRIAL PARK DR","CROWN PROPERTIES MANAGEMENT","LLC","945 BROWN SCHOOL RD","","VANDALIA OH 45377","I",0002.65500,0000009630,0000000000,0000009630,0000027500,0000000000,0000027500,"LAND AND BUILDING","VALID SALE","N"
"B02 00721 0002",18328,21-DEC-12,000225000.00,"DELPHI AUTOMOTIVE","PILOT TRAVEL CENTERS LLC","ENGLE RD","PILOT TRAVEL CENTERS LLC","","5508 LONAS DR","","KNOXVILLE TN 37909","I",0052.35300,0000083110,0000000000,0000083110,0000237470,0000000000,0000237470,"LAND ONLY","VALID SALE","N"
"B02 00721 0028",18328,21-DEC-12,000225000.00,"DELPHI AUTOMOTIVE SYSTEM","PILOT TRAVEL CENTERS LLC","S DIXIE DR","DELPHI AUTOMOTIVE SYSTEMS LLC","","P.O. BOX 5082","","TROY MI 48007 5082","I",0000.17500,0000000300,0000000000,0000000300,0000000860,0000000000,0000000860,"LAND ONLY","VALID SALE","N"
"B02 01214 0001",3969,28-MAR-12,002195000.00,"VENTNOR ASSOCIATES LTD","ENKON LLC","3435 STOP EIGHT RD","ENKON LLC","","P.O. BOX 13418","","DAYTON OH 45413","I",0005.62450,0000108660,0000535620,0000644280,0000310470,0001530340,0001840810,"LAND AND BUILDING","VALID SALE","N"
"B02 01425 0001",5977,07-MAY-12,000000000.00,"A F LEIS CO INC","IMDS CORPORATION","811 NORTHWOODS BLVD","IMDS CORPORATION","","P O BOX 428","","VANDALIA OH 45377","I",0007.90100,0000162620,0000000000,0000162620,0000464630,0000000000,0000464630,"LAND ONLY","SALE INVOLVING MULTIPLE PARCELS","N"
"E21 01002 0107",8988,09-JUL-12,000099000.00,"APEX REAL ESTATE HOLDINGS LLC","LIU JOE AND","OBCO CT","LIU JOE AND","ANTHONY CHIN-YU LIU","7525 BRANDT PIKE","","DAYTON OH 45424","I",0000.37000,0000007150,0000069360,0000076510,0000020420,0000198160,0000218580,"LAND AND BUILDING","NOT VALIDATED","N"
"E21 01003 0113",7022,29-MAY-12,000000000.00,"ATHERTON FAMILY LTD PARTNERSHIP","ATHERTON GREGORY LEE","5950 5956 POE AVE","ATHERTON GREGORY LEE","","12 WALLER AVE APT 12","","VANDALIA OH 45377 2059","I",0000.56200,0000010960,0000030610,0000041570,0000031310,0000087470,0000118780,"LAND AND BUILDING","NOT VALIDATED","N"
"E21 01003 0202",14807,17-OCT-12,000011988.00,"THE YALE FAMILY LIMITED","M.A./F.H. PROPERTIES LTD","NEEDMORE RD","M.A./F.H. PROPERTIES LTD","","2735 NEEDMORE RD","","DAYTON OH 45414 2317","I",0000.22200,0000004290,0000000000,0000004290,0000012250,0000000000,0000012250,"LAND AND BUILDING","VALID SALE","N"
"E21 01003 0206",18275,21-DEC-12,000445000.00,"WEST STAR PROPERTIES","DEMONTE CAPITAL CORPORATION","3320 STOP EIGHT RD","DEMONTE CAPITAL CORPORATION","","10200 FORD RD","","DEARBORN MI 48126","I",0003.35100,0000040880,0000064080,0000104960,0000116810,0000183090,0000299900,"LAND AND BUILDING","VALID SALE","N"
"E21 01010 0180",4722,12-APR-12,000062000.00,"ATFH REAL PROPERTY LLC","SWIHART INVESTMENTS LLC","5131 WEBSTER ST","SWIHART INVESTMENTS LLC","","5111 WEBSTER ST","","DAYTON OH 45414","I",0001.12950,0000015350,0000006470,0000021820,0000043850,0000018490,0000062340,"LAND AND BUILDING","VALID SALE","N"
"E21 01011 0105",4030,29-MAR-12,000155000.00,"HANKEL MICHAEL K AND","AK WILLIAM","4600 WEBSTER ST","AK WILLIAM","LISA LOCASCIO","4600 WEBSTER ST","","DAYTON OH 45414","I",0000.89000,0000013030,0000056500,0000069530,0000037240,0000161420,0000198660,"LAND AND BUILDING","VALID SALE","N"
"E21 17304 0079",5392,25-APR-12,000000000.00,"2124 NEVA DRIVE LLC","BILL BACK EXCAVATING LTD","2124 NEVA DR","BILL BACK EXCAVATING LTD","","6535 FISHBURG RD","","DAYTON OH 45424","I",0000.00000,0000010580,0000003620,0000014200,0000030220,0000010340,0000040560,"LAND AND BUILDING","SALE INVOLVING MULTIPLE PARCELS","N"
"E21 17409 0009",13886,01-OCT-12,000000000.00,"PORTER ROY W AND","PORTER ROY W AND","5591 WADSWORTH RD","NORTHWALL LLC","","P O BOX 13779","","DAYTON OH 45413","I",0000.00000,0000008150,0000035620,0000043770,0000023280,0000101780,0000125060,"LAND AND BUILDING","NOT VALIDATED","N"
"E21 17409 0009",13894,01-OCT-12,000155000.00,"PORTER ROY W AND","NORTHWALL LLC","5591 WADSWORTH RD","NORTHWALL LLC","","P O BOX 13779","","DAYTON OH 45413","I",0000.00000,0000008150,0000035620,0000043770,0000023280,0000101780,0000125060,"LAND AND BUILDING","NOT VALIDATED","N"
"E21 24411 0012",1599,07-FEB-12,000084000.00,"SCHWENKEL JOHN A","MAYNES J DAVID AND","3028 PRODUCTION CT","MAYNES J DAVID AND","CARLENE M","2919 ENSLEY AVE","","DAYTON OH 45414 2618","I",0000.39900,0000007150,0000030530,0000037680,0000020420,0000087230,0000107650,"LAND AND BUILDING","SALE INVOLVING MULTIPLE PARCELS","N"
"E21 24411 0014",1599,07-FEB-12,000084000.00,"SCHWENKEL JOHN A","MAYNES J DAVID AND","3028 PRODUCTION CT","MAYNES J DAVID AND","CARLENE M","2919 ENSLEY AVE","","DAYTON OH 45414 2618","I",0000.06300,0000001350,0000000000,0000001350,0000003860,0000000000,0000003860,"LAND AND BUILDING","SALE INVOLVING MULTIPLE PARCELS","N"
"F23 00104 0102",4834,13-APR-12,000000000.00,"TOWNSEND TIM W AND","FARMERSVILLE VILLAGE OF","106 W WASHINGTON ST","FARMERSVILLE VILLAGE OF","","117 E WALNUT ST","","FARMERSVILLE OH 45325","I",0000.00000,0000002380,0000000200,0000002580,0000006790,0000000560,0000007350,"LAND AND BUILDING","NOT VALIDATED","N"
"I39401506 0008",13992,02-OCT-12,000000000.00,"GILLOTT FLOYD E","GILLOTT FLOYD E TR","5031 LINDEN AVE","GILLOTT FLOYD E TR","","1506 SPAULDING RD","","DAYTON OH 45432","I",0001.42500,0000025600,0000038250,0000063850,0000073140,0000109280,0000182420,"LAND AND BUILDING","NOT VALIDATED","N"
"J44 04101 0259",230,06-JAN-12,000000000.00,"CARPENTER WILLIAM D AND","CARPENTER FAMILY INVESTMENTS LLC","CARDINGTON RD","CARPENTER WILLIAM D AND","FAYE CARPENTER","4224 FERNBROOK ST","","DAYTON OH 45440","I",0000.54600,0000000660,0000000000,0000000660,0000001890,0000000000,0000001890,"LAND AND BUILDING","NOT VALIDATED","N"
"J44 04101 0260",236,06-JAN-12,000000000.00,"CARPENTER WILLIAM D AND","CARPENTER FAMILY INVESTMENTS LLC","CARDINGTON RD","CARPENTER WILLIAM D AND","WILLIAM G","4224 FERNBROOK ST","","DAYTON OH 45440","I",0000.17390,0000000260,0000000000,0000000260,0000000750,0000000000,0000000750,"LAND AND BUILDING","NOT VALIDATED","N"
"J44 04101 0260",235,06-JAN-12,000000000.00,"CARPENTER WILLIAM D AND","CARPENTER WILLIAM D AND","CARDINGTON RD","CARPENTER WILLIAM D AND","WILLIAM G","4224 FERNBROOK ST","","DAYTON OH 45440","I",0000.17390,0000000260,0000000000,0000000260,0000000750,0000000000,0000000750,"LAND AND BUILDING","NOT VALIDATED","N"
"J44 04101 0261",1286,31-JAN-12,000635000.00,"MFRI LLC","M & D HOLDING ASSOCIATION","2701 LANCE DR","M & D HOLDING ASSOCIATION","","100 FORTUNE RD","","DAYTON OH 45449","I",0001.73300,0000022370,0000105810,0000128180,0000063910,0000302320,0000366230,"LAND AND BUILDING","VALID SALE","N"
"J44 04103 0076",7865,13-JUN-12,000000000.00,"PRODUCTION CONTROL UNITS INC","PRODUCTION CONTROL UNITS INC","ENCRETE LN","PRODUCTION CONTROL UNITS INC","","2280 W DOROTHY LANE","","DAYTON OH 45439","I",0000.99200,0000025210,0000000000,0000025210,0000072030,0000000000,0000072030,"LAND AND BUILDING","NOT VALIDATED","N"
"J44 04103 0099",834,23-JAN-12,000275000.00,"GCM GROUP LLC","DANNICK LLC","2228 W DOROTHY LN","DANNICK LLC","","2104 W DOROTHY LN","","DAYTON OH 45459","I",0000.74800,0000025540,0000085610,0000111150,0000072970,0000244590,0000317560,"LAND AND BUILDING","VALID SALE","N"
"J44 04103 0099",2527,29-FEB-12,000000000.00,"DANNICK LLC","DANNICK LLC","2228 W DOROTHY LN","DANNICK LLC","","2104 W DOROTHY LN","","DAYTON OH 45459","I",0000.74800,0000025540,0000085610,0000111150,0000072970,0000244590,0000317560,"LAND AND BUILDING","NOT VALIDATED","N"
"J44 04103 0118",7865,13-JUN-12,000000000.00,"PRODUCTION CONTROL UNITS INC","PRODUCTION CONTROL UNITS INC","2280 W DOROTHY LN","PRODUCTION CONTROL UNITS INC","","2280 W DOROTHY LANE","","DAYTON OH 45439","I",0000.00000,0000036050,0000381770,0000417820,0000102990,0001090770,0001193760,"LAND AND BUILDING","NOT VALIDATED","N"
"J44 04103 0143",7865,13-JUN-12,000000000.00,"PRODUCTION CONTROL UNITS INC","PRODUCTION CONTROL UNITS INC","ENCRETE LN","PRODUCTION CONTROL UNITS INC","","2280 W DOROTHY LANE","","DAYTON OH 45439","I",0001.07400,0000026530,0000000000,0000026530,0000075800,0000000000,0000075800,"LAND AND BUILDING","NOT VALIDATED","N"
"J44 04104 0051",4780,13-APR-12,001200000.00,"FLAUTE AND ASSOCIATES L P","GBW INVESTMENTS LLC","2601 W DOROTHY LN","GBW INVESTMENTS LLC","","2601 W DOROTHY LN","","DAYTON OH 45439","I",0003.43700,0000055300,0000367820,0000423120,0000158010,0001050900,0001208910,"LAND AND BUILDING","VALID SALE","N"
"J44 04104 0055",227,06-JAN-12,000000000.00,"CARPENTER WILLIAM D AND","CARPENTER FAMILY INVESTMENTS LLC","2051 DOROTHY LN","CARPENTER WILLIAM D AND","FAYE F","4224 FERNBROOK ST","","DAYTON OH 45440 1513","I",0004.00000,0000029030,0000016520,0000045550,0000082940,0000047200,0000130140,"LAND AND BUILDING","NOT VALIDATED","N"
"J44 04104 0072",3622,21-MAR-12,000000000.00,"MARTIN BENNIE","MARTIN CAROLYN S","2021 DOROTHY LN","MARTIN CAROLYN S","","2021 W DOROTHY LANE","","DAYTON OH 45459","I",0001.19600,0000010050,0000069270,0000079320,0000028700,0000197920,0000226620,"LAND AND BUILDING","RELATED INDIVIDUALS OR CORPORATIONS","N"
"J44 04104 0073",228,06-JAN-12,000000000.00,"CARPENTER WILLIAM D AND","CARPENTER FAMILY INVESTMENTS LLC","W DOROTHY LN","CARPENTER WILLIAM D AND","CARPENTER WILLIAM G","4224 FERNBROOK ST","","DAYTON OH 45440","I",0000.30900,0000002600,0000000000,0000002600,0000007420,0000000000,0000007420,"LAND AND BUILDING","NOT VALIDATED","N"
"J44 04105 0005",4268,03-APR-12,001025000.00,"NW-ARBOR BLVD LLC","STRATACACHE INC","2290 ARBOR BLVD","STRATACACHE INC","","2 RIVERPLACE STE 200","","DAYTON OH 45404","I",0003.88900,0000041540,0000374610,0000416150,0000118680,0001070320,0001189000,"LAND AND BUILDING","NOT VALIDATED","N"
"J44 04105 0087",4268,03-APR-12,001025000.00,"NW-ARBOR BLVD LLC","STRATACACHE INC","ARBOR BLVD","STRATACACHE INC","","2 RIVERPLACE STE 200","","DAYTON OH 45404","I",0000.87800,0000014750,0000000000,0000014750,0000042140,0000000000,0000042140,"LAND AND BUILDING","NOT VALIDATED","N"
"J44 04106 0010",13032,14-SEP-12,007250000.00,"3601 DRYDEN LLC","VONMIL REALTY LLC","3601 DRYDEN RD","VONMIL REALTY LLC","","1247 LEO ST","","DAYTON OH 45404","I",0014.97700,0000181160,0000917230,0001098390,0000517610,0002620670,0003138280,"LAND AND BUILDING","NOT VALIDATED","N"
"J44 28212 0001",4780,13-APR-12,001200000.00,"FLAUTE AND ASSOCIATES L P","GBW INVESTMENTS LLC","W DOROTHY LN","GBW INVESTMENTS LLC","","2601 W DOROTHY LN","","DAYTON OH 45439","I",0001.22600,0000011360,0000000000,0000011360,0000032470,0000000000,0000032470,"LAND AND BUILDING","VALID SALE","N"
"J44104109 0048",13032,14-SEP-12,007250000.00,"3601 DRYDEN LLC","VONMIL REALTY LLC","3601 DRYDEN RD","VONMIL REALTY LLC","","1247 LEO ST","","DAYTON OH 45404","I",0016.00000,0000193540,0001193290,0001386830,0000552960,0003409390,0003962350,"LAND AND BUILDING","NOT VALIDATED","N"
"K45 02606 0011",4279,03-APR-12,000000000.00,"ISOTEC INC","ALDRICH CHEMICAL","BENNER RD","ALDRICH CHEMICAL CO LLC","","6000 N TEUTONIA AVE","","MILWAUKEE WI 53209","I",0002.63600,0000021670,0000000000,0000021670,0000061900,0000000000,0000061900,"LAND AND BUILDING","NOT VALIDATED","N"
"K45 02606 0011",11263,16-AUG-12,000000000.00,"ALDRICH CHEMICAL","ALDRICH CHEMICAL CO LLC","BENNER RD","ALDRICH CHEMICAL CO LLC","","6000 N TEUTONIA AVE","","MILWAUKEE WI 53209","I",0002.63600,0000021670,0000000000,0000021670,0000061900,0000000000,0000061900,"LAND AND BUILDING","NOT VALIDATED","N"
"K45 02606 0056",11263,16-AUG-12,000000000.00,"ALDRICH CHEMICAL","ALDRICH CHEMICAL CO LLC","3858 BENNER RD","ALDRICH CHEMICAL CO LLC","","6000 N TEUTONIA AVE","","MILWAUKEE WI 53209","I",0005.00200,0000048500,0000391670,0000440170,0000138570,0001119060,0001257630,"LAND AND BUILDING","NOT VALIDATED","N"
"K45 02606 0056",4279,03-APR-12,000000000.00,"ISOTEC CORP","ALDRICH CHEMICAL","3858 BENNER RD","ALDRICH CHEMICAL CO LLC","","6000 N TEUTONIA AVE","","MILWAUKEE WI 53209","I",0005.00200,0000048500,0000391670,0000440170,0000138570,0001119060,0001257630,"LAND AND BUILDING","NOT VALIDATED","N"
"K45 02606 0057",11263,16-AUG-12,000000000.00,"ALDRICH CHEMICAL","ALDRICH CHEMICAL CO LLC","BENNER RD","ALDRICH CHEMICAL CO LLC","","6000 N TEUTONIA AVE","","MILWAUKEE WI 53209","I",0000.52300,0000004490,0000000000,0000004490,0000012840,0000000000,0000012840,"LAND AND BUILDING","NOT VALIDATED","N"
"K45 02606 0057",4279,03-APR-12,000000000.00,"ISOTEC CORP","ALDRICH CHEMICAL","BENNER RD","ALDRICH CHEMICAL CO LLC","","6000 N TEUTONIA AVE","","MILWAUKEE WI 53209","I",0000.52300,0000004490,0000000000,0000004490,0000012840,0000000000,0000012840,"LAND AND BUILDING","NOT VALIDATED","N"
"K46 00102 0002",15876,08-NOV-12,000125000.00,"ACME INVESTMENTS COMPANY","JR ROBINSON AND","540 RICHARD ST","JR ROBINSON AND","STELLA ROBINSON LTD","1202 PINE KNOLL CT","","MIAMISBURG OH 45342","I",0004.99700,0000041160,0000204070,0000245230,0000117600,0000583050,0000700650,"LAND AND BUILDING","VALID SALE","N"
"K46 00112 0001",16711,28-NOV-12,000000000.00,"BREWER INVESTMENTS INC","BREWER PROPERTY MANAGEMENT INC","504 KERCHER ST","BREWER PROPERTY MANAGEMENT INC","","41 S FIRST ST","","MIAMISBURG OH 45342","I",0002.51000,0000023610,0000098140,0000121750,0000067470,0000280390,0000347860,"LAND AND BUILDING","NOT VALIDATED","N"
"K46 00217 0052",4749,12-APR-12,000050000.00,"BAYVIEW LOAN SERVICING LLC","PLUMERT VANCE AND","505 E PEARL ST","PLUMERT VANCE AND","DIANE","1898 SHORE DR","","BELLBROOK OH 45305","I",0003.88100,0000043500,0000030310,0000073810,0000124290,0000086600,0000210890,"LAND AND BUILDING","NOT VALIDATED","N"
"K46 00718 0035",17376,10-DEC-12,000000000.00,"WEAVER PROPERTIES","COUNTRY SQUARE PROPERTIES","ST RT 725","HARRISON H. WEAVER","WEAVER PROPERTIES","928 WATERTOWER LN","","DAYTON OH 45449 2444","I",0000.86300,0000014000,0000000000,0000014000,0000039990,0000000000,0000039990,"LAND AND BUILDING","SALE INVOLVING MULTIPLE PARCELS","N"
"K46 01113 0011",18435,27-DEC-12,001650000.00,"CANE CREEK LLC","OLP MIAMISBURG LLC","2578 CORPORATE PL","OLP MIAMISBURG LLC","","60 CUTTER MIILL RD STE 303","","GREAT NECK NY 11021","I",0002.64100,0000060180,0000258310,0000318490,0000171930,0000738020,0000909950,"LAND AND BUILDING","VALID SALE","N"
"K46 01521 0004",247,06-JAN-12,000000000.00,"WINDSOR DAVID R","WINDSOR REAL ESTATE","650 PRECISION CT","WINDSOR DAVID R","","P.O. BOX 360","","MENOMONEE FALLS WI 53052","I",0003.03700,0000069200,0000243150,0000312350,0000197710,0000694700,0000892410,"LAND AND BUILDING","NOT VALIDATED","N"
"K48100106 0065",4940,17-APR-12,000000000.00,"B AND G BITUMINOUS COMPANY","WEST CARROLLTON CITY OF","4600 FARMERSVILLE WEST CARROLLTON PIKE","WEST CARROLLTON CITY OF","","P O BOX 13591","","DAYTON OH 45413 2208","I",0001.48000,0000004060,0000000000,0000004060,0000011610,0000000000,0000011610,"LAND AND BUILDING","NOT VALIDATED","N"
"K48200920 0010",10375,02-AUG-12,000000000.00,"SOUTHERN DARLENE R BIEHN TR","SOUTHERN DARLENE R BIEHN TR","INFIRMARY RD","SOUTHERN DARLENE R BIEHN TR","FBO JOSEPH J BIEHN","7394 WATERWAY DR","","WAYNESVILLE OH 45068","I",0002.62800,0000039550,0000000000,0000039550,0000113000,0000000000,0000113000,"LAND ONLY","RELATED INDIVIDUALS OR CORPORATIONS","N"
"K48200920 0010",10381,02-AUG-12,000000000.00,"SOUTHERN DARLENE R BIEHN TR","SOUTHERN DARLENE R BIEHN TR","INFIRMARY RD","SOUTHERN DARLENE R BIEHN TR","FBO JOSEPH J BIEHN","7394 WATERWAY DR","","WAYNESVILLE OH 45068","I",0002.62800,0000039550,0000000000,0000039550,0000113000,0000000000,0000113000,"LAND ONLY","RELATED INDIVIDUALS OR CORPORATIONS","N"
"K48200920 0010",10379,02-AUG-12,000000000.00,"SOUTHERN DARLENE R BIEHN TR","SOUTHERN DARLENE R BIEHN TR","INFIRMARY RD","SOUTHERN DARLENE R BIEHN TR","FBO JOSEPH J BIEHN","7394 WATERWAY DR","","WAYNESVILLE OH 45068","I",0002.62800,0000039550,0000000000,0000039550,0000113000,0000000000,0000113000,"LAND ONLY","RELATED INDIVIDUALS OR CORPORATIONS","N"
"K48200920 0010",10383,02-AUG-12,000000000.00,"SOUTHERN DARLENE R BIEHN TR","SOUTHERN DARLENE R BIEHN TR","INFIRMARY RD","SOUTHERN DARLENE R BIEHN TR","FBO JOSEPH J BIEHN","7394 WATERWAY DR","","WAYNESVILLE OH 45068","I",0002.62800,0000039550,0000000000,0000039550,0000113000,0000000000,0000113000,"LAND ONLY","RELATED INDIVIDUALS OR CORPORATIONS","N"
"M57 00502 0011",1497,03-FEB-12,000151000.00,"J-WHITT LLC","HDM PROPERTIES LLC","453 E WENGER RD","HDM PROPERTIES LLC","","453 E WENGER RD","","ENGLEWOOD OH 45322","I",0000.96860,0000010520,0000043080,0000053600,0000030050,0000123080,0000153130,"LAND AND BUILDING","VALID SALE","N"
"M57 00714 0025",9486,18-JUL-12,001275000.00,"KLEPTZ DEVELOPMENT COMPANY","PAUGH & PAUGH PROPERTIES LLC","425 SMITH DR","PAUGH & PAUGH PROPERTIES LLC","","115 HAAS DR","","UNION OH 45322","I",0002.44700,0000028140,0000230550,0000258690,0000080400,0000658710,0000739110,"LAND AND BUILDING","VALID SALE","N"
"M57 00714 0025",18555,31-DEC-12,000000000.00,"PAUGH & PAUGH PROPERTIES LLC","PAUGH & PAUGH PROPERTIES LLC","425 SMITH DR","PAUGH & PAUGH PROPERTIES LLC","","115 HAAS DR","","UNION OH 45322","I",0002.44700,0000028140,0000230550,0000258690,0000080400,0000658710,0000739110,"LAND AND BUILDING","NOT VALIDATED","N"
"M57 00907 0037",14139,04-OCT-12,002300000.00,"HARRIS LARRY G","LIPCO CHEMICALS INC","707 HARCO DR","LIPCO CHEMICALS INC","","707 HARCO DR","","CLAYTON OH 45315","I",0005.77700,0000059300,0000000000,0000059300,0000169440,0000000000,0000169440,"LAND AND BUILDING","NOT VALIDATED","N"
"M57 00907 0049",1689,08-FEB-12,000000000.00,"CITY OF ENGLEWOOD","S K TECH INC","METRO DR","S K TECH INC","","200 METRO DR","","CLAYTON OH 45315","I",0001.13800,0000002190,0000000000,0000002190,0000006260,0000000000,0000006260,"LAND ONLY","NOT VALIDATED","N"
"N64 00406A0072",10975,13-AUG-12,000118000.00,"TGM PROPERTIES LLC","DITTENHOFER JOSEPH","1713 BARNEY AVE","DITTENHOFER JOSEPH","","3624 RIDGEWAY RD","","BELLBROOK OH 45305","I",0000.00000,0000011640,0000020980,0000032620,0000033270,0000059930,0000093200,"LAND AND BUILDING","VALID SALE","N"
"N64 01012 0003",17611,11-DEC-12,000000000.00,"DRT MFG PROPERTIES LLC","DRT MFG PROPERTIES LLC","ACORN DR","DRT MFG PROPERTIES LLC","","618 GREENMOUNT BLVD","","DAYTON OH 45419","I",0000.04200,0000000400,0000000000,0000000400,0000001130,0000000000,0000001130,"LAND AND BUILDING","NOT VALIDATED","N"
"N64 03309 0008",15952,09-NOV-12,000450000.00,"BELL OPTICAL LABORATORY","B&B HOLDINGS","2510 LANCE DR","B&B HOLDINGS","","53 HANSE AVE","","FREEPORT NY 11520","I",0000.30100,0000008050,0000002250,0000010300,0000023010,0000006440,0000029450,"LAND AND BUILDING","SALE INVOLVING MULTIPLE PARCELS","N"
"N64 03309 0029",15952,09-NOV-12,000450000.00,"BELL OPTICAL","B&B HOLDINGS","2510 LANCE DR","B&B HOLDINGS","","53 HANSE AVE","","FREEPORT NY 11520","I",0000.99300,0000024170,0000184980,0000209150,0000069070,0000528520,0000597590,"LAND AND BUILDING","SALE INVOLVING MULTIPLE PARCELS","N"
"N64 03309 0030",15952,09-NOV-12,000450000.00,"BELL OPTICAL LABORATORY","B&B HOLDINGS","2510 LANCE DR","B&B HOLDINGS","","53 HANSE AVE","","FREEPORT NY 11520","I",0001.21700,0000027630,0000009670,0000037300,0000078950,0000027630,0000106580,"LAND AND BUILDING","SALE INVOLVING MULTIPLE PARCELS","N"
"N64 03503 0011",9495,18-JUL-12,000001000.00,"DELPHI AUTOMOTIVE SYSTEMS","KETTERING FORRER I LLC","2000 FORRER BLVD","DELPHI AUTOMOTIVE SYSTEMS LLC","","P.O. BOX 5082","","TROY MI 48007 5082","I",0057.35900,0000843830,0000600270,0001444100,0002410930,0001715050,0004125980,"LAND ONLY","NOT VALIDATED","N"
"N64 03505 0116",17611,11-DEC-12,000000000.00,"DRT MFG PROPERTIES LLC","DRT MFG PROPERTIES LLC","SHROYER RD","DRT MFG PROPERTIES LLC","","618 GREENMOUNT BLVD","","DAYTON OH 45419","I",0000.22200,0000006610,0000000000,0000006610,0000018890,0000000000,0000018890,"LAND AND BUILDING","NOT VALIDATED","N"
"N65 02113 0005",15920,09-NOV-12,000600000.00,"PLASCO INC","MANTYCH LL","3075 PLAINFIELD RD","MANTYCH LL","","3175 PLAINFIELD RD","","DAYTON OH 45432","I",0000.00000,0000027250,0000000740,0000027990,0000077850,0000002110,0000079960,"LAND AND BUILDING","SALE INVOLVING MULTIPLE PARCELS","N"
"N65 02113 0009",15920,09-NOV-12,000600000.00,"PLASCO INC","MANTYCH LL","3075 PLAINFIELD RD","MANTYCH LL","","3175 PLAINFIELD RD","","DAYTON OH 45432","I",0001.00000,0000019530,0000160280,0000179810,0000055800,0000457930,0000513730,"LAND AND BUILDING","SALE INVOLVING MULTIPLE PARCELS","N"
"N65 02113 0013",15920,09-NOV-12,000600000.00,"PLASCO INC","MANTYCH LL","3075 PLAINFIELD RD","MANTYCH LL","","3175 PLAINFIELD RD","","DAYTON OH 45432","I",0000.00000,0000012360,0000000000,0000012360,0000035320,0000000000,0000035320,"LAND AND BUILDING","SALE INVOLVING MULTIPLE PARCELS","N"
"O67 03813 0014",1241,31-JAN-12,000000000.00,"LAW-DUN LLC","RUFFOLO JOHN M TR","10075 SHEEHAN RD","RUFFOLO JOHN M TR","","7501 PARAGON RD","","DAYTON OH 45459","I",0001.04000,0000011780,0000240220,0000252000,0000033670,0000686330,0000720000,"LAND AND BUILDING","NOT VALIDATED","N"
"O67 03813 0015",1241,31-JAN-12,000000000.00,"LAW-DUN LLC","RUFFOLO JOHN M TR","10075 SHEEHAN RD","RUFFOLO JOHN M TR","","7501 PARAGON RD","","DAYTON OH 45459","I",0001.00000,0000008990,0000000000,0000008990,0000025680,0000000000,0000025680,"LAND AND BUILDING","NOT VALIDATED","N"
"O67 03813 0029",1241,31-JAN-12,000000000.00,"LAW-DUN LLC","RUFFOLO JOHN M TR","SHEEHAN RD","RUFFOLO JOHN M TR","","7501 PARAGON RD","","DAYTON OH 45459","I",0000.27500,0000002980,0000000000,0000002980,0000008520,0000000000,0000008520,"LAND AND BUILDING","NOT VALIDATED","N"
"O67 03813 0035",1241,31-JAN-12,000000000.00,"LAW-DUN LLC","RUFFOLO JOHN M TR","10075 SHEEHAN RD","RUFFOLO JOHN M TR","","7501 PARAGON RD","","DAYTON OH 45459","I",0001.04200,0000017890,0000000000,0000017890,0000051110,0000000000,0000051110,"LAND AND BUILDING","NOT VALIDATED","N"
"O68 00304 0028",15934,09-NOV-12,000000000.00,"MALOTT CRYSTAL E TR ETAL","TRUE BONITA K","912 E FRANKLIN ST","TRUE BONITA K","","3525 BLOCKER DR","","DAYTON OH 45420","I",0000.13300,0000007140,0000000750,0000007890,0000020400,0000002140,0000022540,"LAND AND BUILDING","NOT VALIDATED","N"
"P70 01217 0002",7264,01-JUN-12,000990000.00,"THE WESTMORELAND CO INC","STANKIEWICZ ENTERPRISES LTD","7920 CENTER POINT 70 BLVD","STANKIEWICZ ENTERPRISES LTD","","7920 CENTERPOINT BLVD","","DAYTON OH 45424","I",0005.97400,0000098270,0000228890,0000327160,0000280780,0000653980,0000934760,"LAND AND BUILDING","VALID SALE","N"
"P70 03902 0036",8579,28-JUN-12,002301982.00,"ENGINETICS CORPORATION","BROADSTONE EA OHIO LLC","7700 CARLISLE PIKE","BROADSTONE EA OHIO LLC","","530 CLINTON SQ","","ROCHESTER NY 14604 2668","I",0009.84400,0000055930,0000511270,0000567200,0000159800,0001460780,0001620580,"LAND AND BUILDING","VALID SALE","N"
"P70 03902 0057",8579,28-JUN-12,002301982.00,"ENGINETICS CORPORATION","BROADSTONE EA OHIO LLC","ST RT 4","BROADSTONE EA OHIO LLC","","530 CLINTON SQ","","ROCHESTER NY 14604 2668","I",0004.65400,0000009950,0000000000,0000009950,0000028440,0000000000,0000028440,"LAND AND BUILDING","VALID SALE","N"
"R72 00111 0003",18479,28-DEC-12,000046130.00,"DELPHI AUTOMOTIVE SYSTEMS LLC","HOME AVENUE REDEVELOPMENT LLC","ABBEY AVE","HOME AVENUE REDEVELOPMENT LLC","","6397 EMERAL PKWY STE 200","","DUBLIN OH 43016","I",0020.94600,0000050400,0000109110,0000159510,0000144010,0000311750,0000455760,"LAND AND BUILDING","NOT VALIDATED","N"
"R72 00111 0004",18479,28-DEC-12,000046130.00,"DELPHI AUTOMOTIVE SYSTEMS LLC","HOME AVENUE REDEVELOPMENT LLC","UPPER AVE","HOME AVENUE REDEVELOPMENT LLC","","6397 EMERAL PKWY STE 200","","DUBLIN OH 43016","I",0000.51500,0000002380,0000000140,0000002520,0000006800,0000000400,0000007200,"LAND AND BUILDING","NOT VALIDATED","N"
"R72 00111 0005",18479,28-DEC-12,000046130.00,"DELPHI AUTOMOTIVE SYSTEMS LLC","HOME AVENUE REDEVELOPMENT LLC","UPPER AVE","HOME AVENUE REDEVELOPMENT LLC","","6397 EMERAL PKWY STE 200","","DUBLIN OH 43016","I",0000.43000,0000001990,0000000110,0000002100,0000005680,0000000300,0000005980,"LAND AND BUILDING","NOT VALIDATED","N"
"R72 00111 0006",18479,28-DEC-12,000046130.00,"DELPHI AUTOMOTIVE SYSTEMS LLC","HOME AVENUE REDEVELOPMENT LLC","THIRD ST","HOME AVENUE REDEVELOPMENT LLC","","6397 EMERAL PKWY STE 200","","DUBLIN OH 43016","I",0019.71700,0000047550,0000104110,0000151660,0000135870,0000297460,0000433330,"LAND AND BUILDING","NOT VALIDATED","N"
"R72 00111 0007",18479,28-DEC-12,000046130.00,"DELPHI AUTOMOTIVE SYSTEMS LLC","HOME AVENUE REDEVELOPMENT LLC","ABBEY ST","HOME AVENUE REDEVELOPMENT LLC","","6397 EMERAL PKWY STE 200","","DUBLIN OH 43016","I",0012.73500,0000031370,0000084350,0000115720,0000089640,0000241000,0000330640,"LAND AND BUILDING","NOT VALIDATED","N"
"R72 00512 0032",12192,31-AUG-12,000000000.00,"MIDTOWN DEVELOPMENT CORP","SIXTH STREET LOFTS LLC","E 6TH ST","SIXTH STREET LOFTS LLC","","4197 RESEARCH BLVD","","DAYTON OH 45430","I",0000.32610,0000005010,0000004070,0000009080,0000014320,0000011620,0000025940,"LAND AND BUILDING","NOT VALIDATED","N"
"R72 00602 0024",8194,20-JUN-12,004866667.00,"THE CANNERY AT WEBSTER","RRE CANNERY HOLDINGS LLC","WAYNE & E 4TH","RRE CANNERY HOLDINGS LLC","","1 CRESCENT DR 203","","PHILADELPHIA PA 19103","I",0000.00000,0000047980,0000056990,0000104970,0000137090,0000162820,0000299910,"LAND AND BUILDING","SALE INVOLVING MULTIPLE PARCELS","N"
"R72 00809 0050",6110,09-MAY-12,000016580.00,"COUCH MANAGEMENT ENTERPRISES LLC","WRIGHT FAWN E","17 19 FRONT ST","WRIGHT FAWN E","","17 FRONT ST","","DAYTON OH 45402","I",0000.00000,0000001620,0000004180,0000005800,0000004630,0000011950,0000016580,"LAND AND BUILDING","RELATED INDIVIDUALS OR CORPORATIONS","N"
"R72 01005 0009",16179,15-NOV-12,000485000.00,"IMPROVED SOLUTIONS FOR URBAN SYSTEMS INC","VAUGHN INVESTMENT CO LLP","MONUMENT AVE","VAUGHN INVESTMENT CO LLP","","531 E THIRD ST","","DAYTON OH 45402","I",0004.49320,0000000000,0000001380,0000001380,0000000000,0000003940,0000003940,"LAND AND BUILDING","NOT VALIDATED","N"
"R72 01202 0063",14709,16-OCT-12,000000000.00,"BUSHONG DANIEL L AND","BUSHONG DANIEL L","422 428 BACON ST","BUSHONG DANIEL L","","422 BACON ST","","DAYTON OH 45402","I",0000.00000,0000006690,0000019780,0000026470,0000019120,0000056510,0000075630,"LAND AND BUILDING","RELATED INDIVIDUALS OR CORPORATIONS","N"
"R72 01501 0014",12192,31-AUG-12,000000000.00,"MIDTOWN DEVELOPMENT CORP","SIXTH STREET LOFTS LLC","207 E 6TH ST","SIXTH STREET LOFTS LLC","","4197 RESEARCH BLVD","","DAYTON OH 45430","I",0000.00000,0000032080,0000041950,0000074030,0000091650,0000119870,0000211520,"LAND AND BUILDING","NOT VALIDATED","N"
"R72 02211 0001",11777,23-AUG-12,000109112.00,"RD TOOL INC","ACCU-JET CORP","313 LINDEN AVE","ACCU-JET CORP","","1314 WEBSTER ST","","DAYTON OH 45404","I",0005.76500,0000027010,0000014730,0000041740,0000077160,0000042090,0000119250,"LAND AND BUILDING","VALID SALE","N"
"R72 02301 0021",13071,17-SEP-12,000058670.00,"GOHMANN BRUCE DAVID TR AND","GOHMANN BROS LLC","1728 MCLAIN ST","GOHMANN BROS LLC","","1728 MCLAIN ST","","DAYTON OH 45403","I",0000.00000,0000002230,0000016070,0000018300,0000006360,0000045910,0000052270,"LAND AND BUILDING","SALE INVOLVING MULTIPLE PARCELS","N"
"R72 02301 0022",13071,17-SEP-12,000058670.00,"GOHMANN BRUCE DAVID TR AND","GOHMANN BROS LLC","1728 MCLAIN ST","GOHMANN BROS LLC","","1728 MCLAIN ST","","DAYTON OH 45403","I",0000.00000,0000002220,0000000000,0000002220,0000006350,0000000000,0000006350,"LAND AND BUILDING","SALE INVOLVING MULTIPLE PARCELS","N"
"R72 04207 0023",16777,29-NOV-12,000000000.00,"KNOPP DAVID R AND","KNOPP DAVID R","460 DAVIS AVE","KNOPP DAVID R","","1451 E DAVID RD","","DAYTON OH 45429","I",0000.00000,0000002460,0000006860,0000009320,0000007020,0000019590,0000026610,"LAND AND BUILDING","RELATED INDIVIDUALS OR CORPORATIONS","N"
"R72 04504 0070",18210,20-DEC-12,000167500.00,"BROCKMAN INVESTMENTS LLC","TECHMETALS INC","SPRINGFIELD ST","TECHMETALS INC","","345 SPRINGFIELD ST","","DAYTON OH 45403","I",0000.06800,0000000700,0000000000,0000000700,0000001990,0000000000,0000001990,"LAND AND BUILDING","VALID SALE","N"
"R72 04504 0071",18210,20-DEC-12,000167500.00,"BROCKMAN INVESTMENTS LLC","TECHMETALS INC","39 N TORRENCE","BROCKMAN INVESTMENTS LLC","","345 SPRINGFIELD ST","","DAYTON OH 45403","I",0001.23000,0000018370,0000035830,0000054200,0000052480,0000102380,0000154860,"LAND AND BUILDING","VALID SALE","N"
"R72 04505 0008",18210,20-DEC-12,000167500.00,"BROCKMAN INVESTMENTS LLC AND","TECHMETALS INC","SPRINGFIELD ST","BROCKMAN INVESTMENTS LLC AND","E & G PROPERTIES","39 N TORRENCE ST","","DAYTON OH 45403","I",0000.00000,0000004010,0000000000,0000004010,0000011470,0000000000,0000011470,"LAND AND BUILDING","VALID SALE","N"
"R72 04507 0052",10839,10-AUG-12,000000000.00,"HUNTER TOOL AND DIE","HUNTER TOOL AND DIE","124 TORRENCE ST","HUNTER TOOL AND DIE","","2104 E FRIST ST","","DAYTON OH 45403","I",0000.00300,0000000050,0000000000,0000000050,0000000150,0000000000,0000000150,"LAND AND BUILDING","NOT VALIDATED","N"
"R72 04901C0027",14521,11-OCT-12,000255000.00,"KARLA RANDALL MINISTRIES","BRUN CHARLES J JR AND","515 N IRWIN ST","BRUN CHARLES J JR AND","DIANE E","2042 ERICKMAN LN","","XENIA OH 45385","I",0002.63900,0000047240,0000093920,0000141160,0000134960,0000268330,0000403290,"LAND AND BUILDING","VALID SALE","N"
"R72 04904 0023",11838,24-AUG-12,000036500.00,"ELLIS JOSEPH K","HUBBARD MICAH T","305 IRWIN ST","HUBBARD MICAH T","","1715 NORTON AVE","","DAYTON OH 45420 4232","I",0000.00000,0000001500,0000000540,0000002040,0000004280,0000001550,0000005830,"LAND AND BUILDING","VALID SALE","N"
"R72 04904 0038",11838,24-AUG-12,000036500.00,"ELLIS JOSEPH K","HUBBARD MICAH T","830 SPRINGFIELD ST","HUBBARD MICAH T","","1715 NORTON AVE","","DAYTON OH 45420 4232","I",0000.07800,0000001440,0000013420,0000014860,0000004110,0000038350,0000042460,"LAND AND BUILDING","VALID SALE","N"
"R72 04905 0015",13895,01-OCT-12,000130000.00,"D & R REAL ESTATE ENTERPISES LLC","NUGENT THOMAS J TRUSTEE","SPRINGFIELD ST","SWEET ELLEN LLC","","1021 SPRINGFIELD ST","","DAYTON OH 45403","I",0000.00000,0000001550,0000000000,0000001550,0000004440,0000000000,0000004440,"LAND AND BUILDING","VALID SALE","N"
"R72 04905 0015",15056,22-OCT-12,000000000.00,"NUGENT THOMAS J TRUSTEE","SWEET ELLEN LLC","SPRINGFIELD ST","SWEET ELLEN LLC","","1021 SPRINGFIELD ST","","DAYTON OH 45403","I",0000.00000,0000001550,0000000000,0000001550,0000004440,0000000000,0000004440,"LAND AND BUILDING","RELATED INDIVIDUALS OR CORPORATIONS","N"
"R72 04906 0066",15056,22-OCT-12,000000000.00,"NUGENT THOMAS J TRUSTEE","SWEET ELLEN LLC","951 SPRINGFIELD ST","SWEET ELLEN LLC","","1021 SPRINGFIELD ST","","DAYTON OH 45403","I",0000.00000,0000001800,0000017640,0000019440,0000005150,0000050410,0000055560,"LAND AND BUILDING","RELATED INDIVIDUALS OR CORPORATIONS","N"
"R72 04906 0066",13895,01-OCT-12,000130000.00,"D & R REAL ESTATE ENTERPISES LLC","NUGENT THOMAS J TRUSTEE","951 SPRINGFIELD ST","SWEET ELLEN LLC","","1021 SPRINGFIELD ST","","DAYTON OH 45403","I",0000.00000,0000001800,0000017640,0000019440,0000005150,0000050410,0000055560,"LAND AND BUILDING","VALID SALE","N"
"R72 05108 0008",15866,08-NOV-12,000000000.00,"DAYTON ELECTRO PLATE INC","MONTGOMERY COUNTY LAND","ST RT 4","GARRETT DAY LLC","","163 KENTUCKY AVE","","LEXINGTON KY 40502 7565","I",0000.11400,0000002090,0000000000,0000002090,0000005970,0000000000,0000005970,"LAND ONLY","LIQUIDATION/FORECLOSURE","N"
"R72 05108 0008",15883,08-NOV-12,000000000.00,"MONTGOMERY COUNTY LAND","GARRETT DAY LLC","ST RT 4","GARRETT DAY LLC","","163 KENTUCKY AVE","","LEXINGTON KY 40502 7565","I",0000.11400,0000002090,0000000000,0000002090,0000005970,0000000000,0000005970,"LAND AND BUILDING","SALE INVOLVING MULTIPLE PARCELS","N"
"R72 05108 0010",15883,08-NOV-12,000000000.00,"MONTGOMERY COUNTY LAND","GARRETT DAY LLC","ST RT 4","GARRETT DAY LLC","","163 KENTUCKY AVE","","LEXINGTON KY 40502 7565","I",0000.00000,0000002470,0000000000,0000002470,0000007050,0000000000,0000007050,"LAND AND BUILDING","SALE INVOLVING MULTIPLE PARCELS","N"
"R72 05108 0010",15865,08-NOV-12,000000000.00,"DAYTON ELECTRO PLATE INC","MONTGOMERY COUNTY LAND","ST RT 4","GARRETT DAY LLC","","163 KENTUCKY AVE","","LEXINGTON KY 40502 7565","I",0000.00000,0000002470,0000000000,0000002470,0000007050,0000000000,0000007050,"LAND ONLY","LIQUIDATION/FORECLOSURE","N"
"R72 05108 0014",15883,08-NOV-12,000000000.00,"MONTGOMERY COUNTY LAND","GARRETT DAY LLC","ST RT 4","GARRETT DAY LLC","","163 KENTUCKY AVE","","LEXINGTON KY 40502 7565","I",0000.75700,0000014440,0000000000,0000014440,0000041250,0000000000,0000041250,"LAND AND BUILDING","SALE INVOLVING MULTIPLE PARCELS","N"
"R72 05110 0005",15883,08-NOV-12,000000000.00,"MONTGOMERY COUNTY LAND","GARRETT DAY LLC","1004 VALLEY ST","GARRETT DAY LLC","","163 KENTUCKY AVE","","LEXINGTON KY 40502 7565","I",0000.00000,0000002330,0000000000,0000002330,0000006670,0000000000,0000006670,"LAND AND BUILDING","SALE INVOLVING MULTIPLE PARCELS","N"
"R72 05110 0005",15869,08-NOV-12,000000000.00,"DAYTON ELECTRO PLATE INC","MONTGOMERY COUNTY LAND","1004 VALLEY ST","GARRETT DAY LLC","","163 KENTUCKY AVE","","LEXINGTON KY 40502 7565","I",0000.00000,0000002330,0000000000,0000002330,0000006670,0000000000,0000006670,"LAND ONLY","LIQUIDATION/FORECLOSURE","N"
"R72 05110 0006",15883,08-NOV-12,000000000.00,"MONTGOMERY COUNTY LAND","GARRETT DAY LLC","1020 VALLEY ST","GARRETT DAY LLC","","163 KENTUCKY AVE","","LEXINGTON KY 40502 7565","I",0000.00000,0000006090,0000067110,0000073200,0000017400,0000191740,0000209140,"LAND AND BUILDING","SALE INVOLVING MULTIPLE PARCELS","N"
"R72 05110 0007",15883,08-NOV-12,000000000.00,"MONTGOMERY COUNTY LAND","GARRETT DAY LLC","VALLEY ST","GARRETT DAY LLC","","163 KENTUCKY AVE","","LEXINGTON KY 40502 7565","I",0000.00000,0000007660,0000000540,0000008200,0000021880,0000001540,0000023420,"LAND AND BUILDING","SALE INVOLVING MULTIPLE PARCELS","N"
"R72 05110 0008",15883,08-NOV-12,000000000.00,"MONTGOMERY COUNTY LAND","GARRETT DAY LLC","VALLEY ST","GARRETT DAY LLC","","163 KENTUCKY AVE","","LEXINGTON KY 40502 7565","I",0000.00000,0000001570,0000000350,0000001920,0000004490,0000001010,0000005500,"LAND AND BUILDING","SALE INVOLVING MULTIPLE PARCELS","N"
"R72 05110 0009",15883,08-NOV-12,000000000.00,"MONTGOMERY COUNTY LAND","GARRETT DAY LLC","1030 VALLEY ST","GARRETT DAY","","163 KENTUCKY AVE","","LEXINGTON KY 40502","I",0000.00000,0000016280,0000116630,0000132910,0000046500,0000333240,0000379740,"LAND AND BUILDING","SALE INVOLVING MULTIPLE PARCELS","N"
"R72 05110 0012",15860,08-NOV-12,000000000.00,"DAYTON ELECTRO PLATE INC","MONTGOMERY COUNTY LAND","VALLEY ST","GARRETT DAY LLC","","163 KENTUCKY AVE","","LEXINGTON KY 40502 7565","I",0000.00000,0000003770,0000000000,0000003770,0000010770,0000000000,0000010770,"LAND ONLY","LIQUIDATION/FORECLOSURE","N"
"R72 05110 0012",15883,08-NOV-12,000000000.00,"MONTGOMERY COUNTY LAND","GARRETT DAY LLC","VALLEY ST","GARRETT DAY LLC","","163 KENTUCKY AVE","","LEXINGTON KY 40502 7565","I",0000.00000,0000003770,0000000000,0000003770,0000010770,0000000000,0000010770,"LAND AND BUILDING","SALE INVOLVING MULTIPLE PARCELS","N"
"R72 05110 0013",15863,08-NOV-12,000000000.00,"DAYTON ELECTRO PLATE INC","MONTGOMERY COUNTY LAND","VALLEY ST","GARRETT DAY LLC","","163 KENTUCKY AVE","","LEXINGTON KY 40502 7565","I",0000.00000,0000000200,0000000000,0000000200,0000000580,0000000000,0000000580,"LAND ONLY","LIQUIDATION/FORECLOSURE","N"
"R72 05110 0013",15883,08-NOV-12,000000000.00,"MONTGOMERY COUNTY LAND","GARRETT DAY LLC","VALLEY ST","GARRETT DAY LLC","","163 KENTUCKY AVE","","LEXINGTON KY 40502 7565","I",0000.00000,0000000200,0000000000,0000000200,0000000580,0000000000,0000000580,"LAND AND BUILDING","SALE INVOLVING MULTIPLE PARCELS","N"
"R72 05110 0014",15863,08-NOV-12,000000000.00,"DAYTON ELECTRO PLATE INC","MONTGOMERY COUNTY LAND","VALLEY ST","GARRETT DAY LLC","","163 KENTUCKY AVE","","LEXINGTON KY 40502 7565","I",0000.00000,0000004980,0000000000,0000004980,0000014230,0000000000,0000014230,"LAND ONLY","LIQUIDATION/FORECLOSURE","N"
"R72 05110 0014",15883,08-NOV-12,000000000.00,"MONTGOMERY COUNTY LAND","GARRETT DAY LLC","VALLEY ST","GARRETT DAY LLC","","163 KENTUCKY AVE","","LEXINGTON KY 40502 7565","I",0000.00000,0000004980,0000000000,0000004980,0000014230,0000000000,0000014230,"LAND AND BUILDING","SALE INVOLVING MULTIPLE PARCELS","N"
"R72 05110 0018",15869,08-NOV-12,000000000.00,"DAYTON ELECTRO PLATE INC","MONTGOMERY COUNTY LAND","VALLEY ST","GARRETT DAY LLC","","163 KENTUCKY AVE","","LEXINGTON KY 40502 7565","I",0000.00000,0000002420,0000000000,0000002420,0000006900,0000000000,0000006900,"LAND ONLY","LIQUIDATION/FORECLOSURE","N"
"R72 05110 0018",15883,08-NOV-12,000000000.00,"MONTGOMERY COUNTY LAND","GARRETT DAY LLC","VALLEY ST","GARRETT DAY LLC","","163 KENTUCKY AVE","","LEXINGTON KY 40502 7565","I",0000.00000,0000002420,0000000000,0000002420,0000006900,0000000000,0000006900,"LAND AND BUILDING","SALE INVOLVING MULTIPLE PARCELS","N"
"R72 05110 0025",15883,08-NOV-12,000000000.00,"MONTGOMERY COUNTY LAND","GARRETT DAY LLC","VALLEY ST","GARRETT DAY LLC","","163 KENTUCKY AVE","","LEXINGTON KY 40502 7565","I",0000.00000,0000005380,0000000670,0000006050,0000015360,0000001910,0000017270,"LAND AND BUILDING","SALE INVOLVING MULTIPLE PARCELS","N"
"R72 05110 0031",15883,08-NOV-12,000000000.00,"MONTGOMERY COUNTY LAND","GARRETT DAY LLC","VALLEY ST","GARRETT DAY LLC","","163 KENTUCKY AVE","","LEXINGTON KY 40502 7565","I",0000.00000,0000001880,0000000260,0000002140,0000005380,0000000750,0000006130,"LAND AND BUILDING","SALE INVOLVING MULTIPLE PARCELS","N"
"R72 05607 0006",4322,03-APR-12,000000000.00,"BRINKMAN CHARLES L","BRINKMAN JOHN R","325 KISER ST","BRINKMAN JOHN R","","325 KISER ST","","DAYTON OH 45404","I",0000.00000,0000019370,0000123030,0000142400,0000055330,0000351520,0000406850,"LAND AND BUILDING","NOT VALIDATED","N"
"R72 05607 0007",4322,03-APR-12,000000000.00,"BRINKMAN CHARLES L","BRINKMAN JOHN R","KISER ST","BRINKMAN JOHN R","","325 KISER ST","","DAYTON OH 45404","I",0001.31900,0000021900,0000000000,0000021900,0000062570,0000000000,0000062570,"LAND AND BUILDING","NOT VALIDATED","N"
"R72 05702 0033",10598,07-AUG-12,000260000.00,"WARLAUMONT GARY","KUMBROCH COMMERICAL PROPERTIES LLC","529 531 HUNTER AVE","KUMBROCH COMMERICAL PROPERTIES LLC","","332 VERMONT AVE","","DAYTON OH 45404","I",0000.00000,0000014760,0000082100,0000096860,0000042160,0000234580,0000276740,"LAND AND BUILDING","VALID SALE","N"
"R72 05702 0067",10598,07-AUG-12,000260000.00,"WARLAUMONT GARY","KUMBROCH COMMERICAL PROPERTIES LLC","VERMONT AVE","GARY WARLAUMONT","","529 HUNTER AVE","","DAYTON OH 45404 1516","I",0000.00000,0000004220,0000000000,0000004220,0000012050,0000000000,0000012050,"LAND AND BUILDING","VALID SALE","N"
"R72 05703 0001",10777,08-AUG-12,000000000.00,"RITA CONSTRUCTION CO INC","MONTGOMERY COUNTY LAND","824 LEO ST","GARRETT DAY LLC","","163 W KENTUCKY AVE","","LEXINGTON KY 40502","I",0011.25000,0000091590,0000347210,0000438800,0000261680,0000992030,0001253710,"LAND AND BUILDING","LIQUIDATION/FORECLOSURE","N"
"R72 05703 0001",10835,09-AUG-12,000000000.00,"MONTGOMERY COUNTY LAND","GARRETT DAY LLC","824 LEO ST","GARRETT DAY LLC","","163 W KENTUCKY AVE","","LEXINGTON KY 40502","I",0011.25000,0000091590,0000347210,0000438800,0000261680,0000992030,0001253710,"LAND AND BUILDING","NOT VALIDATED","N"
"R72 05704 0039",13839,28-SEP-12,000000000.00,"MANTIA RUTH M AND","MANTIA RUTH M ET AL 4","825 WINDHAM ST","BOGGESS CYNTHIA E ET AL 3","","1701 WEBSTER ST","","DAYTON OH 45404","I",0000.00000,0000001890,0000000000,0000001890,0000005410,0000000000,0000005410,"LAND AND BUILDING","NOT VALIDATED","N"
"R72 05704 0039",15799,06-NOV-12,000000000.00,"MANTIA RUTH M ET AL 4","BOGGESS CYNTHIA E ET AL 3","825 WINDHAM ST","BOGGESS CYNTHIA E ET AL 3","","1701 WEBSTER ST","","DAYTON OH 45404","I",0000.00000,0000001890,0000000000,0000001890,0000005410,0000000000,0000005410,"LAND AND BUILDING","RELATED INDIVIDUALS OR CORPORATIONS","N"
"R72 05704 0040",13839,28-SEP-12,000000000.00,"MANTIA RUTH M AND","MANTIA RUTH M ET AL 4","1701 WEBSTER ST","MANTIA RUTH M ET AL 4","","1701 WEBSTER ST","","DAYTON OH 45404 0586","I",0000.00000,0000002080,0000046260,0000048340,0000005930,0000132170,0000138100,"LAND AND BUILDING","NOT VALIDATED","N"
"R72 05704 0040",15799,06-NOV-12,000000000.00,"MANTIA RUTH M ET AL 4","BOGGESS CYNTHIA E ET AL 3","1701 WEBSTER ST","MANTIA RUTH M ET AL 4","","1701 WEBSTER ST","","DAYTON OH 45404 0586","I",0000.00000,0000002080,0000046260,0000048340,0000005930,0000132170,0000138100,"LAND AND BUILDING","RELATED INDIVIDUALS OR CORPORATIONS","N"
"R72 05704 0041",15799,06-NOV-12,000000000.00,"MANTIA RUTH M ET AL 4","BOGGESS CYNTHIA E ET AL 3","WINDHAM ST","MANTIA RUTH M ET AL 4","","1701 WEBSTER ST","","DAYTON OH 45404 0586","I",0000.00000,0000001890,0000000980,0000002870,0000005410,0000002790,0000008200,"LAND AND BUILDING","RELATED INDIVIDUALS OR CORPORATIONS","N"
"R72 05704 0041",13839,28-SEP-12,000000000.00,"MANTIA RUTH M AND","MANTIA RUTH M ET AL 4","WINDHAM ST","MANTIA RUTH M ET AL 4","","1701 WEBSTER ST","","DAYTON OH 45404 0586","I",0000.00000,0000001890,0000000980,0000002870,0000005410,0000002790,0000008200,"LAND AND BUILDING","NOT VALIDATED","N"
"R72 05704 0162",8175,20-JUN-12,000000000.00,"GLASER JOHN","FUBAR PROPERTIES LLC","858 HALL AVE","FUBAR PROPERTIES LLC","","858 HALL AVE","","DAYTON OH 45404","I",0000.74500,0000017270,0000081620,0000098890,0000049330,0000233210,0000282540,"LAND AND BUILDING","NOT VALIDATED","N"
"R72 05706 0027",11998,28-AUG-12,000255420.00,"UNIVERSAL FINANCIAL ASSOC","POWERS JAMES","365 LEO ST","POWERS JAMES","","6101 SCHUMACHER PARK DR","","WEST CHESTER OH 45069 3249","I",0000.00000,0000039950,0000148100,0000188050,0000114140,0000423150,0000537290,"LAND AND BUILDING","VALID SALE","N"
"R72 05706 0078",8304,22-JUN-12,000020000.00,"ASHOUR SALEM","BLACK OAK PROPERTIES LLC","STANLEY AVE","BLACK OAK PROPERTIES LLC","","5151 CHAPIN ST","","DAYTON OH 45429 1814","I",0000.52000,0000013390,0000007570,0000020960,0000038270,0000021620,0000059890,"LAND AND BUILDING","NOT VALIDATED","N"
"R72 05706 0144",746,19-JAN-12,000000000.00,"GEISLER VIRGINIA C TR ET AL 4","SNYDER CYNTHIA L TR ET AL 3","1482 STANLEY AVE","SNYDER CYNTHIA L TR ET AL 3","","156 THELMA AVE","","DAYTON OH 45415","I",0000.00000,0000020310,0000065360,0000085670,0000058020,0000186740,0000244760,"LAND AND BUILDING","RELATED INDIVIDUALS OR CORPORATIONS","N"
"R72 05708 0001",13091,17-SEP-12,001353520.00,"VONTZ REALTY CO","3601 DRYDEN LLC","969 DEEDS AVE","3601 DRYDEN LLC","","9960 W CHEYENNE AVE STE 212","C/O HUNTINGTON GROUP","LAS VEGAS NV 89129","I",0000.00000,0000030830,0000005140,0000035970,0000088080,0000014690,0000102770,"LAND AND BUILDING","NOT VALIDATED","N"
"R72 05708 0011",13091,17-SEP-12,001353520.00,"VONTZ REALTY CO","3601 DRYDEN LLC","1247 LEO ST","3601 DRYDEN LLC","","9960 W CHEYENNE AVE STE 212","C/O HUNTINGTON GROUP","LAS VEGAS NV 89129","I",0000.00000,0000018550,0000080000,0000098550,0000053010,0000228580,0000281590,"LAND AND BUILDING","NOT VALIDATED","N"
"R72 05708 0012",13091,17-SEP-12,001353520.00,"VONTZ REALTY CO","3601 DRYDEN LLC","959 DEEDS AVE","3601 DRYDEN LLC","","9960 W CHEYENNE AVE STE 212","C/O HUNTINGTON GROUP","LAS VEGAS NV 89129","I",0000.00000,0000021640,0000000000,0000021640,0000061840,0000000000,0000061840,"LAND AND BUILDING","NOT VALIDATED","N"
"R72 05708 0015",13091,17-SEP-12,001353520.00,"VONTZ REALTY COMPANY","3601 DRYDEN LLC","929 DEEDS AVE","3601 DRYDEN LLC","","9960 W CHEYENNE AVE STE 212","C/O HUNTINGTON GROUP","LAS VEGAS NV 89129","I",0000.00000,0000026080,0000470330,0000496410,0000074510,0001343810,0001418320,"LAND AND BUILDING","NOT VALIDATED","N"
"R72 05708 0016",13091,17-SEP-12,001353520.00,"VONTZ REALTY COMPANY","3601 DRYDEN LLC","DEEDS AVE","3601 DRYDEN LLC","","9960 W CHEYENNE AVE STE 212","C/O HUNTINGTON GROUP","LAS VEGAS NV 89129","I",0000.00000,0000006230,0000000000,0000006230,0000017790,0000000000,0000017790,"LAND AND BUILDING","NOT VALIDATED","N"
"R72 05713 0018",8175,20-JUN-12,000000000.00,"GLASER JOHN G","FUBAR PROPERTIES LLC","HALL AVE","FUBAR PROPERTIES LLC","","858 HALL AVE","","DAYTON OH 45404","I",0000.06700,0000001730,0000000000,0000001730,0000004930,0000000000,0000004930,"LAND AND BUILDING","NOT VALIDATED","N"
"R72 08902 0017",10833,09-AUG-12,000000000.00,"MONTGOMERY COUNTY LAND","GARRETT DAY LLC","1801 HOME AVE","GARRETT DAY LLC","","163 W KENTUCKY AVE","","LEXINGTON KY 40502","I",0003.12600,0000009110,0000191580,0000200690,0000026020,0000547370,0000573390,"LAND AND BUILDING","NOT VALIDATED","N"
"R72 08902 0017",10767,08-AUG-12,000000000.00,"MPT REAL ESTATE LTD","MONTGOMERY COUNTY LAND","1801 HOME AVE","GARRETT DAY LLC","","163 W KENTUCKY AVE","","LEXINGTON KY 40502","I",0003.12600,0000009110,0000191580,0000200690,0000026020,0000547370,0000573390,"LAND AND BUILDING","LIQUIDATION/FORECLOSURE","N"
"R72 08902 0022",10770,08-AUG-12,000000000.00,"MPT REAL ESTATE LTD","MONTGOMERY COUNTY LAND","1801 HOME AVE","GARRETT DAY LLC","","163 W KENTUCKY AVE","","LEXINGTON KY 40502","I",0000.00000,0000004260,0000019610,0000023870,0000012160,0000056020,0000068180,"LAND AND BUILDING","LIQUIDATION/FORECLOSURE","N"
"R72 08902 0022",10833,09-AUG-12,000000000.00,"MONTGOMERY COUNTY LAND","GARRETT DAY LLC","1801 HOME AVE","GARRETT DAY LLC","","163 W KENTUCKY AVE","","LEXINGTON KY 40502","I",0000.00000,0000004260,0000019610,0000023870,0000012160,0000056020,0000068180,"LAND AND BUILDING","NOT VALIDATED","N"
"R72 08902 0044",10833,09-AUG-12,000000000.00,"MONTGOMERY COUNTY LAND","GARRETT DAY LLC","HOWELL AVE","GARRETT DAY LLC","","163 W KENTUCKY AVE","","LEXINGTON KY 40502","I",0000.16400,0000000760,0000000000,0000000760,0000002170,0000000000,0000002170,"LAND AND BUILDING","NOT VALIDATED","N"
"R72 08902 0044",10775,08-AUG-12,000000000.00,"MPT REAL ESTATE LTD","MONTGOMERY COUNTY LAND","HOWELL AVE","GARRETT DAY LLC","","163 W KENTUCKY AVE","","LEXINGTON KY 40502","I",0000.16400,0000000760,0000000000,0000000760,0000002170,0000000000,0000002170,"LAND AND BUILDING","LIQUIDATION/FORECLOSURE","N"
"R72 14004 0026",17611,11-DEC-12,000000000.00,"DRT MFG PROPERTIES LLC","DRT MFG PROPERTIES LLC","GREENMOUNT BLVD","DRT MFG PROPERTIES LLC","","618 GREENMOUNT BLVD","","DAYTON OH 45419","I",0000.05100,0000000710,0000000000,0000000710,0000002030,0000000000,0000002030,"LAND AND BUILDING","NOT VALIDATED","N"
"R72 15303 0018",17941,14-DEC-12,000026000.00,"JAYNE CLAUDIA","WOURMS PAUL","18 MACKOIL AVE","WOURMS PAUL","","18 MACKOIL AVE","","DAYTON OH 45403 2430","I",0000.07200,0000001140,0000004200,0000005340,0000003260,0000011990,0000015250,"LAND AND BUILDING","VALID SALE","N"
"R72 15303 0018",17058,04-DEC-12,000015000.00,"JENKINS RAY R AND","JAYNE CLAUDIA","18 MACKOIL AVE","WOURMS PAUL","","18 MACKOIL AVE","","DAYTON OH 45403 2430","I",0000.07200,0000001140,0000004200,0000005340,0000003260,0000011990,0000015250,"LAND AND BUILDING","NOT VALIDATED","N"
"R72 15601 0005",18303,21-DEC-12,000133000.00,"MBLB PROPERTIES LTD","KBK WEBSTER PROPERTIES LTD","1937 LUCILLE DR","KBK WEBSTER PROPERTIES LTD","","2122 WINNERS CIR","","DAYTON OH 45404","I",0000.00000,0000001890,0000017910,0000019800,0000005410,0000051180,0000056590,"LAND AND BUILDING","VALID SALE","N"
"R72 15601 0006",18303,21-DEC-12,000133000.00,"MBLB PROPERTIES LTD","KBK WEBSTER PROPERTIES LTD","LUCILLE DR","KBK WEBSTER PROPERTIES LTD","","2122 WINNERS CIR","","DAYTON OH 45404","I",0000.00000,0000001890,0000000000,0000001890,0000005410,0000000000,0000005410,"LAND AND BUILDING","VALID SALE","N"
"R72 15601 0007",18303,21-DEC-12,000133000.00,"MBLB PROPERTIES LTD","KBK WEBSTER PROPERTIES LTD","LUCILLE DR","KBK WEBSTER PROPERTIES LTD","","2122 WINNERS CIR","","DAYTON OH 45404","I",0000.00000,0000001890,0000000000,0000001890,0000005410,0000000000,0000005410,"LAND AND BUILDING","VALID SALE","N"
"R72 15601 0008",18303,21-DEC-12,000133000.00,"MBLB PROPERTIES LTD","KBK WEBSTER PROPERTIES LTD","LUCILLE DR","KBK WEBSTER PROPERTIES LTD","","2122 WINNERS CIR","","DAYTON OH 45404","I",0000.00000,0000001890,0000022310,0000024200,0000005410,0000063730,0000069140,"LAND AND BUILDING","VALID SALE","N"
"R72 15601 0010",11933,28-AUG-12,000055000.00,"MBLB PROPERTIES LTD","KBK WEBSTER PROPERTIES LTD","1945 LUCILLE DR","KBK WEBSTER PROPERTIES LTD","","2122 SINNERS CIR","","DAYTON OH 45404","I",0000.00000,0000001890,0000014100,0000015990,0000005410,0000040290,0000045700,"LAND AND BUILDING","SALE INVOLVING MULTIPLE PARCELS","N"
"R72 15601 0011",11933,28-AUG-12,000055000.00,"MBLB PROPERTIES LLC","KBK WEBSTER PROPERTIES LTD","LUCILLE DR","KBK WEBSTER PROPERTIES LTD","","2122 SINNERS CIR","","DAYTON OH 45404","I",0000.00000,0000001890,0000000000,0000001890,0000005410,0000000000,0000005410,"LAND AND BUILDING","SALE INVOLVING MULTIPLE PARCELS","N"
"R72 15601 0012",11933,28-AUG-12,000055000.00,"MBLB PROPERTIES LLC","KBK WEBSTER PROPERTIES LTD","1953 LUCILLE DR","KBK WEBSTER PROPERTIES LTD","","2122 SINNERS CIR","","DAYTON OH 45404","I",0000.00000,0000001890,0000001420,0000003310,0000005410,0000004060,0000009470,"LAND AND BUILDING","SALE INVOLVING MULTIPLE PARCELS","N"
"R72 15601 0017",11936,28-AUG-12,000068000.00,"MBLB PROPERTIES LTD","FENDEROSA PROPERTIES","1928 LUCILLE DR","FENDEROSA PROPERTIES","","1916 LUCILLE DR","","DAYTON OH 45404 0061","I",0000.00000,0000001890,0000016160,0000018050,0000005410,0000046160,0000051570,"LAND AND BUILDING","SALE INVOLVING MULTIPLE PARCELS","N"
"R72 15601 0021",12657,10-SEP-12,000125000.00,"MBLB PROPERTIES LTD","NORMAN THOMAS A","1944 LUCILLE DR","NORMAN THOMAS A","","1950 WILLIE DR","","DAYTON OH 45404","I",0000.00000,0000001890,0000009740,0000011630,0000005410,0000027820,0000033230,"LAND AND BUILDING","VALID SALE","N"
"R72 15601 0022",12657,10-SEP-12,000125000.00,"MBLB PROPERTIES LTD","NORMAN THOMAS A","LUCILLE DR","MBLB PROPERTIES LLC","","1937 LUCILLE DR","","DAYTON OH 45404","I",0000.00000,0000001890,0000000000,0000001890,0000005410,0000000000,0000005410,"LAND AND BUILDING","VALID SALE","N"
"R72 15601 0023",12657,10-SEP-12,000125000.00,"MBLB PROPERTIES LTD","NORMAN THOMAS A","1950 LUCILLE DR","NORMAN THOMAS A","","1950 WILLIE DR","","DAYTON OH 45404","I",0000.00000,0000001890,0000012230,0000014120,0000005410,0000034940,0000040350,"LAND AND BUILDING","VALID SALE","N"
"R72 15702 0002",838,23-JAN-12,000035000.00,"BALTIMORE AND OHIO R R","SUGAR CREEK PACKING CO","1307 N GETTYSBURG AVE","SUGAR CREEK PACKING CO","","500 WATER ST","","JACKSONVILLE FL 32202","I",0002.13480,0000003550,0000000000,0000003550,0000010140,0000000000,0000010140,"LAND ONLY","NOT VALIDATED","N"
"R72 15915 0001",371,10-JAN-12,000023000.00,"KIDS AGAINST HUNGER INC","SMITH DELLAQUANE","2412 N GETTYSBURG AVE","KIDS AGAINST HUNGER INC","","2412 N GETTYSBURG AVE","","DAYTON OH 45406","I",0004.30000,0000012890,0000005320,0000018210,0000036820,0000015190,0000052010,"LAND AND BUILDING","VALID SALE","N"
"R72 15915 0003",371,10-JAN-12,000023000.00,"KIDS AGAINST HUNGER INC","SMITH DELLAQUANE","N GETTYSBURG AVE","SMITH DELLAQUANE","","2412 N GETTYSBURG AVE","","DAYTON OH 45406","I",0000.00000,0000006500,0000000000,0000006500,0000018560,0000000000,0000018560,"LAND AND BUILDING","VALID SALE","N"
"R72 15915 0004",371,10-JAN-12,000023000.00,"KIDS AGAINST HUNGER INC","SMITH DELLAQUANE","GETTYSBURG AVE","SMITH DELLAQUANE","","2412 N GETTYSBURG AVE","","DAYTON OH 45406","I",0000.00000,0000004620,0000000000,0000004620,0000013200,0000000000,0000013200,"LAND AND BUILDING","VALID SALE","N"
"R72 16701 0008",11935,28-AUG-12,000500000.00,"BENJAMIN STEEL CO INC","MBLB PROPERTIES LTD","1 JANNEY RD","MBLB PROPERTIES LTD","","1937 LUCILLE DR","","DAYTON OH 45404","I",0002.18100,0000038470,0000032050,0000070520,0000109920,0000091570,0000201490,"LAND AND BUILDING","NOT VALIDATED","N"
"R72 16702 0044",17698,12-DEC-12,000312500.00,"HENDRICKS COMMERCIAL PROPERTIES","LARS HOLDINGS LLC","1933 TROY ST","LARS HOLDINGS LLC","","401 KISER ST","","DAYTON OH 45404","I",0002.53700,0000031730,0000104060,0000135790,0000090650,0000297320,0000387970,"LAND AND BUILDING","VALID SALE","N"
"R72 16702 0045",17698,12-DEC-12,000312500.00,"HENDRICKS COMMERCIAL PROPERTIES","LARS HOLDINGS LLC","1941 TROY ST","LARS HOLDINGS LLC","","401 KISER ST","","DAYTON OH 45404","I",0000.34300,0000006520,0000000000,0000006520,0000018620,0000000000,0000018620,"LAND AND BUILDING","VALID SALE","N"
"R72 16702 0046",17698,12-DEC-12,000312500.00,"HENDRICKS COMMERCIAL PROPERTIES","LARS HOLDINGS LLC","1955 TROY ST","LARS HOLDINGS LLC","","401 KISER ST","","DAYTON OH 45404","I",0001.66300,0000021230,0000000000,0000021230,0000060670,0000000000,0000060670,"LAND AND BUILDING","VALID SALE","N"
"R72 16708 0063",90,04-JAN-12,000115000.00,"FALER WILLIAM E AND","VONTZ REALTY CO","1210 DEEDS AVE","3601 DRYDEN LLC","","9960 W CHEYENNE AVE STE 212","","LAS VEGAS NV 89129","I",0000.00000,0000002040,0000007800,0000009840,0000005820,0000022280,0000028100,"LAND AND BUILDING","VALID SALE","N"
"R72 16708 0063",13102,17-SEP-12,000009635.00,"VONTZ REALTY CO","3601 DRYDEN LLC","1210 DEEDS AVE","3601 DRYDEN LLC","","9960 W CHEYENNE AVE STE 212","","LAS VEGAS NV 89129","I",0000.00000,0000002040,0000007800,0000009840,0000005820,0000022280,0000028100,"LAND AND BUILDING","VALID SALE","N"
"R72 16712 0005",16539,26-NOV-12,000000000.00,"MCAFEE GREGORY K AND","GNTT LLC","30 COMMERCE PARK DR","GNTT LLC","","P O BOX 291834","","DAYTON OH 45429","I",0000.00000,0000009290,0000017250,0000026540,0000026550,0000049290,0000075840,"LAND AND BUILDING","NOT VALIDATED","N"
"R72 16712 0006",16539,26-NOV-12,000000000.00,"MCAFEE GREGORY K AND","GNTT LLC","40 COMMERCE PARK DR","GNTT LLC","","P O BOX 291834","","DAYTON OH 45429","I",0000.00000,0000009640,0000035080,0000044720,0000027530,0000100240,0000127770,"LAND AND BUILDING","NOT VALIDATED","N"
"R72 17106 0002",8608,29-JUN-12,000000000.00,"MTD REALTY LLC","MTD REALTY LLC","725 LILAC AVE","MTD REALTY LLC","","32 BRAELOCH WAY","","MONROE CT 06468","I",0003.74000,0000013160,0000174490,0000187650,0000037600,0000498540,0000536140,"LAND ONLY","NOT VALIDATED","N"
"R72117015 0003",7751,11-JUN-12,000000000.00,"CAR-MI INC","CARGILL INC","3201 NEEDMORE RD","CARGILL INC","","15407 MCGINTY RD W","","WAYZATA MN 55391","I",0008.38000,0000124660,0000863840,0000988500,0000356180,0002468100,0002824280,"LAND AND BUILDING","NOT VALIDATED","N"
