"PARID","CONVNUM","SALEDTE","PRICE","OLDOWN","OWNERNAME1","PARCELLOCATION","MAILINGNAME1","MAILINGNAME2","PADDR1","PADDR2","PADDR3","CLS","ACRES","TAXLAND","TAXBLDG","TAXTOTAL","ASMTLAND","ASMTBLDG","ASMTTOTL","SALETYPE","SALEVALIDITY","DYTNCRDT"
"B02 00504T0031",4839,13-APR-12,011681806.00,"SCANNELL PROPERTIES #51 LLC","REALTY INCOME PROPERTIES 6 LLC","795 DEER RUN RD","REALTY INCOME PROPERTIES 6 LLC","","600 LA TERRAZA BLVD","","ESCONDIDO CA 92025","E",0018.67800,0000000000,0001101740,0001101740,0000000000,0003147820,0003147820,"LAND AND BUILDING","NOT VALIDATED","N"
"B02 01203 0064",3841,26-MAR-12,000000000.00,"HENDERSON OMER TR AND","BUTLER TOWNSHIP CHURCH OF GOD","MILLER LN","BUTLER TOWNSHIP CHURCH OF GOD","","6217 MILLER LANE","","DAYTON OH 45414","E",0001.77100,0000011150,0000000000,0000011150,0000031860,0000000000,0000031860,"LAND ONLY","RELATED INDIVIDUALS OR CORPORATIONS","N"
"B02 01203 0064",3840,26-MAR-12,000000000.00,"EVANS LESTER C TR ETAL","HENDERSON OMER TR AND","MILLER LN","BUTLER TOWNSHIP CHURCH OF GOD","","6217 MILLER LANE","","DAYTON OH 45414","E",0001.77100,0000011150,0000000000,0000011150,0000031860,0000000000,0000031860,"LAND ONLY","RELATED INDIVIDUALS OR CORPORATIONS","N"
"E20 01005 0037",1255,31-JAN-12,000025000.00,"NORTH RIVERDALE","FIVE RIVERS YOUTH RUGBY","5976 MARKEY RD","FIVE RIVERS YOUTH RUGBY","FOUNDATION INC","424 IVY CREST TER","","DAYTON OH 45429 1304","E",0012.37100,0000057160,0000033020,0000090180,0000163300,0000094330,0000257630,"LAND AND BUILDING","SALE INVOLVING MULTIPLE PARCELS","N"
"E20 17101B0041",4171,02-APR-12,000001000.00,"GOOD SAMARITAN HOSPITAL","ALPHA WAY INC","3600 SALEM AVE","ALPHA WAY INC","","3614 SALEM AVE","","DAYTON OH 45406","E",0000.00000,0000008110,0000010540,0000018650,0000023180,0000030120,0000053300,"LAND AND BUILDING","NOT VALIDATED","N"
"E20 17102 0003",3727,22-MAR-12,000000000.00,"HARRISON TOWNSHIP OF","FORT MCKINLEY HOMES LP","3508 PITTSBURG AVE","FORT MCKINLEY HOMES LP","","9080 SPRINGBORO PIKE","","MIAMISBURG OH 45342","E",0000.00000,0000001800,0000000000,0000001800,0000005130,0000000000,0000005130,"LAND AND BUILDING","VALID SALE","N"
"E20 17102 0003",4560,09-APR-12,000000000.00,"FORT MCKINLEY HOMES LP","FORT MCKINLEY HOMES LLC","3508 PITTSBURG AVE","FORT MCKINLEY HOMES LP","","9080 SPRINGBORO PIKE","","MIAMISBURG OH 45342","E",0000.00000,0000001800,0000000000,0000001800,0000005130,0000000000,0000005130,"LAND AND BUILDING","SALE INVOLVING MULTIPLE PARCELS","N"
"E20 17102 0077",3727,22-MAR-12,000000000.00,"TOWNSHIP OF HARRISON","FORT MCKINLEY HOMES LP","3537 EVANSVILLE AVE","TOWNSHIP OF HARRISON","","5945 N DIXIE DR","","DAYTON OH 45414","E",0000.00000,0000002870,0000000000,0000002870,0000008210,0000000000,0000008210,"LAND AND BUILDING","VALID SALE","N"
"E20 17102 0077",4560,09-APR-12,000000000.00,"FORT MCKINLEY HOMES LP","FORT MCKINLEY HOMES LP","3537 EVANSVILLE AVE","TOWNSHIP OF HARRISON","","5945 N DIXIE DR","","DAYTON OH 45414","E",0000.00000,0000002870,0000000000,0000002870,0000008210,0000000000,0000008210,"LAND AND BUILDING","SALE INVOLVING MULTIPLE PARCELS","N"
"E20 17102B0012",3727,22-MAR-12,000000000.00,"TOWNSHIP OF HARRISON","FORT MCKINLEY HOMES LP","3751 MICHIGAN AVE","FORT MCKINLEY HOMES LLC","","9080 SPRINGBORO PIKE","","MIAMISBURG OH 45342","E",0000.00000,0000001760,0000000000,0000001760,0000005040,0000000000,0000005040,"LAND AND BUILDING","VALID SALE","N"
"E20 17102B0012",4560,09-APR-12,000000000.00,"FORT MCKINLEY HOMES LP","FORT MCKINLEY HOMES LLC","3751 MICHIGAN AVE","FORT MCKINLEY HOMES LLC","","9080 SPRINGBORO PIKE","","MIAMISBURG OH 45342","E",0000.00000,0000001760,0000000000,0000001760,0000005040,0000000000,0000005040,"LAND AND BUILDING","SALE INVOLVING MULTIPLE PARCELS","N"
"E20 17102B0013",3727,22-MAR-12,000000000.00,"TOWNSHIP OF HARRISON","FORT MCKINLEY HOMES LP","3749 MICHIGAN AVE","FORT MCKINLEY HOMES LP","","9080 SPRINGBORO PIKE","","MIAMISBURG OH 45342","E",0000.00000,0000001410,0000000000,0000001410,0000004030,0000000000,0000004030,"LAND AND BUILDING","VALID SALE","N"
"E20 17102B0013",4560,09-APR-12,000000000.00,"FORT MCKINLEY HOMES LP","FORT MCKINLEY HOMES LLC","3749 MICHIGAN AVE","FORT MCKINLEY HOMES LP","","9080 SPRINGBORO PIKE","","MIAMISBURG OH 45342","E",0000.00000,0000001410,0000000000,0000001410,0000004030,0000000000,0000004030,"LAND AND BUILDING","SALE INVOLVING MULTIPLE PARCELS","N"
"E20 17102B0014",4560,09-APR-12,000000000.00,"FORT MCKINLEY HOMES LP","FORT MCKINLEY HOMES LP","3747 MICHIGAN AVE","FORT MCKINLEY HOMES LP","","9080 SPRINGBORO PIKE","","MIAMISBURG OH 45342","E",0000.00000,0000003520,0000000000,0000003520,0000010070,0000000000,0000010070,"LAND AND BUILDING","SALE INVOLVING MULTIPLE PARCELS","N"
"E20 17102B0014",3727,22-MAR-12,000000000.00,"TOWNSHIP OF HARRISON","FORT MCKINLEY HOMES LP","3747 MICHIGAN AVE","FORT MCKINLEY HOMES LP","","9080 SPRINGBORO PIKE","","MIAMISBURG OH 45342","E",0000.00000,0000003520,0000000000,0000003520,0000010070,0000000000,0000010070,"LAND AND BUILDING","VALID SALE","N"
"E20 17505 0009",1255,31-JAN-12,000025000.00,"NORTH RIVERDALE LITTLE","FIVE RIVERS YOUTH RUGBY","STRATTON AVE","FIVE RIVERS YOUTH RUGBY","FOUNDATION INC","424 IVY CREST TER","","DAYTON OH 45429 1304","E",0000.00000,0000001060,0000000000,0000001060,0000003020,0000000000,0000003020,"LAND AND BUILDING","SALE INVOLVING MULTIPLE PARCELS","N"
"E20 17505 0010",1255,31-JAN-12,000025000.00,"NORTH RIVERDALE LITTLE","FIVE RIVERS YOUTH RUGBY","STRATTON AVE","FIVE RIVERS YOUTH RUGBY","FOUNDATION INC","424 IVY CREST TER","","DAYTON OH 45429 1304","E",0000.00000,0000003380,0000000000,0000003380,0000009660,0000000000,0000009660,"LAND AND BUILDING","SALE INVOLVING MULTIPLE PARCELS","N"
"H33 00316 0016",3363,16-MAR-12,000100000.00,"CHURCH BRETHREN GRACE OF","NEW BETHANY FOR CHRIST CHURCH","12 STRADER DR","NEW BETHANY FOR CHRIST CHURCH","","12 STRADER DR","","DAYTON OH 45426","E",0002.60000,0000011760,0000065410,0000077170,0000033600,0000186880,0000220480,"LAND AND BUILDING","NOT VALIDATED","N"
"H33 01611 0002",3373,16-MAR-12,000000000.00,"MADISON TWP TRUSTEES","HABITAT FOR HUMANITY","SHADOWBROOK DR","HABITAT FOR HUMANITY","","3534 LINDEN AVE","","DAYTON OH 45410","E",0000.00000,0000001440,0000000000,0000001440,0000004100,0000000000,0000004100,"LAND ONLY","NOT VALIDATED","N"
"H33 01612 0007",3373,16-MAR-12,000000000.00,"MADISON TOWNSHIP TRUSTEES","HABITAT FOR HUMANITY","SANDY DR","HABITAT FOR HUMANITY","","3534 LINDEN AVE","","DAYTON OH 45410","E",0000.00000,0000008250,0000000000,0000008250,0000023580,0000000000,0000023580,"LAND ONLY","NOT VALIDATED","N"
"H33 01612 0008",3373,16-MAR-12,000000000.00,"MADISON TOWNSHIP TRUSTEES","HABITAT FOR HUMANITY","SANDY DR","HABITAT FOR HUMANITY","","3534 LINDEN AVE","","DAYTON OH 45410","E",0000.00000,0000008110,0000000000,0000008110,0000023170,0000000000,0000023170,"LAND ONLY","NOT VALIDATED","N"
"H33 01612 0022",3373,16-MAR-12,000000000.00,"MADISON TOWNSHIP TRUSTEES","HABITAT FOR HUMANITY","SANDY DR","HABITAT FOR HUMANITY","","3534 LINDEN AVE","","DAYTON OH 45410","E",0000.00000,0000008900,0000000000,0000008900,0000025440,0000000000,0000025440,"LAND ONLY","NOT VALIDATED","N"
"K45100113 0007",869,23-JAN-12,000000000.00,"TOMASIAK KATHY J","TOMCO MACHINING INC","INDUSTRY LN","TOMCO MACHINING INC","","4962 RIVERTON DR","","DAYTON OH 45414 2423","E",0002.45700,0000039130,0000000000,0000039130,0000111810,0000000000,0000111810,"LAND AND BUILDING","NOT VALIDATED","N"
"K46 00112 0012",1492,03-FEB-12,000046000.00,"MIAMISBURG ASSEMBLY OF GOD","UNION SAVINGS BANK","530 N SIXTH ST","UNION SAVINGS BANK","","8534 E KEMPER RD","","CINCINNATI OH 45249 3236","E",0000.00000,0000007690,0000147540,0000155230,0000021960,0000421550,0000443510,"LAND AND BUILDING","LIQUIDATION/FORECLOSURE","N"
"K46 01115T0041",1960,15-FEB-12,006000000.00,"BW PARTNERS LTD","FEZCO SUPERIOR LLC","1125 BYERS RD","BW PARTNERS LTD","","7755 PARAGON RD","","DAYTON OH 45459","E",0003.96300,0000000000,0000824500,0000824500,0000000000,0002355700,0002355700,"LAND AND BUILDING","VALID SALE","N"
"O68 00103 0070",1050,26-JAN-12,000000000.00,"METHODIST CHURCH UNITED","CENTERVILLE UNITED METHODIST","85 E FRANKLIN ST","CENTERVILLE UNITED METHODIST","CHURCH","63 E FRANKLIN ST","","DAYTON OH 45459","E",0000.00000,0000018850,0000013090,0000031940,0000053860,0000037400,0000091260,"LAND AND BUILDING","NOT VALIDATED","N"
"P70 01515 0017",1333,01-FEB-12,000435000.00,"CHURCH CHRIST INC","NEW SEASON MINISTRY INC","4925 FISHBURG RD","NEW SEASON MINISTRY INC","","4925 FISHBURG RD","","DAYTON OH 45424","E",0004.63600,0000038940,0000220910,0000259850,0000111260,0000631180,0000742440,"LAND AND BUILDING","VALID SALE","N"
"R72 01302 0043",3493,20-MAR-12,000000000.00,"TRIMMER BETH GOLDSTEIN","SLONE RUTH A","528 MCLAIN ST","SLONE RUTH A","","14 POTOMAC ST","","DAYTON OH 45403","E",0000.00000,0000005290,0000001670,0000006960,0000015100,0000004770,0000019870,"LAND AND BUILDING","NOT VALIDATED","N"
"R72 01802 0001",2779,05-MAR-12,000325000.00,"SALVATION ARMY","GOODWILL EASTER","S MAIN ST","GOODWILL EASTER","MIAMI VALLEY","1511 KUNTZ RD","","DAYTON OH 45404","E",0000.00000,0000018450,0000001810,0000020260,0000052720,0000005170,0000057890,"LAND AND BUILDING","VALID SALE","N"
"R72 01802 0006",2779,05-MAR-12,000325000.00,"SALVATION ARMY","GOODWILL EASTER","624 S MAIN ST","GOODWILL EASTER","MIAMI VALLEY","1511 KUNTZ RD","","DAYTON OH 45404","E",0000.00000,0000019500,0000160100,0000179600,0000055700,0000457420,0000513120,"LAND AND BUILDING","VALID SALE","N"
"R72 01913 0007",2944,08-MAR-12,000000000.00,"DAYTON CITY OF","UPSCALE REALTY LLC","50 56 ALBERTA ST","UPSCALE REALTY LLC","","505 CRAWLEY RUN 102","","DAYTON OH 45458","E",0000.00000,0000011220,0000000000,0000011220,0000032070,0000000000,0000032070,"LAND ONLY","NOT VALIDATED","N"
"R72 02501 0035",2116,17-FEB-12,000000000.00,"ST MARY DEVELOPMENT CORP","ST MARY DEVELOPMENT CORP","NOEL CT","ST MARY DEVELOPMENT CORP","","519 XENIA AVE","","DAYTON OH 45410","E",0000.00000,0000003080,0000000000,0000003080,0000008790,0000000000,0000008790,"LAND AND BUILDING","NOT VALIDATED","N"
"R72 02501 0036",2116,17-FEB-12,000000000.00,"ST MARY DEVELOPMENT CORP","ST MARY DEVELOPMENT CORP","NOEL CT","ST MARY DEVELOPMENT CORP","","519 XENIA AVE","","DAYTON OH 45410","E",0000.00000,0000001060,0000000000,0000001060,0000003040,0000000000,0000003040,"LAND AND BUILDING","NOT VALIDATED","N"
"R72 02501 0051",2116,17-FEB-12,000000000.00,"ST MARY DEVELOPMENT CORP","ST MARY DEVELOPMENT CORP","NOEL CT","ST MARY DEV CORP","","519 XENIA AVE","","DAYTON OH 45410 1823","E",0000.00000,0000000800,0000000000,0000000800,0000002290,0000000000,0000002290,"LAND AND BUILDING","NOT VALIDATED","N"
"R72 05405 0015",2531,29-FEB-12,000000000.00,"NAZARENE CH-MARYLAND AV","SOUTHWESTERN OHIO DISTRICT CHURCH","300 MARYLAND AVE","SOUTHWESTERN OHIO DISTRICT CHURCH","OF THE NAZARENE","7943 TYLERSVILLE RD","","WEST CHESTER OH 45069","E",0000.00000,0000001770,0000068120,0000069890,0000005050,0000194640,0000199690,"LAND AND BUILDING","NOT VALIDATED","N"
"R72 05405 0016",2531,29-FEB-12,000000000.00,"NAZARENE CH-MARYLAND AV","SOUTHWESTERN OHIO DISTRICT CHURCH","MARYLAND AVE","SOUTHWESTERN OHIO DISTRICT CHURCH","OF THE NAZARENE","7943 TYLERSVILLE RD","","WEST CHESTER OH 45069","E",0000.00000,0000001770,0000000000,0000001770,0000005050,0000000000,0000005050,"LAND AND BUILDING","NOT VALIDATED","N"
"R72 05405 0017",2531,29-FEB-12,000000000.00,"NAZARENE CH-MARYLAND AV","SOUTHWESTERN OHIO DISTRICT CHURCH","300 MARYLAND AVE","SOUTHWESTERN OHIO DISTRICT CHURCH","OF THE NAZARENE","7943 TYLERSVILLE RD","","WEST CHESTER OH 45069","E",0000.00000,0000005240,0000000000,0000005240,0000014980,0000000000,0000014980,"LAND AND BUILDING","NOT VALIDATED","N"
"R72 07510 0053",267,06-JAN-12,000000000.00,"DAYTON METROPOLITAN HOUSING","DAYTON OHIO HABITAT FOR HUMANITY","1123 RIVERVIEW AVE","DAYTON OHIO HABITAT FOR HUMANITY","","3534 LINDEN AVE","","DAYTON OH 45410","E",0000.15200,0000003690,0000024240,0000027930,0000010540,0000069270,0000079810,"LAND AND BUILDING","NOT VALIDATED","N"
"R72 08203 0010",2308,24-FEB-12,000000000.00,"DAYTON CITY OF","ROOSEVELT HOMES LLC","N MARION ST","ROOSEVELT HOMES LLC","","9349 WATERSTONE BLVD","","CINCINNATI OH 45249","E",0000.00000,0000001250,0000000000,0000001250,0000003570,0000000000,0000003570,"LAND ONLY","SALE INVOLVING MULTIPLE PARCELS","N"
"R72 08203 0011",2308,24-FEB-12,000000000.00,"DAYTON CITY OF","ROOSEVELT HOMES LLC","18 20 N MARION ST","ROOSEVELT HOMES LLC","","9349 WATERSTONE BLVD","","CINCINNATI OH 45249","E",0000.00000,0000001250,0000000000,0000001250,0000003570,0000000000,0000003570,"LAND ONLY","SALE INVOLVING MULTIPLE PARCELS","N"
"R72 08206 0004",2308,24-FEB-12,000000000.00,"DAYTON CITY OF","ROOSEVELT HOMES LLC","210 CLEMMER ST","ROOSEVELT HOMES LLC","","9349 WATERSTONE BLVD","","CINCINNATI OH 45249","E",0000.00000,0000000890,0000000000,0000000890,0000002540,0000000000,0000002540,"LAND ONLY","SALE INVOLVING MULTIPLE PARCELS","N"
"R72 08206 0005",2308,24-FEB-12,000000000.00,"CITY OF DAYTON","ROOSEVELT HOMES LLC","CLEMMER ST","ROOSEVELT HOMES LLC","","9349 WATERSTONE BLVD","","CINCINNATI OH 45249","E",0000.00000,0000001130,0000000000,0000001130,0000003230,0000000000,0000003230,"LAND ONLY","SALE INVOLVING MULTIPLE PARCELS","N"
"R72 08206 0065",1222,30-JAN-12,000000000.00,"CITY OF DAYTON OHIO","ROOSEVELT HOMES LLC","222 CLEMMER ST","ROOSEVELT HOMES LLC","","9349 WATERSTONE BLVD","","CINCINNATI OH 45249","E",0000.00000,0000001010,0000000000,0000001010,0000002880,0000000000,0000002880,"LAND ONLY","NOT VALIDATED","N"
"R72 08303 0064",4217,02-APR-12,000016800.00,"BOARD OF EDUCATION OF THE DAYTON","ISUS INC","N BROADWAY ST","ISUS INC","","140 N KEOWEE ST","","DAYTON OH 45402","E",0000.63710,0000005830,0000001130,0000006960,0000016650,0000003240,0000019890,"LAND AND BUILDING","NOT VALIDATED","N"
"R72 12809 0031",2943,08-MAR-12,000000000.00,"CITY OF DAYTON","NEILSON ERNEST III","3928 W 3RD ST","CITY OF DAYTON","","101 W THIRD ST","","DAYTON OH 45402","E",0000.00000,0000000000,0000000000,0000000000,0000000000,0000000000,0000000000,"LAND ONLY","NOT VALIDATED","N"
"R72 13201 0017",4416,05-APR-12,000007500.00,"CHURCH OF GOD MPG OF T","BROWN JESSE H JR","3515 KENESAW AVE","BROWN JESSE H JR","","4805 GARDENDALE AVE","","DAYTON OH 45417","E",0000.00000,0000000980,0000000000,0000000980,0000002810,0000000000,0000002810,"LAND AND BUILDING","NOT VALIDATED","N"
"R72 13201 0018",4416,05-APR-12,000007500.00,"CHURCH OF GOD MILITANT AND","BROWN JESSE H JR","3509 KENESAW AVE","CHURCH OF GOD M & G OF TRUTH","","3509 KENESAW AVE","","DAYTON OH 45417","E",0000.00000,0000002140,0000004270,0000006410,0000006120,0000012210,0000018330,"LAND AND BUILDING","NOT VALIDATED","N"
