"PARID","SALEDTE","PRICE","OLDOWN","OWNERNAME1","PARCELLOCATION","MAILINGNAME1","MAILINGNAME2","PADDR1","PADDR2","PADDR3","CLS","ACRES","TAXLAND","TAXBLDG","TAXTOTAL","ASMTLAND","ASMTBLDG","ASMTTOTL","DYTNCRDT"
"B02 00132 0006",27-JUL-10,002850000.00,"CROWN CREDIT COMPANY LTD","CENTER DRIVE LLC","750 CENTER DR","CENTER DRIVE LLC","","40 44 S WASHINGTON ST","","NEW BREMEN OH 45869","I",0002.96100,0000045580,0000336450,0000382030,0000130240,0000961280,0001091520,"N"
"B02 00132 0010",27-JUL-10,002850000.00,"CROWN CREDIT COMPANY LTD","CENTER DRIVE LLC","CENTER DR","CENTER DRIVE LLC","","40 44 S WASHINGTON ST","","NEW BREMEN OH 45869","I",0001.99900,0000030800,0000014670,0000045470,0000088000,0000041910,0000129910,"N"
"B02 00408 0018",30-JUN-10,000000000.00,"BROWING JAMES R","BRONING FAMILY LIMITED PARTNERSHIP","850 INDUSTRIAL PARK DR","BRONING FAMILY LIMITED PARTNERSHIP","","2560 GREENLEE RD","","TROY OH 45373","I",0001.15300,0000017760,0000111760,0000129520,0000050730,0000319310,0000370040,"N"
"B02 00508 0016",12-AUG-10,000000000.00,"DYBVIG R STANLEY TR ET AL 4","DYBVIG FAMILY INVESTMENTS LLC","INDUSTRIAL PARK DR","DYBVIG FAMILY INVESTMENTS LLC","","40 N MAIN ST","2000 KETTERING TOWER","DAYTON OH 45423","I",0006.94800,0000085600,0000006260,0000091860,0000244570,0000017880,0000262450,"N"
"B02 00508 0033",14-JUN-10,000027500.00,"SOPRAMCO III LLC","VISTA PROPERTIES MANAGEMENT LLC","INDUSTRIAL PARK DR","VISTA PROPERTIES MANAGEMENT LLC","","945 S BROWN SCHOOL RD","","VANDALIA OH 45377","I",0002.65500,0000042820,0000000000,0000042820,0000122350,0000000000,0000122350,"N"
"B02 00508 0055",30-JUL-10,000984491.00,"NORTRAX-GREAT LAKES, INC","MURFIN INC","1015 INDUSTRIAL PARK DR","MURFIN INC","","250 N WATER ST STE 300","","WICHITA KS 67202","I",0003.91470,0000060280,0000173580,0000233860,0000172220,0000495950,0000668170,"N"
"B02 01205 0024",03-FEB-10,003963710.00,"CHILDRENS GROUP REALTY CO","VANDALIA CG LLC","6400 SAND LAKE RD","VANDALIA CG LLC","","5915 MIDLOTHIAN TPKE","","RICHMOND VA 23225","I",0009.36700,0000196710,0001190590,0001387300,0000562020,0003401690,0003963710,"N"
"B02 01206 0031",20-JUL-10,000093000.00,"KALLENBERGER JOHN","FRY JERRY AND","6455 WEBSTER ST","FRY JERRY AND","MICHELLE","5759 WEAVER RD","","CINCINNATI OH 45103","I",0000.50000,0000010480,0000058920,0000069400,0000029940,0000168330,0000198270,"N"
"B02 01206 0031",25-JUN-10,000093000.00,"US BANK TRUST ASSOC C/O","KALLENBERGER JOHN","6455 WEBSTER ST","FRY JERRY AND","MICHELLE","5759 WEAVER RD","","CINCINNATI OH 45103","I",0000.50000,0000010480,0000058920,0000069400,0000029940,0000168330,0000198270,"N"
"C05 00411 0007",29-DEC-10,000855500.00,"JACKSON HARTLEY E III TR","3M COMPANY","CARR DR","3M COMPANY","3M CENTRE TAXES, BLDG. 224-5N-40","","","SAINT PAUL MN 55144","I",0000.18600,0000001600,0000000000,0000001600,0000004560,0000000000,0000004560,"N"
"C05 00412 0003",29-DEC-10,000855500.00,"JACKSON HARTLEY E III TR","3M COMPANY","CARR DR","JACKSON HARTLEY E III TR","","9777 BLUE LARKSPUR LN","","MONTEREY CA 93940","I",0001.86000,0000015620,0000000000,0000015620,0000044640,0000000000,0000044640,"N"
"C05 00412 0004",29-DEC-10,000855500.00,"JACKSON HARTLEY E III TR","3M COMPANY","270 CARR DR","JACKSON HARTLEY E III TR","","9777 BLUE LARKSPUR LN","","MONTEREY CA 93940","I",0001.86000,0000015620,0000133590,0000149210,0000044640,0000381690,0000426330,"N"
"C05 00501 0001",02-AUG-10,001800000.00,"MOSIER PROPERTIES LLC","DGTZ PARTNERS LLC","325 CARR DR","DGTZ PARTNERS LLC","","7106 CORPORATE WAY","","DAYTON OH 45459","I",0004.96000,0000041660,0000313490,0000355150,0000119040,0000895690,0001014730,"N"
"C05 00513 0018",28-OCT-10,045843775.00,"CRG -OH LLC","ARC PLBKVOH001 LLC","1 COLLECTIVE WAY","ARC PLBKVOH001 LLC","","1 COLLECTIVE WAY","","BROOKVILLE OH 45309","I",0058.48300,0000595790,0000000000,0000595790,0001702250,0000000000,0001702250,"N"
"E20 01107 0130",16-JUL-10,000025000.00,"LENZ JOHN L","LENZ INC","SALEM AVE","LENZ INC","","P O BOX 1044","","DAYTON OH 45401","I",0000.47600,0000005810,0000000000,0000005810,0000016600,0000000000,0000016600,"N"
"E20 17102B0112",01-NOV-10,000000000.00,"AVR HOLDINGS INC","COUNTY CORP","3977 SALEM AVE","COUNTY CORP","","130 W SEDCOND ST #1425","","DAYTON OH 45402","I",0000.00000,0000008620,0000030170,0000038790,0000024630,0000086210,0000110840,"N"
"E20 17102B0116",18-OCT-10,000000000.00,"SALEM INVESTMENTS INC","COUNTY CORP","PITTSBURG AVE","COUNTY CORP","","130 W SECOND ST STE 1420","","DAYTON OH 45402","I",0000.00000,0000002400,0000000000,0000002400,0000006850,0000000000,0000006850,"N"
"E20 17102B0117",18-OCT-10,000000000.00,"THOMAS TERRY L","COUNTY CORP","PITTSBURG AVE","COUNTY CORP","","130 W SECOND ST STE 1425","","DAYTON OH 45402","I",0000.00000,0000002430,0000000000,0000002430,0000006950,0000000000,0000006950,"N"
"E21 01002 0047",19-NOV-10,000000000.00,"MUSTANG DEVELOPMENT CO","HAWTHORNE DEVELOPMENT LLC","3353 3361 NEEDMORE RD","HAWTHORNE DEVELOPMENT LLC","","906 HARMAN AVE","","DAYTON OH 45419","I",0002.17000,0000027320,0000092490,0000119810,0000078070,0000264250,0000342320,"N"
"E21 01002 0112",22-MAR-10,000000000.00,"MINNEMAN PATRICIA A TR","MINNEMAN PATRICIA A TR","OBCO CT","MINNEMAN PATRICIA A TR","","PO BOX 13545","","DAYTON OH 45413","I",0000.43100,0000009460,0000004070,0000013530,0000027030,0000011620,0000038650,"N"
"E21 01010 0100",11-AUG-10,000166100.00,"DICKERSON CHARLES E AND","LAK CAPITAL INVESTMENTS LLC","ASHTREE LN","LAK CAPITAL INVESTMENTS LLC","","380 ACKERMAN BLVD STE 110","","DAYTON OH 45429","I",0000.45000,0000009990,0000000000,0000009990,0000028550,0000000000,0000028550,"N"
"E21 01010 0100",27-SEP-10,000000000.00,"LAK CAPITAL INVESTMENTS LLC","LAK CAPITAL INVESTMENTS LLC","ASHTREE LN","LAK CAPITAL INVESTMENTS LLC","","380 ACKERMAN BLVD STE 110","","DAYTON OH 45429","I",0000.45000,0000009990,0000000000,0000009990,0000028550,0000000000,0000028550,"N"
"E21 01010 0180",25-MAY-10,000000000.00,"INDUSTRIAL ELECTRIC","ATFH REAL PROPERTY LLC","5131 WEBSTER ST","ATFH REAL PROPERTY LLC","","345 JUPITER LAKE BLVD #300","","JUPITER FL 33458","I",0001.13200,0000017470,0000148840,0000166310,0000049900,0000425270,0000475170,"N"
"E21 01103 0050",14-MAY-10,000440000.00,"ABMD  LTD","D & S HARLAMERT ENTERPRISES LLC","2501 NEFF RD","D & S HARLAMERT ENTERPRISES LLC","","2612 KEENAN AVE","","DAYTON OH 45414","I",0005.25800,0000060450,0000408740,0000469190,0000172720,0001167820,0001340540,"N"
"E21 17304 0079",30-DEC-10,000000000.00,"LENZ JOHN L","WAGNER BRUCE A TR","2124 NEVA DR","DOUPLE DARYL R","","130 W 2ND ST STE 1900","","DAYTON OH 45402","I",0000.00000,0000012020,0000004110,0000016130,0000034340,0000011750,0000046090,"N"
"E21 17304 0079",30-DEC-10,000000000.00,"WAGNER BRUCE A TR","WAGNER BRUCE A","2124 NEVA DR","DOUPLE DARYL R","","130 W 2ND ST STE 1900","","DAYTON OH 45402","I",0000.00000,0000012020,0000004110,0000016130,0000034340,0000011750,0000046090,"N"
"E21 17304 0079",05-AUG-10,000000000.00,"DOUPLE DARYL R","LENZ JOHN L","2124 NEVA DR","DOUPLE DARYL R","","130 W 2ND ST STE 1900","","DAYTON OH 45402","I",0000.00000,0000012020,0000004110,0000016130,0000034340,0000011750,0000046090,"N"
"E21 24409 0001",22-MAR-10,000000000.00,"MINNEMAN PATRICIA A TR","MINNEMAN PATRICIA A TR","5680 WEBSTER ST","MINNEMAN PATRICIA A TR","","PO BOX 13545","","DAYTON OH 45413","I",0001.75900,0000024350,0000250930,0000275280,0000069570,0000716940,0000786510,"N"
"E21 24411 0005",29-JAN-10,000100000.00,"MARTIN GLENN H AND","FOUR S PROPERTIES LTD","3025 PRODUCTION CT","FOUR S PROPERTIES LTD","","2920 PRODUCTION CT","","DAYTON OH 45414","I",0000.00000,0000007140,0000045380,0000052520,0000020410,0000129650,0000150060,"N"
"H33 02301 0004",25-FEB-10,000030000.00,"SETTLE TIMOTHY MITCHEL","SOPRAMCO III REO LLC","1661 1665 GUENTHER RD","SOPRAMCO III REO LLC","","230 CROSSKEYS OFFICE PARK","","FAIRPORT NY 14450","I",0008.32000,0000036400,0000044360,0000080760,0000104000,0000126740,0000230740,"N"
"J44 04101 0033",06-DEC-10,000000000.00,"SNYDER ROBERT L ETAL CO TR","SNYDER LEE AND","CARDINGTON RD","SNYDER LEE AND","EMA ENTERPRISES LLC","2301 W DOROTHY LN","","DAYTON OH 45439","I",0037.09360,0000011680,0000000000,0000011680,0000033380,0000000000,0000033380,"N"
"J44 04101 0154",30-DEC-10,000000000.00,"MITCHELL AND STORER P L L","MITCHELL MARK L","2551 LANCE DR","MITCHELL & STORER P L L","","2551 LANCE DR","","DAYTON OH 45439","I",0001.01400,0000012110,0000025230,0000037340,0000034590,0000072080,0000106670,"N"
"J44 04101 0154",30-DEC-10,000000000.00,"MITCHELL MARK L","LANCE ROAD PROPERTY LLC","2551 LANCE DR","MITCHELL & STORER P L L","","2551 LANCE DR","","DAYTON OH 45439","I",0001.01400,0000012110,0000025230,0000037340,0000034590,0000072080,0000106670,"N"
"J44 04103 0106",01-DEC-10,000000000.00,"GABRIELSON THOMAS A","GABRIELSON ENTERPRISES LLC","1948 W DOROTHY LN","GABRIELSON ENTERPRISES LLC","","674 DOE CROSSING LANE","","DAYTON OH 45459","I",0000.00000,0000024860,0000029310,0000054170,0000071020,0000083750,0000154770,"N"
"J44 04103 0106",29-JUN-10,000000000.00,"GABRIELSON GERALDINE A","GABRIELSON THOMAS A","1948 W DOROTHY LN","GABRIELSON ENTERPRISES LLC","","674 DOE CROSSING LANE","","DAYTON OH 45459","I",0000.00000,0000024860,0000029310,0000054170,0000071020,0000083750,0000154770,"N"
"J44 04105 0005",22-JAN-10,001900696.00,"2290 ARBOR BLVD BLDG 26 LLC","NW-ARBOR BLVD LLC","2290 ARBOR BLVD","NW-ARBOR BLVD LLC","","1 NATIONWIDE PLZ","1-5-703","COLUMBUS OH 43215","I",0003.88900,0000043270,0000393910,0000437180,0000123630,0001125470,0001249100,"N"
"J44 04105 0087",22-JAN-10,001900696.00,"2290 ARBOR BLVD BLDG 26 LLC","NW-ARBOR BLVD LLC","ARBOR BLVD","NW-ARBOR BLVD LLC","","1 NATIONWIDE PLZ","1-5-703","COLUMBUS OH 43215","I",0000.87800,0000015370,0000000000,0000015370,0000043900,0000000000,0000043900,"N"
"J44 04106 0025",04-AUG-10,000335000.00,"MALCOLM JAMES B","3B LLC","2823 NORTHLAWN AVE","3B LLC","","1191 RIDGEWAY RD","","DAYTON OH 45419","I",0001.50000,0000032700,0000052230,0000084930,0000093440,0000149220,0000242660,"N"
"J44 04106 0094",16-MAR-10,000000000.00,"4200 EAST RIVER ROAD LTD","THRIVENT FINANCIAL FOR LUTHERANS","4200 4250 EAST RIVER RD","THRIVENT FINANCIAL FOR LUTHERANS","","625 FOURTH AVE","","MINNEAPOLIS MN 55454","I",0005.02000,0000074980,0000471500,0000546480,0000214240,0001347150,0001561390,"N"
"J44 28212 0004",12-MAY-10,000040000.00,"BADGER JOHN R TR","ENCRETE PROPERTIES LLC","W DOROTHY LN","ENCRETE PROPERTIES LLC","","2301 W DOROTHY LN","","DAYTON OH 45439","I",0001.78100,0000017130,0000000000,0000017130,0000048950,0000000000,0000048950,"N"
"J44 28215 0004",29-OCT-10,002900000.00,"SANDRIDGE PROPERTY LLC","FEZCO SANDRIDGE LLC","2308 SANDRIDGE DR","FEZCO SANDRIDGE LLC","","5335 FAR HILLS AVE STE 300","","DAYTON OH 45429","I",0005.73900,0000090890,0000570560,0000661450,0000259690,0001630170,0001889860,"N"
"J44 28215 0004",29-OCT-10,000000000.00,"SANDRIDGE PROPERTY LLC","SANDRIDGE PROPERTY LLC","2308 SANDRIDGE DR","FEZCO SANDRIDGE LLC","","5335 FAR HILLS AVE STE 300","","DAYTON OH 45429","I",0005.73900,0000090890,0000570560,0000661450,0000259690,0001630170,0001889860,"N"
"K45 02605 0008",09-MAR-10,000000000.00,"VICTORY 4 LLC ET AL 3","VICTORY 4 LLC ET AL 3","MIAMISBURG SPRINGBORO RD","VICTORY 4 LLC ET AL 3","","8163 OLD YANKEE RD SUITE B","","DAYTON OH 45458","I",0000.09900,0000000000,0000000000,0000000000,0000000000,0000000000,0000000000,"N"
"K46 00112 0083",03-FEB-10,000000000.00,"ADAMS MARLA K","BAYVIEW LOAN SERVICING LLC","SYCAMORE ST","ADAMS MARLA K","","310 MAPLE (REAR) AVE","","MIAMISBURG OH 45342","I",0000.00000,0000002350,0000000000,0000002350,0000006710,0000000000,0000006710,"N"
"K46 00217 0034",03-FEB-10,000000000.00,"ADAMS MARIA K","BAYVIEW LOAN SERVICING LLC","505 E PEARL ST","BAYVIEW LOAN SERVICING LLC","","4425 PONCE DE LEON BLVD","","MIAMI FL 33146","I",0000.00000,0000039450,0000031560,0000071010,0000112700,0000090160,0000202860,"N"
"K46 00217 0043",03-FEB-10,000000000.00,"ADAMS MARLA  K","BAYVIEW LOAN SERVICING LLC","540 ALLEY","ADAMS MARLA  K","","310 MAPLE (REAR) AVE","","MIAMISBURG OH 45342","I",0000.00000,0000003520,0000000000,0000003520,0000010060,0000000000,0000010060,"N"
"K46 00330 0022",05-MAR-10,000000000.00,"SPARKS JULIE L ET AL 5","LEYES LLC","219 S SECOND ST","LEYES LLC","","202 E LINDEN AVE","","MIAMISBURG OH 45342","I",0000.34730,0000011650,0000033070,0000044720,0000033280,0000094490,0000127770,"N"
"K46 01626 0002",18-NOV-10,000075000.00,"BUHRMAN ROBERT P AND","MIAMI RIVER ENTERPRISES LLC","RIVERVIEW AVE","MIAMI RIVER ENTERPRISES LLC","","1202 PINE KNOLL CT","","MIAMISBURG OH 45342","I",0003.43400,0000021150,0000000000,0000021150,0000060440,0000000000,0000060440,"N"
"K48 00106 0077",16-FEB-10,000000000.00,"WEST CARROLLTON PARCHMENT COMPANY","AHLSTROM WEST CARROLLTON LLC","1 S ELM ST","AHLSTROM WEST CARROLLTON LLC","","P O BOX 98","","DAYTON OH 45449","I",0001.06100,0000018570,0000051430,0000070000,0000053050,0000146950,0000200000,"N"
"K48 00109 0007",16-FEB-10,000000000.00,"WEST CARROLLTON PARCHMENT","AHLSTROM WEST CARROLLTON LLC","1 S ELM ST","AHLSTROM WEST CARROLLTON LLC","","P O BOX 98","","DAYTON OH 45449","I",0000.00000,0000012820,0000184080,0000196900,0000036640,0000525940,0000562580,"N"
"K48 00508 0086",13-JAN-10,000000000.00,"DERR GERALDINE M TR","THE MIAMI CONSERVANCY DISTRICT","5219 SPRINGBORO PIKE","THE MIAMI CONSERVANCY DISTRICT","","38 E MONUMENT AVE","","DAYTON OH 45402","I",0000.17700,0000001690,0000000000,0000001690,0000004820,0000000000,0000004820,"N"
"K48 00806 0003",17-MAY-10,000000000.00,"SCHULTZ GENEVIEVE L","JACK AND JENNY LLC","FAME RD","JACK AND JENNY LLC","","20 ANTRIM DELLS","","SPRINGBORO OH 45066","I",0001.28700,0000028900,0000008300,0000037200,0000082560,0000023710,0000106270,"N"
"K48 00807 0005",17-MAY-10,000000000.00,"SCHULTZ JOHN F AND","JACK AND JENNY LLC","401 FAME RD","JACK AND JENNY LLC","","20 ANTRIM DELLS RD","","DAYTON OH 45449","I",0000.46000,0000015480,0000000000,0000015480,0000044220,0000000000,0000044220,"N"
"K48 00807 0006",17-MAY-10,000000000.00,"SCHULTZ JOHN F AND","JACK AND JENNY LLC","401 FAME RD","JACK AND JENNY LLC","","20 ANTRIM DELLS","","SPRINGBORO OH 45066","I",0001.25000,0000028000,0000285920,0000313920,0000080000,0000816910,0000896910,"N"
"K48200920 0010",22-NOV-10,000000000.00,"BIEHN CHARLES S","SOUTHERN DARLENE R BIEHN TR","INFIRMARY RD","SOUTHERN DARLENE R BIEHN TR","","7394 WATERWAY DR","","WAYNESVILLE OH 45068","I",0002.62800,0000045990,0000000000,0000045990,0000131400,0000000000,0000131400,"N"
"M57 00714 0027",01-MAR-10,000250000.00,"JERNIGAN REALTY INC","WEBB DON W AND","225 SMITH DR","WEBB DON W AND","CLEO M","202 KATY LN","","ENGLEWOOD OH 45322","I",0001.12200,0000014200,0000000000,0000014200,0000040570,0000000000,0000040570,"N"
"M58100410 0004",14-SEP-10,000000000.00,"KAREN'S PROPERTY LLC","GO GRAVEL LLC","BALLINGER RD","GO GRAVEL LLC","","80 S PLUM ST","","TROY OH 45373","I",0032.11000,0000022530,0000002810,0000025340,0000064380,0000008020,0000072400,"N"
"M58100410 0007",05-NOV-10,000285369.00,"GO GRAVEL LLC","PHILLIPS VANDALIA LLC","555 OLD SPRINGFIELD RD","PHILLIPS VANDALIA LLC","","620 PHILLIPS DR","","DAYTON OH 45434","I",0003.09000,0000021630,0000000000,0000021630,0000061800,0000000000,0000061800,"N"
"M58100410 0007",14-SEP-10,000000000.00,"KAREN'S PROPERTY LLC","GO GRAVEL LLC","555 OLD SPRINGFIELD RD","PHILLIPS VANDALIA LLC","","620 PHILLIPS DR","","DAYTON OH 45434","I",0003.09000,0000021630,0000000000,0000021630,0000061800,0000000000,0000061800,"N"
"M58100410 0008",05-NOV-10,000285369.00,"GO GRAVEL LLC","PHILLIPS VANDALIA LLC","BALLINGER RD","PHILLIPS VANDALIA LLC","","620 PHILLIPS DR","","DAYTON OH 45434","I",0005.00000,0000002800,0000000000,0000002800,0000008000,0000000000,0000008000,"N"
"M58100410 0009",05-NOV-10,000285369.00,"GO GRAVEL LLC","PHILLIPS VANDALIA LLC","BALLINGER RD","PHILLIPS VANDALIA LLC","","620 PHILLIPS DR","","DAYTON OH 45434","I",0005.00000,0000003950,0000000000,0000003950,0000011280,0000000000,0000011280,"N"
"M58100410 0010",05-NOV-10,000285369.00,"GO GRAVEL LLC","PHILLIPS VANDALIA LLC","BALLINGER RD","GO GRAVEL LLC","","80 S PLUM ST","","TROY OH 45373","I",0002.93000,0000020510,0000000000,0000020510,0000058600,0000000000,0000058600,"N"
"M58100410 0010",14-SEP-10,000000000.00,"KAREN'S PROPERTY LLC","GO GRAVEL LLC","BALLINGER RD","GO GRAVEL LLC","","80 S PLUM ST","","TROY OH 45373","I",0002.93000,0000020510,0000000000,0000020510,0000058600,0000000000,0000058600,"N"
"M58100410 0012",05-NOV-10,000285369.00,"GO GRAVEL LLC","PHILLIPS VANDALIA LLC","BALLINGER RD","GO GRAVEL LLC","","80 S PLUM ST","","TROY OH 45373","I",0005.00000,0000003530,0000000000,0000003530,0000010080,0000000000,0000010080,"N"
"M58100410 0012",14-SEP-10,000000000.00,"KAREN'S PROPERTY LLC","GO GRAVEL LLC","BALLINGER RD","GO GRAVEL LLC","","80 S PLUM ST","","TROY OH 45373","I",0005.00000,0000003530,0000000000,0000003530,0000010080,0000000000,0000010080,"N"
"M58100410 0013",14-SEP-10,000000000.00,"KAREN'S PROPERTY LLC","GO GRAVEL LLC","BALLINGER RD","GO GRAVEL LLC","","80 S PLUM ST","","TROY OH 45373","I",0005.00000,0000004200,0000000000,0000004200,0000012000,0000000000,0000012000,"N"
"M58100410 0013",05-NOV-10,000285369.00,"GO GRAVEL LLC","PHILLIPS VANDALIA LLC","BALLINGER RD","GO GRAVEL LLC","","80 S PLUM ST","","TROY OH 45373","I",0005.00000,0000004200,0000000000,0000004200,0000012000,0000000000,0000012000,"N"
"M58100410 0014",14-SEP-10,000000000.00,"KAREN'S PROPERTY LLC","GO GRAVEL LLC","BALLINGER RD","GO GRAVEL LLC","","80 S PLUM ST","","TROY OH 45373","I",0007.58600,0000006370,0000000000,0000006370,0000018210,0000000000,0000018210,"N"
"M58100410 0014",05-NOV-10,000285369.00,"GO GRAVEL LLC","PHILLIPS VANDALIA LLC","BALLINGER RD","GO GRAVEL LLC","","80 S PLUM ST","","TROY OH 45373","I",0007.58600,0000006370,0000000000,0000006370,0000018210,0000000000,0000018210,"N"
"M58100410 0021",05-NOV-10,000285369.00,"GO GRAVEL LLC","PHILLIPS VANDALIA LLC","BALLINGER RD","GO GRAVEL LLC","","7900 S KESSLER RD","","TIPP CITY OH 45371","I",0079.28700,0000074010,0000000000,0000074010,0000211460,0000000000,0000211460,"N"
"M58100410 0026",05-NOV-10,000285369.00,"GO GRAVEL LLC","PHILLIPS VANDALIA LLC","BALLINGER RD","PHILLIPS VANDALIA LLC","","620 PHILLIPS DR","","DAYTON OH 45434","I",0033.92100,0000018430,0000000000,0000018430,0000052670,0000000000,0000052670,"N"
"M58100411 0002",14-SEP-10,000000000.00,"KAREN'S PROPERTY LLC","GO GRAVEL LLC","555 OLD SPRINGFIELD RD","GO GRAVEL LLC","","80 S PLUM ST","","TROY OH 45373","I",0035.72800,0000013910,0000000000,0000013910,0000039730,0000000000,0000039730,"N"
"M60 03206 0056",08-MAR-10,000000000.00,"CITY OF CLAYTON","CATERPILLAR INC","HOKE RD","CATERPILLAR INC","","100 NE ADAMS","","PEORIA IL 61629","I",0162.29200,0000397610,0000000000,0000397610,0001136040,0000000000,0001136040,"N"
"N65 02113 0014",08-FEB-10,000000000.00,"MANTYCH KATHLEEN D AND","MANTYCH LLC","PLAINFIELD RD","MANTYCH LLC","","3175 PLAINFIELD RD","","DAYTON OH 45432","I",0000.00000,0000012620,0000014100,0000026720,0000036070,0000040280,0000076350,"N"
"N65 03922 0002",05-FEB-10,000000000.00,"KORNATOSKI HENRY J TR","KOCI LAWRENCE G","3186 PLAINFIELD RD","KOCI LAWRENCE G TR","","1719 CEDAR RIDGE RD","","SPRING VALLEY OH 45370","I",0001.15700,0000024300,0000032370,0000056670,0000069420,0000092480,0000161900,"N"
"N65 03922 0002",09-MAR-10,000000000.00,"KOCI LAWRENCE G","KOCI LAWRENCE G TR","3186 PLAINFIELD RD","KOCI LAWRENCE G TR","","1719 CEDAR RIDGE RD","","SPRING VALLEY OH 45370","I",0001.15700,0000024300,0000032370,0000056670,0000069420,0000092480,0000161900,"N"
"O67 03604 0004",13-JUL-10,000000000.00,"MOUNT RICHARD A","MOUNT RICHARD A","11125 YANKEE ST","MOUNT RICHARD A","","11125 YANKEE ST","","DAYTON OH 45458-3580","I",0035.05100,0000052580,0000677110,0000729690,0000150230,0001934590,0002084820,"N"
"O67 03710 0076",07-JAN-10,000000000.00,"SEPTEMBER PARTNERSHIP","SEPTEMBER GROUP LLC","354 CONGRESS PARK DR","SEPTEMBER GROUP LLC","","2122 PELWOOD DR","","DAYTON OH 45459","I",0002.92300,0000085160,0000170050,0000255210,0000243320,0000485860,0000729180,"N"
"O67 03710 0086",15-DEC-10,000122000.00,"DUTCHER JACK L TR","440 CONGRESS PARK LLC","451 CONGRESS PARK    DR","440 CONGRESS PARK LLC","","451 CONGRESS PARK DR","","DAYTON OH 45459","I",0000.59600,0000025900,0000022910,0000048810,0000073990,0000065460,0000139450,"N"
"O68 01302 0005",05-MAY-10,000299200.00,"B & B QUALITY TOOL LTD","LAK ENTERPRISES II LLC","7989 S SUBURBAN RD","LAK ENTERPRISES II LLC","","3080 ACKERMAN BLVD","","DAYTON OH 45429","I",0001.00000,0000024750,0000154250,0000179000,0000070700,0000440700,0000511400,"N"
"P70 01217 0018",15-OCT-10,000000000.00,"ATER JAMES G AND","ATER JAMES G AND","7601 CENTER POINT 70 BLVD","ENMAN TOOL AND DIE LLC","","500 NEWMAN ST","","MANSFIELD OH 44902","I",0005.00000,0000056880,0000153190,0000210070,0000162500,0000437680,0000600180,"N"
"P70 01217 0018",15-OCT-10,000475000.00,"ATER JAMES G AND","ENMAN TOOL AND DIE LLC","7601 CENTER POINT 70 BLVD","ENMAN TOOL AND DIE LLC","","500 NEWMAN ST","","MANSFIELD OH 44902","I",0005.00000,0000056880,0000153190,0000210070,0000162500,0000437680,0000600180,"N"
"P70 04006 0110",22-SEP-10,002339000.00,"KOHLER MARSHA STUDEBAKER","TRIMBLE NAVIGATION LIMITED","5475 KELLENBURGER RD","TRIMBLE NAVIGATION LIMITED","","P O BOX 3642","","SUNNYVALE CA 94088","I",0003.59900,0000045350,0000559010,0000604360,0000129560,0001597180,0001726740,"N"
"P70 04009 0081",04-NOV-10,000296442.00,"F M S COMPANY","WANG WEN H","4470 TAYLORSVILLE RD","WANG WEN H","","4470 TAYLORSVILLE RD","","DAYTON OH 45424","I",0003.56500,0000025090,0000151230,0000176320,0000071680,0000432080,0000503760,"N"
"R72 00612 0096",29-DEC-10,000316000.00,"P AND H ENTERPRISES","DAYTON MAILING SERVICES LLC","328 BACON ST","P AND H ENTERPRISES","","100 S KEOWEE ST","","DAYTON OH 45402-2241","I",0000.00000,0000009110,0000028960,0000038070,0000026040,0000082730,0000108770,"N"
"R72 00612 0100",29-DEC-10,000316000.00,"P AND H ENTERPRISES","DAYTON MAILING SERVICES LLC","100 S KEOWEE ST","P AND H ENTERPRISES","","100 S KEOWEE ST","","DAYTON OH 45402-2241","I",0000.00000,0000012240,0000068250,0000080490,0000034980,0000194990,0000229970,"N"
"R72 00809 0033",30-NOV-10,000440000.00,"FORDYCE ANGELA A","COUCH MANAGEMENT ENTERPRISES LLC","E SECOND ST","COUCH MANAGEMENT ENTERPRISES LLC","","7642 WINDING WAY N","","TIPP CITY OH 45371","I",0000.00000,0000001460,0000000000,0000001460,0000004160,0000000000,0000004160,"N"
"R72 00809 0034",30-NOV-10,000440000.00,"FORDYCE ANGELA A","COUCH MANAGEMENT ENTERPRISES LLC","32 BATES ST","COUCH MANAGEMENT ENTERPRISES LLC","","7642 WINDING WAY N","","TIPP CITY OH 45371","I",0000.00000,0000001460,0000000000,0000001460,0000004160,0000000000,0000004160,"N"
"R72 00809 0035",30-NOV-10,000440000.00,"FORDYCE ANGELA A","COUCH MANAGEMENT ENTERPRISES LLC","938 E SECOND ST","COUCH MANAGEMENT ENTERPRISES LLC","","7642 WINDING WAY N","","TIPP CITY OH 45371","I",0000.00000,0000006930,0000000000,0000006930,0000019800,0000000000,0000019800,"N"
"R72 00809 0037",30-NOV-10,000440000.00,"FORDYCE ANGELA A","COUCH MANAGEMENT ENTERPRISES LLC","32 BATES ST","COUCH MANAGEMENT ENTERPRISES LLC","","7642 WINDING WAY N","","TIPP CITY OH 45371","I",0000.00000,0000008190,0000107800,0000115990,0000023400,0000308000,0000331400,"N"
"R72 00809 0050",30-NOV-10,000440000.00,"FORDYCE ANGELKA A","COUCH MANAGEMENT ENTERPRISES LLC","17 19 FRONT ST","COUCH MANAGEMENT ENTERPRISES LLC","","7642 WINDING WAY N","","TIPP CITY OH 45371","I",0000.00000,0000002050,0000005300,0000007350,0000005860,0000015130,0000020990,"N"
"R72 00809 0051",30-NOV-10,000440000.00,"FORDYCE ANGELA A","COUCH MANAGEMENT ENTERPRISES LLC","49 FRONT ST","COUCH MANAGEMENT ENTERPRISES LLC","","7642 WINDING WAY N","","TIPP CITY OH 45371","I",0000.00000,0000005480,0000023980,0000029460,0000015660,0000068510,0000084170,"N"
"R72 00903 0001",08-JUN-10,000000000.00,"ECOLOGICAL SERVICES OF","DAYTON CITY OF","537 E MONUMENT AVE","DAYTON CITY OF","","P O BOX 22","","DAYTON OH 45401","I",0001.44800,0000061110,0000003500,0000064610,0000174590,0000010000,0000184590,"N"
"R72 01004 0047",30-DEC-10,000500000.00,"JOHN E STATEN PROPERTIES","LIFE ENRICHMENT CENTER","425 N FINDLAY ST","JOHN E STATEN PROPERTIES","INC","495 BYERS RD","","MIAMISBURG OH 45342","I",0000.00000,0000063040,0000084590,0000147630,0000180120,0000241680,0000421800,"N"
"R72 01004 0063",30-DEC-10,000500000.00,"JOHN E STATEN PROPERTIES","LIFE ENRICHMENT CENTER","FINDLAY ST","JOHN E STATEN PROPERTIES","INC","495 BYERS RD","","MIAMISBURG OH 45342","I",0000.83400,0000014040,0000040910,0000054950,0000040120,0000116890,0000157010,"N"
"R72 01007 0001",18-OCT-10,000000000.00,"GEM CITY METAL","GEM CITY METAL","1825 E 1ST ST","GEM CITY METAL","TECHNOLOGIES LLC","1825 E FIRST ST","","DAYTON OH 45403","I",0000.00000,0000045360,0000360650,0000406010,0000129610,0001030430,0001160040,"N"
"R72 01105 0005",07-JAN-10,000000000.00,"WCR INCORPORATED","STEVENS OHIO PROPERTIES LLC","221 CRANE ST","STEVENS OHIO PROPERTIES LLC","","221 CRANE ST","","DAYTON OH 45403","I",0000.00000,0000017580,0000074050,0000091630,0000050240,0000211580,0000261820,"N"
"R72 01105 0022",07-JAN-10,000000000.00,"WCR INCORPORATED","STEVENS OHIO PROPERTIES LLC","216 CRANE ST","STEVENS OHIO PROPERTIES LLC","","221 CRANE ST","","DAYTON OH 45403","I",0000.00000,0000001400,0000000000,0000001400,0000003990,0000000000,0000003990,"N"
"R72 01105 0023",07-JAN-10,000000000.00,"WCR INCORPORATED","STEVENS OHIO PROPERTIES LLC","218 CRANE ST","STEVENS OHIO PROPERTIES LLC","","221 CRANE ST","","DAYTON OH 45403","I",0000.00000,0000001150,0000000000,0000001150,0000003280,0000000000,0000003280,"N"
"R72 01105 0024",07-JAN-10,000000000.00,"WCR INCORPORATED","STEVENS OHIO PROPERTIES LLC","220 CRANE ST","STEVENS OHIO PROPERTIES LLC","","221 CRANE ST","","DAYTON OH 45403","I",0000.00000,0000001150,0000000000,0000001150,0000003280,0000000000,0000003280,"N"
"R72 01105 0025",07-JAN-10,000000000.00,"WCR INCORPORATED","STEVENS OHIO PROPERTIES LLC","222 CRANE ST","STEVENS OHIO PROPERTIES LLC","","221 CRANE ST","","DAYTON OH 45403","I",0000.00000,0000001150,0000000000,0000001150,0000003280,0000000000,0000003280,"N"
"R72 01105 0026",07-JAN-10,000000000.00,"WCR INCORPORATED","STEVENS OHIO PROPERTIES LLC","224 CRANE ST","STEVENS OHIO PROPERTIES LLC","","221 CRANE ST","","DAYTON OH 45403","I",0000.00000,0000001150,0000000000,0000001150,0000003280,0000000000,0000003280,"N"
"R72 01105 0027",07-JAN-10,000000000.00,"WCR INCORPORATED","STEVENS OHIO PROPERTIES LLC","226 CRANE ST","STEVENS OHIO PROPERTIES LLC","","221 CRANE ST","","DAYTON OH 45403","I",0000.00000,0000001150,0000000000,0000001150,0000003280,0000000000,0000003280,"N"
"R72 01105 0028",07-JAN-10,000000000.00,"WCR INCORPORATED","STEVENS OHIO PROPERTIES LLC","228 CRANE ST","STEVENS OHIO PROPERTIES LLC","","221 CRANE ST","","DAYTON OH 45403","I",0000.00000,0000001150,0000000000,0000001150,0000003280,0000000000,0000003280,"N"
"R72 01105 0029",07-JAN-10,000000000.00,"WCR INCORPORATED","STEVENS OHIO PROPERTIES LLC","232 CRANE ST","STEVENS OHIO PROPERTIES LLC","","221 CRANE ST","","DAYTON OH 45403","I",0000.00000,0000001150,0000000000,0000001150,0000003280,0000000000,0000003280,"N"
"R72 01105 0030",07-JAN-10,000000000.00,"WCR INCORPRATED","STEVENS OHIO PROPERTIES LLC","234 CRANE ST","STEVENS OHIO PROPERTIES LLC","","221 CRANE ST","","DAYTON OH 45403","I",0000.00000,0000001700,0000000000,0000001700,0000004850,0000000000,0000004850,"N"
"R72 01105 0043",07-JAN-10,000000000.00,"WCR INCORPORATED","STEVENS OHIO PROPERTIES LLC","CRANE ST","STEVENS OHIO PROPERTIES LLC","","221 CRANE ST","","DAYTON OH 45403","I",0000.00000,0000007790,0000000000,0000007790,0000022260,0000000000,0000022260,"N"
"R72 01601 0005",02-FEB-10,000300000.00,"CAPERNA FAMILY LIMITED","CHAMINADE-JULIENNE HIGH SCHOOL INC","77 EAKER ST","CHAMINADE-JULIENNE HIGH SCHOOL INC","","505 S LUDLOW ST","","DAYTON OH 45402","I",0000.00000,0000020370,0000077090,0000097460,0000058200,0000220250,0000278450,"N"
"R72 01802 0007",31-MAR-10,000000000.00,"WORNER JACOB E","WORNER JACOB E","57 61 JOE ST","GOODWILL EASTER SEALS","MIAMI VALLEY","1511 KUNTZ RD","","DAYTON OH 45404","I",0000.00000,0000011310,0000017630,0000028940,0000032310,0000050370,0000082680,"N"
"R72 01802 0007",06-APR-10,000450000.00,"WORNER JACOB E","GOODWILL EASTER SEALS","57 61 JOE ST","GOODWILL EASTER SEALS","MIAMI VALLEY","1511 KUNTZ RD","","DAYTON OH 45404","I",0000.00000,0000011310,0000017630,0000028940,0000032310,0000050370,0000082680,"N"
"R72 01803 0007",06-APR-10,000450000.00,"WORNER JACOB E","GOODWILL EASTER SEALS","18 E LINCOLN ST","GOODWILL EASTER SEALS","MIAMI VALLEY","1511 KUNTZ RD","","DAYTON OH 45404","I",0000.00000,0000003560,0000000910,0000004470,0000010170,0000002590,0000012760,"N"
"R72 01803 0008",06-APR-10,000450000.00,"WORNER JACOB E","GOODWILL EASTER SEALS","22 LINCOLN ST","GOODWILL EASTER SEALS","MIAMI VALLEY","1511 KUNTZ RD","","DAYTON OH 45404","I",0000.00000,0000003560,0000000910,0000004470,0000010170,0000002590,0000012760,"N"
"R72 01803 0009",06-APR-10,000450000.00,"WORNER JACOB E","GOODWILL EASTER SEALS","26 LINCOLN ST","GOODWILL EASTER SEALS","MIAMI VALLEY","1511 KUNTZ RD","","DAYTON OH 45404","I",0000.00000,0000003560,0000000910,0000004470,0000010170,0000002590,0000012760,"N"
"R72 01803 0010",06-APR-10,000450000.00,"WORNER JACOB E","GOODWILL EASTER SEALS","LINCOLN ST","GOODWILL EASTER SEALS","MIAMI VALLEY","1511 KUNTZ RD","","DAYTON OH 45404","I",0000.00000,0000003560,0000000910,0000004470,0000010170,0000002590,0000012760,"N"
"R72 01803 0011",06-APR-10,000450000.00,"WORNER JACOB E","GOODWILL EASTER SEALS","LINCOLN ST","GOODWILL EASTER SEALS","MIAMI VALLEY","1511 KUNTZ RD","","DAYTON OH 45404","I",0000.00000,0000003560,0000000910,0000004470,0000010170,0000002590,0000012760,"N"
"R72 03911 0029",20-DEC-10,000000000.00,"WILLIAMS RONALD E AND","WILLIAMS W CAROL","1615 TACOMA ST","WILLIAMS W CAROL","","702 N GALLOWAY ST","","XENIA OH 45385","I",0000.00000,0000006360,0000023260,0000029620,0000018180,0000066460,0000084640,"N"
"R72 04203 0031",28-SEP-10,000006800.00,"MOUNT DALLAS E","BRYANT JANICE E","9 DAVIS AVE","BRYANT JANICE E","","11 DAVIS AVE","","DAYTON OH 45403","I",0000.00000,0000003210,0000000000,0000003210,0000009180,0000000000,0000009180,"N"
"R72 04401 0009",24-SEP-10,000000000.00,"CROWE INDUSTRIES INC","RETAKE YOUR CITY","216 S TORRENCE ST","RETAKE YOUR CITY","","216 S TORRENCE ST","","DAYTON OH 45403","I",0002.41700,0000039280,0000375280,0000414560,0000112230,0001072230,0001184460,"N"
"R72 04813 0011",21-DEC-10,000000000.00,"LOWE JEFFREY A","KURIGER RUSSELL B","1450 SPRINGFIELD ST","KURIGER RUSSELL B","","3927 STRALEY RD","","XENIA OH 45385","I",0000.00000,0000002560,0000000000,0000002560,0000007310,0000000000,0000007310,"N"
"R72 04813 0012",21-DEC-10,000000000.00,"LOWE JEFFREY A","KURIGER RUSSELL B","1450 SPRINGFIELD ST","KURIGER RUSSELL B","","3927 STRALEY RD","","XENIA OH 45385","I",0000.00000,0000002450,0000018530,0000020980,0000006990,0000052930,0000059920,"N"
"R72 04906 0016",27-APR-10,000000000.00,"BOWERS JOHN L","BOWERS JOHN S AND","908 PRUDEN AVE","BOWERS JOHN S AND","CARMEN M","122 RENAISSANCE CT","","XENIA OH 45385","I",0000.00000,0000002170,0000001030,0000003200,0000006190,0000002930,0000009120,"N"
"R72 04906 0017",27-APR-10,000000000.00,"BOWERS JOHN L","BOWERS JOHN S AND","912 PRUDEN AVE","BOWERS JOHN S AND","CARMEN M","122 RENAISSANCE CT","","XENIA OH 45385","I",0000.00000,0000002170,0000001030,0000003200,0000006190,0000002930,0000009120,"N"
"R72 04907 0045",08-SEP-10,000000000.00,"MAYS DORIS A TRUSTEE","MAYS ROBERT F TR","600 N IRWIN ST","MAYS ROBERT F TR","","364 YANKEE TRACE DR","","DAYTON OH 45458","I",0000.00000,0000019110,0000117850,0000136960,0000054600,0000336720,0000391320,"N"
"R72 04907 0046",08-SEP-10,000000000.00,"MAYS DORIS A TRUSTEE","MAYS ROBERT F TR","600 604 N IRWIN ST","MAYS ROBERT F TR","","364 YANKEE TRACE DR","","DAYTON OH 45458","I",0000.00000,0000030370,0000138640,0000169010,0000086770,0000396120,0000482890,"N"
"R72 04907 0047",08-SEP-10,000000000.00,"MAYS DORIS A TRUSTEE","MAYS ROBERT F TR","IRWIN ST","MAYS ROBERT F TR","","364 YANKEE TRACE DR","","DAYTON OH 45458","I",0000.00000,0000018860,0000098120,0000116980,0000053890,0000280350,0000334240,"N"
"R72 05503 0013",12-JUL-10,000054000.00,"ALPHA PROPERTY MANAGEMENT LLC","LIBERTY SAVINGS BANK FSB","800 WEBSTER ST","LIBERTY SAVINGS BANK FSB","","2251 ROMBACH AVE","","WILMINGTON OH 45177","I",0000.00000,0000001260,0000000130,0000001390,0000003600,0000000380,0000003980,"N"
"R72 05503 0014",12-JUL-10,000054000.00,"ALPHA PROPERTY MANAGEMENT LLC","LIBERTY SAVINGS BANK FSB","800 WEBSTER ST","LIBERTY SAVINGS BANK FSB","","2251 ROMBACH AVE","","WILMINGTON OH 45177","I",0000.00000,0000005050,0000026210,0000031260,0000014420,0000074880,0000089300,"N"
"R72 05607 0006",17-FEB-10,000000000.00,"BRINKMAN CHARLES L TRUSTEE","BRINKMAN CHARLES L","325 KISER ST","BRINKMAN CHARLES L","","865 LONG RD","","XENIA OH 45385","I",0000.00000,0000021760,0000137830,0000159590,0000062170,0000393790,0000455960,"N"
"R72 05607 0006",17-FEB-10,000000000.00,"BRINKMAN CHARLES L","BRINKMAN CHARLES L","325 KISER ST","BRINKMAN CHARLES L","","865 LONG RD","","XENIA OH 45385","I",0000.00000,0000021760,0000137830,0000159590,0000062170,0000393790,0000455960,"N"
"R72 05607 0007",17-FEB-10,000000000.00,"BRINKMAN CHARLES L TRUSTEE","BRINKMAN CHARLES L","KISER ST","BRINKMAN CHARLES L","","865 LONG RD","","XENIA OH 45385","I",0001.31900,0000024610,0000000000,0000024610,0000070300,0000000000,0000070300,"N"
"R72 05704 0064",30-DEC-10,000000000.00,"HOHMAN PLATING & MFG INC","HOHMAN REAL ESTATE LLC","850 HILLROSE AVE","HOHMAN PLATING & MFG INC","","844 HILLROSE AVE","","DAYTON OH 45404-1132","I",0000.00000,0000002610,0000001400,0000004010,0000007470,0000004000,0000011470,"N"
"R72 05704 0090",30-DEC-10,000000000.00,"HOHMAN PLATING AND","HOHMAN REAL ESTATE LLC","703 LEO ST","HOHMAN PLATING AND","MFG CO INC","814 HILLROSE AVE","","DAYTON OH 45404","I",0000.00000,0000003930,0000007300,0000011230,0000011230,0000020860,0000032090,"N"
"R72 05704 0093",30-DEC-10,000000000.00,"HOHMAN PLATING AND MFG INC","HOHMAN REAL ESTATE LLC","729 LEO ST","HOHMAN PLATING AND MFG INC","","814 HILLROSE AVE","","DAYTON OH 45404-1132","I",0000.00000,0000001300,0000000000,0000001300,0000003710,0000000000,0000003710,"N"
"R72 05704 0094",30-DEC-10,000000000.00,"HOHMAN PLATING AND MFG INC","HOHMAN REAL ESTATE LLC","729 LEO ST","HOHMAN PLATING AND MFG INC","","814 HILLROSE AVE","","DAYTON OH 45404-1132","I",0000.00000,0000001300,0000000000,0000001300,0000003710,0000000000,0000003710,"N"
"R72 05704 0095",30-DEC-10,000000000.00,"HOHMAN PLATING AND MFG INC","HOHMAN REAL ESTATE LLC","721 LEO ST","HOHMAN PLATING AND MFG INC","","814 HILLROSE AVE","","DAYTON OH 45404-1132","I",0000.00000,0000001300,0000000000,0000001300,0000003710,0000000000,0000003710,"N"
"R72 05704 0096",30-DEC-10,000000000.00,"HOHMAN PLATING AND MFG INC","HOHMAN REAL ESTATE LLC","729 LEO ST","HOHMAN PLATING AND MFG INC","","814 HILLROSE AVE","","DAYTON OH 45404-1132","I",0000.00000,0000001300,0000000000,0000001300,0000003710,0000000000,0000003710,"N"
"R72 05704 0097",30-DEC-10,000000000.00,"HOHMAN PLATING AND MFG INC","HOHMAN REAL ESTATE LLC","720 LEO ST","HOHMAN PLATING AND MFG INC","","814 HILLROSE AVE","","DAYTON OH 45404-1132","I",0000.00000,0000001300,0000000490,0000001790,0000003710,0000001410,0000005120,"N"
"R72 05704 0098",30-DEC-10,000000000.00,"HOHMAN PLATING AND MFG INC","HOHMAN REAL ESTATE LLC","1111 HUNTER AVE","HOHMAN PLATING AND MFG INC","","814 HILLROSE AVE","","DAYTON OH 45404-1132","I",0000.00000,0000001380,0000001090,0000002470,0000003950,0000003120,0000007070,"N"
"R72 05706 0040",12-MAY-10,000000000.00,"WARNER MICHAEL A AND","SAGAMORE INVESTMENTS CO LLC","1270 MCCOOK AVE","SAGAMORE INVESTMENTS CO LLC","","418 TIMBERLEA TRCE","","DAYTON OH 45429","I",0000.00000,0000015640,0000046170,0000061810,0000044690,0000131910,0000176600,"N"
"R72 05706 0133",03-MAY-10,000000000.00,"WOESSER REAL ESTATE LLC","FIVE RIVERS METROPARKS","242 LEO ST","FIVE RIVERS METROPARKS","","1375 SIEBENTHALER","","DAYTON OH 45414","I",0001.49400,0000033380,0000111410,0000144790,0000095360,0000318310,0000413670,"N"
"R72 07906 0010",27-MAY-10,000000000.00,"FAITH DELIVERANCE CHURH OF GOD AND","AZIZ ABDUL H","W RIVERVIEW AVE","AZIZ ABDUL H","","701 N BROADWAY","","DAYTON OH 45402","I",0001.53700,0000005860,0000000000,0000005860,0000016740,0000000000,0000016740,"N"
"R72 08306 0032",25-FEB-10,000000000.00,"SIDIGU PHILISTER O","SIDIGU FRANCIS","W 2ND ST","SIDIGU FRANCIS","","921 BRIDGE ST","","DAYTON OH 45402","I",0000.00000,0000002000,0000000000,0000002000,0000005710,0000000000,0000005710,"N"
"R72 08308 0033",25-FEB-10,000000000.00,"SIDIGU PHILISTER O","SIDIGU FRANCIS","1427 W 2ND ST","SIDIGU FRANCIS","","921 BRIDGE ST","","DAYTON OH 45402","I",0000.00000,0000007020,0000000000,0000007020,0000020050,0000000000,0000020050,"N"
"R72 08502 0001",05-JAN-10,000000000.00,"RUMBARGER RICHARD","WRIGHT DUNBAR INC","800 812 W 3RD ST","WRIGHT DUNBAR INC","","1105 W THIRD ST","","DAYTON OH 45402","I",0000.00000,0000006990,0000051840,0000058830,0000019980,0000148100,0000168080,"N"
"R72 08502 0001",05-JAN-10,000000000.00,"RUMBARGER RICHARD TRUSTEE","RUMBARGER RICHARD","800 812 W 3RD ST","WRIGHT DUNBAR INC","","1105 W THIRD ST","","DAYTON OH 45402","I",0000.00000,0000006990,0000051840,0000058830,0000019980,0000148100,0000168080,"N"
"R72 08502 0006",05-JAN-10,000000000.00,"RUMBARGER RICHARD TRUSTEE","RUMBARGER RICHARD","MOUND ST","WRIGHT DUNBAR INC","","1105 W THIRD ST","","DAYTON OH 45402","I",0000.00000,0000000740,0000000450,0000001190,0000002110,0000001280,0000003390,"N"
"R72 08502 0006",05-JAN-10,000000000.00,"RUMBARGER RICHARD","WRIGHT DUNBAR INC","MOUND ST","WRIGHT DUNBAR INC","","1105 W THIRD ST","","DAYTON OH 45402","I",0000.00000,0000000740,0000000450,0000001190,0000002110,0000001280,0000003390,"N"
"R72 08502 0007",05-JAN-10,000000000.00,"RUMBARGER RICHARD","WRIGHT DUNBAR INC","MOUND ST","WRIGHT DUNBAR INC","","1105 W THIRD ST","","DAYTON OH 45402","I",0000.00000,0000000230,0000000000,0000000230,0000000660,0000000000,0000000660,"N"
"R72 08502 0007",05-JAN-10,000000000.00,"RUMBARGER RICHARD S TR","RUMBARGER RICHARD","MOUND ST","WRIGHT DUNBAR INC","","1105 W THIRD ST","","DAYTON OH 45402","I",0000.00000,0000000230,0000000000,0000000230,0000000660,0000000000,0000000660,"N"
"R72 08502 0024",05-JAN-10,000000000.00,"RUMBARGER RICHARD TRUSTEE","RUMBARGER RICHARD","HORACE ST","WRIGHT DUNBAR INC","","1105 W THIRD ST","","DAYTON OH 45402","I",0000.00000,0000001070,0000000590,0000001660,0000003050,0000001680,0000004730,"N"
"R72 08502 0024",05-JAN-10,000000000.00,"RUMBARGER RICHARD","WRIGHT DUNBAR INC","HORACE ST","WRIGHT DUNBAR INC","","1105 W THIRD ST","","DAYTON OH 45402","I",0000.00000,0000001070,0000000590,0000001660,0000003050,0000001680,0000004730,"N"
"R72 08502 0041",05-JAN-10,000000000.00,"RUMBARGER RICHARD TRUSTEE","RUMBARGER RICHARD","718 726 W 3RD ST","WRIGHT DUNBAR INC","","1105 W THIRD ST","","DAYTON OH 45402","I",0000.00000,0000004570,0000001760,0000006330,0000013070,0000005030,0000018100,"N"
"R72 08502 0041",05-JAN-10,000000000.00,"RUMBARGER RICHARD","WRIGHT DUNBAR INC","718 726 W 3RD ST","WRIGHT DUNBAR INC","","1105 W THIRD ST","","DAYTON OH 45402","I",0000.00000,0000004570,0000001760,0000006330,0000013070,0000005030,0000018100,"N"
"R72 08901 0063",05-NOV-10,000000000.00,"MAYO PLATING AND MFG INC","DAYTON CITY OF","1811 HOWELL AVE","DAYTON CITY OF","LAND REUTILIZATION PROGRAM","101 W 3RD ST","","DAYTON OH 45402","I",0000.00000,0000000240,0000000000,0000000240,0000000690,0000000000,0000000690,"N"
"R72 08901 0065",04-NOV-10,000000000.00,"MAYO PLATING AND MFG INC","DAYTON CITY OF","W 5TH ST","DAYTON CITY OF","LAND REUTILIZATION PROGRAM","101 W 3RD ST","","DAYTON OH 45402","I",0000.00000,0000000830,0000000000,0000000830,0000002370,0000000000,0000002370,"N"
"R72 08901 0091",04-NOV-10,000000000.00,"MAYO PLATING AND MFG INC","DAYTON CITY OF","HOWELL AVE","DAYTON CITY OF","LAND REUTILIZATION PROGRAM","101 W 3RD ST","","DAYTON OH 45402","I",0000.00000,0000000860,0000000000,0000000860,0000002470,0000000000,0000002470,"N"
"R72 10209 0047",08-JUL-10,000000000.00,"STANDARD REGISTER","STATE OH OHIO DEPT OF TRANSPORTAION","SMITH ST","STATE OH OHIO DEPT OF TRANSPORTAION","","505 S STC RT 741","","LEBANON OH 45036","I",0000.07430,0000000450,0000000000,0000000450,0000001290,0000000000,0000001290,"N"
"R72 10209 0050",08-JUL-10,000000000.00,"STANDARD REGISTER CO","STATE OH OHIO DEPT OF TRANSPORTAION","416 CAMPBELL ST","STATE OH OHIO DEPT OF TRANSPORTAION","","505 S STC RT 741","","LEBANON OH 45036","I",0000.00000,0000001530,0000000000,0000001530,0000004370,0000000000,0000004370,"N"
"R72 13601 0002",27-AUG-10,000150000.00,"VENTURA MIGUEL S AND","SANDY'S AUTO & TRUCK SERVICES INC","1541 S BROADWAY ST","SANDY'S AUTO & TRUCK SERVICES INC","","3053 SPRINGBORO RD","","DAYTON OH 45439","I",0000.00000,0000007240,0000064060,0000071300,0000020680,0000183020,0000203700,"N"
"R72 13603 0018",11-AUG-10,000320000.00,"MTD REALTY LLC","NEXUS REALTY LLC","1421 S BROADWAY ST","NEXUS REALTY LLC","","P O BOX 194","","SAINT PARIS OH 43072","I",0002.62300,0000010450,0000102730,0000113180,0000029850,0000293500,0000323350,"N"
"R72 15108 0021",08-SEP-10,000000000.00,"PLACKE CECILIA","PLACKE JOHN W AND","1424 LINDEN AVE","PLACKE JOHN W AND","JAMES D","1414 HOLLY AVE","","DAYTON OH 45410","I",0000.00000,0000007610,0000012590,0000020200,0000021750,0000035980,0000057730,"N"
"R72 16701 0001",13-AUG-10,000320000.00,"GIERHART GLENN W AND","KUNTZ ROAD LLC","2039 KUNTZ RD","KUNTZ ROAD LLC","","PO BOX 887 CT","","DAYTON OH 45401","I",0001.18800,0000038350,0000072200,0000110550,0000109560,0000206290,0000315850,"N"
"R72 16701 0001",29-DEC-10,000000000.00,"KUNTZ ROAD LLC","HEID AVENUE LLC","2039 KUNTZ RD","KUNTZ ROAD LLC","","PO BOX 887 CT","","DAYTON OH 45401","I",0001.18800,0000038350,0000072200,0000110550,0000109560,0000206290,0000315850,"N"
"R72 16701 0070",22-JUL-10,000800000.00,"H C INVESTMENTS","JANNEY ROAD LLC","220 JANNEY RD","JANNEY ROAD LLC","","P O BOX 887","","DAYTON OH 45401","I",0000.00000,0000033760,0000385460,0000419220,0000096450,0001101320,0001197770,"N"
"R72 16701 0078",22-JUL-10,000800000.00,"H C INVESTMENTS","JANNEY ROAD LLC","JANNEY RD","JANNEY ROAD LLC","","P O BOX 887","","DAYTON OH 45401","I",0002.62000,0000033260,0000000000,0000033260,0000095030,0000000000,0000095030,"N"
"R72 16701 0079",22-JUL-10,000800000.00,"H C INVESTMENTS","JANNEY ROAD LLC","JANNEY RD","JANNEY ROAD LLC","","P O BOX 887","","DAYTON OH 45401","I",0000.64200,0000004890,0000000000,0000004890,0000013980,0000000000,0000013980,"N"
"R72 16701 0080",22-JUL-10,000800000.00,"H C INVESTMENTS","JANNEY ROAD LLC","JANNEY RD","JANNEY ROAD LLC","","P O BOX 887","","DAYTON OH 45401","I",0000.89200,0000024560,0000000000,0000024560,0000070160,0000000000,0000070160,"N"
"R72 16702 0091",18-MAR-10,000000000.00,"WISE THOMAS H","TAVENER DIANA TR","KUNTZ RD","TAVENER DIANA AND","WILLIAM H WISE","4402 WOODPOINT CT","","DAYTON OH 45424","I",0000.00000,0000037970,0000000000,0000037970,0000108490,0000000000,0000108490,"N"
"R72 16702 0091",18-MAR-10,000000000.00,"TAVENER DIANA TR","TAVENER DIANA AND","KUNTZ RD","TAVENER DIANA AND","WILLIAM H WISE","4402 WOODPOINT CT","","DAYTON OH 45424","I",0000.00000,0000037970,0000000000,0000037970,0000108490,0000000000,0000108490,"N"
"R72 16702 0100",28-JUL-10,000450000.00,"MONTE A WILLIAMS, LLC","BLANG PROPERTIES LLC","1608 KUNTZ RD","BLANG PROPERTIES LLC","","1608 KUNTZ RD","","DAYTON OH 45404","I",0002.82500,0000052550,0000070010,0000122560,0000150150,0000200020,0000350170,"N"
"R72 17002 0012",13-AUG-10,000320000.00,"GIERHART GLENN W AND","KUNTZ ROAD LLC","KUNTZ RD","KUNTZ ROAD LLC","","PO BOX 887 CT","","DAYTON OH 45401","I",0000.00000,0000030350,0000002040,0000032390,0000086700,0000005830,0000092530,"N"
"R72 17003 0002",14-OCT-10,003100000.00,"DELPHI AUTOMOTIVE SYSTEM LLC","INDIANA METAL LLC","4701 WAGNER FORD RD","INDIANA METAL LLC","","1705 ASTOR AVE","","VILLA PARK IL 60181","I",0000.00000,0000610710,0000753960,0001364670,0001744890,0002154180,0003899070,"N"
"R72 17003 0018",14-OCT-10,003100000.00,"DELPHI AUTOMOTIVE SYSTEM LLC","INDIANA METAL LLC","WAGNER FORD RD","DELPHI AUTOMOTIVE SYSTEM LLC","","PO BOX 5082","","TROY MI 48007-5082","I",0002.00100,0000012950,0000000000,0000012950,0000037000,0000000000,0000037000,"N"
"R72 17003 0019",14-OCT-10,003100000.00,"DELPHI AUTOMOTIVE SYSTEM LLC","INDIANA METAL LLC","WAGNER FORD RD","DELPHI AUTOMOTIVE SYSTEM LLC","","PO BOX 5082","","TROY MI 48007-5082","I",0006.77300,0000043840,0000000000,0000043840,0000125250,0000000000,0000125250,"N"
"R72 17101 0006",20-SEP-10,000000000.00,"TEAGUE RAYMOND N","TEAGUE WILLIAM R AND","4239 HOOVER AVE","TEAGUE WILLIAM R AND","THOMAS R TEAGUE","4239 HOOVER AVE","","DAYTON OH 45417","I",0002.05500,0000012020,0000047920,0000059940,0000034350,0000136910,0000171260,"N"
"R72 17106 0002",20-MAY-10,000000000.00,"MTD REALTY LLC","MTD REALTY LLC","725 LILAC AVE","MTD REALTY LLC","","32 BRAELOCH WAY","","MONROE CT 06468","I",0003.74000,0000013850,0000183290,0000197140,0000039580,0000523680,0000563260,"N"
"R72 17615 0004",15-OCT-10,001000000.00,"SUDS VENTURES LLC","LI DAYTON LLC","1054 GATEWAY DR","LI DAYTON LLC","","401 JIM MORAN BLVD","","DEERFIELD BEACH FL 33442","I",0002.70600,0000029430,0000312180,0000341610,0000084080,0000891950,0000976030,"N"
"R72117011 0001",14-OCT-10,003100000.00,"DELPHI AUTOMOTIVE SYSTEM LLC","INDIANA METAL LLC","4845 WAGNER FORD RD","INDIANA METAL LLC","","1705 ASTOR AVE","","VILLA PARK IL 60181","I",0027.09400,0000192980,0000065560,0000258540,0000551360,0000187320,0000738680,"N"
"R72117011 0047",11-JAN-10,000000000.00,"FARES MARY SUTTON","FARES MARY SUTTON","3318 SUCCESSFUL WAY","FARES MARY SUTTON","","1056 GEORGIAN DR","","DAYTON OH 45429","I",0000.50500,0000009710,0000054160,0000063870,0000027750,0000154750,0000182500,"N"
"R72317119 0001",30-APR-10,000725000.00,"CAROLINA BUILDERS CORP","COLUMBIA PROPERTIES LTD","2194 NORTHWEST PKWY","COLUMBIA PROPERTIES LTD","","251 THUNDERHAWK CT","","DAYTON OH 45414","I",0019.97300,0000139810,0000336340,0000476150,0000399460,0000960960,0001360420,"N"
