"PARID","SALEDTE","PRICE","OLDOWN","OWNERNAME1","PARCELLOCATION","MAILINGNAME1","MAILINGNAME2","PADDR1","PADDR2","PADDR3","CLS","ACRES","TAXLAND","TAXBLDG","TAXTOTAL","ASMTLAND","ASMTBLDG","ASMTTOTL","DYTNCRDT"
"A01 00104 0117",12-AUG-10,000000000.00,"HEYNE JAMES E AND","HEYNE JAMES E AND","10546 KLEY RD","HEYNE JAMES E AND","DOROTHY J  TRS","10546 KLEY RD","","VANDALIA OH 45377","A",0033.90400,0000015860,0000067950,0000083810,0000045310,0000194150,0000239460,"N"
"A01 00104 0134",11-JAN-10,000000000.00,"BRIGNER MARGARET","LAKES DORSEY J TRUSTEE","852 MARTINDALE RD","BRIGNER MARGARET","","852 MARTINDALE RD","","VANDALIA OH 45377","A",0009.12300,0000000660,0000000000,0000000660,0000001880,0000000000,0000001880,"N"
"A01 00109 0009",06-MAY-10,000000000.00,"AMLIN DAVID A","AMLIN CHRISTY C TRUSTEE","8501 FREDERICK PIKE","AMLIN CHRISTY C TRUSTEE","","8501 FREDERICK PIKE","","DAYTON OH 45414","A",0011.76400,0000014260,0000057550,0000071810,0000040730,0000164430,0000205160,"N"
"A01 00110 0019",21-APR-10,000502700.00,"TIPP STONE INC","MEEKER FARMS LLC","7325 FREDERICK PIKE","MEEKER FARMS LLC","","327 S SECOND ST","","TIPP CITY OH 45371","A",0091.70000,0000159810,0000016140,0000175950,0000456590,0000046110,0000502700,"N"
"A01 00301 0012",22-NOV-10,000000000.00,"BROWN WILLIAM D AND","BROWN LINDA F","8475 DOG LEG RD","BROWN LINDA F","","7187 DOMINICAN DR","","DAYTON OH 45415","A",0015.49400,0000024720,0000045470,0000070190,0000070630,0000129910,0000200540,"N"
"A01 00311 0046",11-FEB-10,000135950.00,"","GRISEZ MARY ANN TR ET AL 6","DOG LEG RD","GRISEZ MARY ANN TR ET AL 4","","6935 FREDERICK PIKE","","DAYTON OH 45414","A",0041.53600,0000001790,0000000000,0000001790,0000005110,0000000000,0000005110,"N"
"A01 00311 0046",11-AUG-10,000000000.00,"GRISEZ MARY ANN TR ET AL 4","GRISEZ MARY ANN TR ET AL 4","DOG LEG RD","GRISEZ MARY ANN TR ET AL 4","","6935 FREDERICK PIKE","","DAYTON OH 45414","A",0041.53600,0000001790,0000000000,0000001790,0000005110,0000000000,0000005110,"N"
"A01 00311 0046",23-APR-10,000000000.00,"GRISEZ MARY ANN TR ET AL 6","GRISEZ MARY ANN TR ET AL 5","DOG LEG RD","GRISEZ MARY ANN TR ET AL 4","","6935 FREDERICK PIKE","","DAYTON OH 45414","A",0041.53600,0000001790,0000000000,0000001790,0000005110,0000000000,0000005110,"N"
"A01 00311 0046",30-JUL-10,000000000.00,"GRISEZ MARY ANN TR ET AL 5","GRISEZ MARY ANN TR ET AL 4","DOG LEG RD","GRISEZ MARY ANN TR ET AL 4","","6935 FREDERICK PIKE","","DAYTON OH 45414","A",0041.53600,0000001790,0000000000,0000001790,0000005110,0000000000,0000005110,"N"
"A01 00313 0003",10-NOV-10,000000000.00,"CLAPP CECILIA E TR","MONTGOMERY RITA M TR","6680 BRANTFORD RD","MONTGOMERY RITA M TR","","2701 COPPER-SMITH AVE","","DAYTON OH 45414","A",0014.36370,0000014310,0000049030,0000063340,0000040880,0000140090,0000180970,"N"
"A01 00313 0003",10-NOV-10,000142650.00,"MONTGOMERY RITA M TR","MONTGOMERY RITA M TR","6680 BRANTFORD RD","MONTGOMERY RITA M TR","","2701 COPPER-SMITH AVE","","DAYTON OH 45414","A",0014.36370,0000014310,0000049030,0000063340,0000040880,0000140090,0000180970,"N"
"B02 01015 0021",07-DEC-10,000000000.00,"HERTLEIN HERMAN","HERTLEIN THOMAS L AND","DOG LEG RD","HERTLEIN THOMAS L AND","DIANA L","9060 PETERS PIKE","","VANDALIA OH 45377","A",0037.69500,0000008990,0000000000,0000008990,0000025690,0000000000,0000025690,"N"
"B02 01015 0021",07-DEC-10,000000000.00,"HERTLEIN HERMAN","HERTLEIN HERMAN","DOG LEG RD","HERTLEIN THOMAS L AND","DIANA L","9060 PETERS PIKE","","VANDALIA OH 45377","A",0037.69500,0000008990,0000000000,0000008990,0000025690,0000000000,0000025690,"N"
"B02 01015 0021",07-DEC-10,000000000.00,"HERTLEIN THOMAS L AND","HERTLEIN THOMAS L AND","DOG LEG RD","HERTLEIN THOMAS L AND","DIANA L","9060 PETERS PIKE","","VANDALIA OH 45377","A",0037.69500,0000008990,0000000000,0000008990,0000025690,0000000000,0000025690,"N"
"C04 00507 0056",13-AUG-10,000000000.00,"ROWE EARL F","FRANK CAROL ANN","11617 NATIONAL RD","EARL F. ROWE","","3905 GATEWAY DR","","CLAYTON OH 45315","A",0003.77800,0000000640,0000000000,0000000640,0000001820,0000000000,0000001820,"N"
"C04 00602 0011",27-MAY-10,000000000.00,"SPITLER ESTHER C","DAWSON LUGENE E","9735 UPPER LEWISBURG SALEM RD","DAWSON LUGENE E","","1321 STONEY SPRINGS RD","","VANDALIA OH 45377","A",0031.96100,0000006070,0000000000,0000006070,0000017350,0000000000,0000017350,"N"
"C04 00603 0070",14-DEC-10,000000000.00,"LONG DIANE LYNN","LONG CURTIS J AND","NATIONAL RD","LONG CURTIS J AND","DIANE L","2789 GORDON LANDIS RD","","ARCANUM OH 45304","A",0000.74900,0000000180,0000000000,0000000180,0000000520,0000000000,0000000520,"N"
"C04 00605 0016",28-MAY-10,000000000.00,"REQUARTH ANN","TOKE RON","12277 UPPER LEWISBURG SALEM RD","TOKE RON","","5103 OLD SALEM RD","","CLAYTON OH 45315","A",0045.96000,0000018970,0000034160,0000053130,0000054210,0000097600,0000151810,"N"
"C04 00606 0005",13-AUG-10,000000000.00,"ROWE EARL F","FRANK CAROL ANN","11607 NATIONAL RD","EARL F. ROWE","","3905 GATEWAY DR","","CLAYTON OH 45315","A",0080.00000,0000016760,0000000000,0000016760,0000047890,0000000000,0000047890,"N"
"C04 00609 0019",19-OCT-10,000000000.00,"RILEY DONALD E TR AND","RILEY DONALD E AND","11740 UPPER LEWISBURG SALEM RD","RILEY DONALD E AND","GLORIA K","11860 UPPER LEWISBURG SALEM RD","","BROOKVILLE OH 45309","A",0008.01000,0000009870,0000022130,0000032000,0000028200,0000063230,0000091430,"N"
"C04 00609 0020",19-OCT-10,000000000.00,"RILEY DONALD E TR AND","RILEY DONALD E AND","11860 UPPER LEWISBURG SALEM RD","RILEY DONALD E AND","GLORIA K","11860 UPPER LEWISBURG SALEM RD","","BROOKVILLE OH 45309","A",0026.81000,0000014220,0000052290,0000066510,0000040640,0000149400,0000190040,"N"
"C05 00506 0003",19-AUG-10,000005330.00,"WALKER RAYMOND M","HJW HOLDINGS I LLC","UPPER LEWISBURG - SALEM RD","HJW HOLDINGS I LLC","","5745 GEORGETOWN VERONA RD","","LEWISBURG OH 45338","A",0000.33300,0000001870,0000000000,0000001870,0000005330,0000000000,0000005330,"N"
"C05 00616 0001",14-DEC-10,000000000.00,"LONG DIANE LYNN","LONG CURTIS J AND","7590 BROOKVILLE ARLINGTON PIKE","LONG CURTIS J AND","DIANE L","2789 GORDON LANDIS RD","","ARCANUM OH 45304","A",0050.78900,0000009710,0000000000,0000009710,0000027750,0000000000,0000027750,"N"
"C05 00616 0002",14-DEC-10,000000000.00,"LONG DIANE LYNN","LONG CURTIS J AND","RT 40","LONG CURTIS J AND","DIANE L","2789 GORDON LANDIS RD","","ARCANUM OH 45304","A",0015.07700,0000003500,0000000000,0000003500,0000009990,0000000000,0000009990,"N"
"C05 00616 0003",14-DEC-10,000000000.00,"LONG DIANE LYNN","LONG CURTIS J AND","ST RT 311","LONG CURTIS J AND","DIANE L","2789 GORDON LANDIS RD","","ARCANUM OH 45304","A",0009.65600,0000002320,0000000000,0000002320,0000006630,0000000000,0000006630,"N"
"C06 00402 0008",09-FEB-10,000555582.00,"MEYER H NOLAN TR","MEYER JAMES A","11879 HARTMAN RD","MEYER JAMES A","","7182 S STATE ROUTE 721","","HOUSTON OH 45333","A",0050.25950,0000011020,0000002100,0000013120,0000031480,0000006000,0000037480,"N"
"C06 00403 0008",09-FEB-10,000555582.00,"MEYER H NOLAN TR","MEYER JAMES A","11900 DAYTON GREENVILLE PIKE","MEYER JAMES A","","7182 STATE ROUTE 721","","LAURA OH 45337","A",0081.51400,0000019870,0000000000,0000019870,0000056770,0000000000,0000056770,"N"
"C06 00404 0002",01-SEP-10,000458294.00,"HOFFMAN SHARON E","MEYER PATRICIA A TR","9674 N COUNTY LINE RD","MEYER PATRICIA A TR","","P.O. BOX 309","","BROOKVILLE OH 45309","A",0050.00000,0000021940,0000036030,0000057970,0000062690,0000102940,0000165630,"N"
"C06 00404 0020",20-SEP-10,000245000.00,"BOWMAN DANIEL R AND","KAKOS MICHAEL R AND","9349 BALTIMORE PHILLIPSBURG RD","KAKOS MICHAEL R AND","AMY C","9349 BALTIMORE-PHILLIPSBURG RD","","BROOKVILLE OH 45309","A",0010.00000,0000014710,0000034140,0000048850,0000042030,0000097540,0000139570,"N"
"C06 00410 0022",09-JUN-10,000000000.00,"HOLP HAROLD E","ELKINS PAMELA S AND","8871 SWEET POTATO RIDGE RD","ELKINS PAMELA S AND","JEFFREY E","6359 BLUE ASH RD","","DAYTON OH 45414","A",0040.00000,0000017980,0000031810,0000049790,0000051370,0000090890,0000142260,"N"
"C06 00412 0005",27-JUL-10,000000000.00,"FULLENKAMP RICHARD J TRUSTEE","FULLENKAMP RICHARD J AND","6688 PHILLIPSBURG UNION RD","FULLENKAMP RICHARD J AND","WANDA J TRUSTEES","6688 PHILLIPSBURG UNION RD","","ENGLEWOOD OH 45322","A",0017.61800,0000011440,0000043940,0000055380,0000032680,0000125540,0000158220,"N"
"C06 00412 0005",27-JUL-10,000000000.00,"FULLENKAMP RICHARD J AND","FULLENKAMP RICHARD J TRUSTEE","6688 PHILLIPSBURG UNION RD","FULLENKAMP RICHARD J AND","WANDA J TRUSTEES","6688 PHILLIPSBURG UNION RD","","ENGLEWOOD OH 45322","A",0017.61800,0000011440,0000043940,0000055380,0000032680,0000125540,0000158220,"N"
"C06 00412 0007",27-JUL-10,000000000.00,"FULLENKAMP RICHARD J TRUSTEE","FULLENKAMP RICHARD J AND","PHILLIPSBURG UNION RD","FULLENKAMP RICHARD J AND","WANDA J TRUSTEES","6688 PHILLIPSBURG UNION RD","","ENGLEWOOD OH 45322","A",0015.00000,0000002790,0000000000,0000002790,0000007970,0000000000,0000007970,"N"
"C06 00412 0007",27-JUL-10,000000000.00,"FULLENKAMP RICHARD J AND","FULLENKAMP RICHARD J TRUSTEE","PHILLIPSBURG UNION RD","FULLENKAMP RICHARD J AND","WANDA J TRUSTEES","6688 PHILLIPSBURG UNION RD","","ENGLEWOOD OH 45322","A",0015.00000,0000002790,0000000000,0000002790,0000007970,0000000000,0000007970,"N"
"C06 00412 0009",28-OCT-10,000196317.00,"LUKACS DENISE ANN ET AL 3","WEBSTER MATTHEW T ETAL 4","PHILLIPSBURG UNION RD","WEBSTER MATTHEW T ETAL 4","","3937 SONORA RD RD","","LEWISBURG OH 45338","A",0043.13000,0000008980,0000000000,0000008980,0000025660,0000000000,0000025660,"N"
"C06 00412 0009",15-JUL-10,000000000.00,"NISWONGER WILMA J","LUKACS DENISE ANN ET AL 3","PHILLIPSBURG UNION RD","WEBSTER MATTHEW T ETAL 4","","3937 SONORA RD RD","","LEWISBURG OH 45338","A",0043.13000,0000008980,0000000000,0000008980,0000025660,0000000000,0000025660,"N"
"C06 00412 0077",15-JUL-10,000000000.00,"NISWONGER WILMA J","LUKACS DENISE ANN ET AL 3","PHILLIPSBURG UNION RD","WEBSTER MATTHEW T ETAL 4","","3937 SONORA RD RD","","LEWISBURG OH 45338","A",0000.49600,0000000020,0000000000,0000000020,0000000050,0000000000,0000000050,"N"
"C06 00412 0077",28-OCT-10,000196317.00,"LUKACS DENISE ANN ET AL 3","WEBSTER MATTHEW T ETAL 4","PHILLIPSBURG UNION RD","WEBSTER MATTHEW T ETAL 4","","3937 SONORA RD RD","","LEWISBURG OH 45338","A",0000.49600,0000000020,0000000000,0000000020,0000000050,0000000000,0000000050,"N"
"C06 00501 0010",01-NOV-10,000348750.00,"SILVERTHORNE ERNEST P","MEYER JAMES A TRUSTEE","LANDIS RD","MEYER JAMES A TRUSTEE","","7182 ST RT 721","","LAURA OH 45337","A",0077.54100,0000016540,0000000000,0000016540,0000047270,0000000000,0000047270,"N"
"C06 00501 0026",28-MAY-10,000000000.00,"REQUARTH ANN","TOKE RON","DAYTON GREENVILLE PIKE","TOKE RON","","5103 OLD SALEM RD","","CLAYTON OH 45315","A",0023.39400,0000024300,0000000000,0000024300,0000069440,0000000000,0000069440,"N"
"C06 00504 0008",18-OCT-10,000000000.00,"PAULA JOAN GOOD","GOOD PAULA J AND","ARLINGTON RD","GOOD PAULA J AND","DOUGLAS L TRUSTEE","8058 E TROY URBANA RD","","CASSTOWN OH 45312","A",0008.42000,0000002120,0000000000,0000002120,0000006070,0000000000,0000006070,"N"
"C06 00504 0014",18-OCT-10,000000000.00,"GOOD PAULA JOAN ET AL 5","GOOD PAULA J AND","9143 ARLINGTON RD","GOOD PAULA JOAN ET AL 5","","8058 E TROY/URBANA RD","","CASSTOWN OH 45312","A",0013.18000,0000011550,0000031760,0000043310,0000033010,0000090750,0000123760,"N"
"C06 00504 0032",18-MAY-10,000034000.00,"SMITH DWIGHT S AND","FEDERAL HOME LOAN","9350 DODSON RD","BITTORF DONALD T","","9350 DODSON RD","","BROOKVILLE OH 45309","A",0002.02000,0000011880,0000026420,0000038300,0000033950,0000075490,0000109440,"N"
"C06 00504 0032",09-JUN-10,000044200.00,"FEDERAL HOME LOAN","BITTORF DONALD T","9350 DODSON RD","BITTORF DONALD T","","9350 DODSON RD","","BROOKVILLE OH 45309","A",0002.02000,0000011880,0000026420,0000038300,0000033950,0000075490,0000109440,"N"
"C06 00504 0034",10-MAY-10,000092000.00,"HULL BRYAN K","FEDERAL NATIONAL MORTGAGE ASSOC","9651 WENGERLAWN RD","COOK AMY","","9651 WENGERLAWN RD","","BROOKVILLE OH 45309","A",0007.19400,0000009930,0000031170,0000041100,0000028360,0000089050,0000117410,"N"
"C06 00504 0034",30-AUG-10,000144900.00,"FEDERAL NATIONAL MORTGAGE ASSOC","COOK AMY","9651 WENGERLAWN RD","COOK AMY","","9651 WENGERLAWN RD","","BROOKVILLE OH 45309","A",0007.19400,0000009930,0000031170,0000041100,0000028360,0000089050,0000117410,"N"
"C06 00504 0045",14-OCT-10,000000000.00,"JACOBSON THOMAS H AND","JACOBSON HEATHER","SWEET POTATO RIDGE RD","JACOBSON HEATHER","","118 S WALNUT ST","","TROY OH 45373","A",0053.00000,0000012120,0000000000,0000012120,0000034630,0000000000,0000034630,"N"
"C09 00405 0002",09-FEB-10,000555582.00,"MEYER H NOLAN TR","MEYER JAMES A","10804 N COUNTY LINE RD","MEYER JAMES A","","7182 STATE ROUTE 721","","LAURA OH 45337","A",0040.26190,0000010630,0000000000,0000010630,0000030380,0000000000,0000030380,"N"
"C09 00406 0017",10-MAR-10,000100000.00,"HUNT BRUCE ALLEN","HSBC BANK USA, NA TR","11246 N PREBLE COUNTY LINE RD","GARBER RUSSELL L","","4891 CLARK STATION RD","","GREENVILLE OH 45331","A",0008.50000,0000009910,0000019750,0000029660,0000028320,0000056420,0000084740,"N"
"C09 00406 0017",05-APR-10,000075000.00,"HSBC BANK USA, NA TR","GARBER RUSSELL L","11246 N PREBLE COUNTY LINE RD","GARBER RUSSELL L","","4891 CLARK STATION RD","","GREENVILLE OH 45331","A",0008.50000,0000009910,0000019750,0000029660,0000028320,0000056420,0000084740,"N"
"C09 00407 0006",20-DEC-10,000000000.00,"DAVIS WILLIAM C JR AND","RAMSEY JAMIE S","10660 N PREBLE COUNTY LINE RD","RAMSEY JAMIE S","","10660 PREBLE COUNTY LINE RD","","BROOKVILLE OH 45309","A",0026.40000,0000014640,0000036580,0000051220,0000041830,0000104500,0000146330,"N"
"C09 00407 0014",15-APR-10,000150000.00,"HOFACKER DORIS J","MEYER PATRICIA A TRUSTEE","10254 N PREBLE COUNTY LINE RD","MEYER PATRICIA A TRUSTEE","","11170 BALTIMORE PHILLIPSBURG RD","P O BOX 309","BROOKVILLE OH 45309","A",0019.61000,0000033600,0000025470,0000059070,0000096000,0000072780,0000168780,"N"
"C09 00506 0009",22-DEC-10,000554400.00,"LENTZ DOROTHY I ET AL","MEYER PATRICIA A TR","NUMBER NINE RD","MEYER PATRICIA A TR","","11170 BALTIMORE-PHILLIPSBURG RD","PO BOX 309","BROOKVILLE OH 45309","A",0092.40300,0000021890,0000000000,0000021890,0000062540,0000000000,0000062540,"N"
"C09 00507 0006",13-AUG-10,000000000.00,"ROWE EARL F","FRANK CAROL ANN","11617 W NATIONAL RD","FRANK CAROL ANN","","3905 GATEWAY DR","","CLAYTON OH 45315","A",0096.10700,0000035710,0000047820,0000083530,0000102030,0000136630,0000238660,"N"
"C09 00507 0035",13-AUG-10,000000000.00,"ROWE EARL F","FRANK CAROL ANN","ST RT 40","FRANK CAROL ANN","","3905 GATEWAY DR","","CLAYTON OH 45315","A",0005.12800,0000000990,0000000000,0000000990,0000002820,0000000000,0000002820,"N"
"D13 00205 0018",21-OCT-10,000000000.00,"CENTRAL READY MIX LLC","CENTRAL READY MIX LLC","SUGAR ST","AGGCO","","1400 COMMERCE CENTER DR","","FRANKLIN OH 45005","A",0012.96600,0000007260,0000000000,0000007260,0000020750,0000000000,0000020750,"N"
"D13 00205 0018",21-OCT-10,000500000.00,"AGGCO LLC","CENTRAL READY MIX LLC","SUGAR ST","AGGCO","","1400 COMMERCE CENTER DR","","FRANKLIN OH 45005","A",0012.96600,0000007260,0000000000,0000007260,0000020750,0000000000,0000020750,"N"
"D13 00206 0021",03-SEP-10,000032000.00,"SILVA JONATHAN M AND","FIFTH THIRD MORTGAGE COMPANY","DAYTON GERMANTOWN PIKE","FIFTH THIRD MORTGAGE COMPANY","","5001 KINGSLEY DR","","CINCINNATI OH 45227","A",0004.99500,0000016050,0000000000,0000016050,0000045860,0000000000,0000045860,"N"
"D13 00210 0001",13-JAN-10,000081000.00,"MCHUGH MATTHEW T AND","MILLER ANNETTE L","6860 DIAMOND MILL RD","MILLER ANNETTE L","","326 S MULBERRY ST","","GERMANTOWN OH 45327","A",0011.21200,0000002010,0000000000,0000002010,0000005750,0000000000,0000005750,"N"
"D13 00309 0029",11-JUN-10,000000000.00,"TUDOR KENNETH","TUDOR KENNETH","1025 ASTORIA RD","TUDOR KENNETH","","1025 ASTORIA RD","","GERMANTOWN OH 45327-1710","A",0000.40200,0000002360,0000000000,0000002360,0000006730,0000000000,0000006730,"N"
"D14 00702 0001",17-JUN-10,000118000.00,"ZEHRING JOANNA J","BLACK DIAMOND REAL","6350 S DIAMOND MILL RD","JOANNA J ZEHRING","","8121 KEISTER RD","","MIDDLETOWN OH 45042","A",0037.44700,0000005240,0000000000,0000005240,0000014970,0000000000,0000014970,"N"
"D14 00702 0014",03-DEC-10,000000000.00,"HEATHERLY ALMA LEGATE","HEATHERLY JERRY W TRUSTEE","DIAMOND MILL RD","HEATHERLY JERRY W TRUSTEE","","5900 JASSAMINE DR","","DAYTON OH 45449","A",0022.67600,0000005020,0000000000,0000005020,0000014350,0000000000,0000014350,"N"
"D14 00702 0025",12-MAY-10,000417000.00,"ZEHRING JOANNA J","HAMILTON HARLAN C AND","WEAVER RD","HAMILTON HARLAN C AND","THERESA J","10644 AMITY RD","","BROOKVILLE OH 45309","A",0021.20100,0000001850,0000000000,0000001850,0000005290,0000000000,0000005290,"N"
"D14 00702 0026",12-MAY-10,000417000.00,"ZEHRING JOANNA J","HAMILTON HARLAN C AND","S DIAMOND MILL RD","HAMILTON HARLAN C AND","THERESA J","10644 AMITY RD","","BROOKVILLE OH 45309","A",0021.10400,0000000860,0000000000,0000000860,0000002450,0000000000,0000002450,"N"
"D14 00702 0027",12-MAY-10,000417000.00,"ZEHRING JOANNA J","HAMILTON HARLAN C AND","S DIAMOND MILL RD","HAMILTON HARLAN C AND","THERESA J","10644 AMITY RD","","BROOKVILLE OH 45309","A",0020.27400,0000000420,0000000000,0000000420,0000001200,0000000000,0000001200,"N"
"D14 00702 0028",12-MAY-10,000417000.00,"ZEHRING JOANNA J","HAMILTON HARLAN C AND","WEAVER RD","HAMILTON HARLAN C AND","THERESA J","10644 AMITY RD","","BROOKVILLE OH 45309","A",0020.75600,0000000860,0000000000,0000000860,0000002470,0000000000,0000002470,"N"
"D14 00702 0029",09-JUN-10,000172000.00,"ZEHRING JOANNA J","GRIFFIN GREGORY D","S DIAMOND MILL RD","GRIFFIN GREGORY D","","7673 MARTZ- PAULIN RD","","FRANKLIN OH 45005","A",0041.21800,0000005630,0000000000,0000005630,0000016080,0000000000,0000016080,"N"
"D14 00705 0059",29-DEC-10,000184500.00,"MYCOFF MARTHA L","MICHAEL JASON R AND","LITTLE TWIN RD","MYCOFF MARTHA L","","6262 LITTLE TWIN RD","","GERMANTOWN OH 45327","A",0041.08200,0000057090,0000000000,0000057090,0000163100,0000000000,0000163100,"N"
"D14 00708 0003",03-NOV-10,000000000.00,"UMMEL CLARK B + CAROLYN M","UMMEL CAROLYN M","6265 BOOMERSHINE RD","UMMEL CAROLYN M","","3758 LANCASTER RD","","GRANVILLE OH 43023-9344","A",0146.70500,0000028690,0000027060,0000055750,0000081980,0000077320,0000159300,"N"
"D14 00709 0002",25-FEB-10,000000000.00,"SLOUGH CANDICE L AND","PRICE TRACY A AND","14775 BADEN RD","PRICE TRACY A AND","CANDICE L SLOUGH","14775 BADEN RD","","GERMANTOWN OH 45327","A",0066.42500,0000017610,0000033050,0000050660,0000050300,0000094430,0000144730,"N"
"D14 00709 0028",08-SEP-10,000000000.00,"WATERS E YVONNE","BAKER WENDY WATERS","14700 ANTHONY RD","BAKER WENDY WATERS","","14700 ANTHONY RD","","GERMANTOWN OH 45327","A",0016.30000,0000012980,0000044330,0000057310,0000037080,0000126670,0000163750,"N"
"D14 00709 0028",08-SEP-10,000000000.00,"WATERS E YVONNE TR","WATERS E YVONNE","14700 ANTHONY RD","BAKER WENDY WATERS","","14700 ANTHONY RD","","GERMANTOWN OH 45327","A",0016.30000,0000012980,0000044330,0000057310,0000037080,0000126670,0000163750,"N"
"D14 00711 0012",26-JUL-10,000000000.00,"SIMPKINS DARRELL AND","SIMPKINS BEVERLY ANN","15322 KIEFER RD","SIMPKINS BEVERLY ANN","","15432 KIEFER RD","","GERMANTOWN OH 45327","A",0097.92400,0000026210,0000018280,0000044490,0000074890,0000052220,0000127110,"N"
"D14 00711 0019",17-JUN-10,000000000.00,"SIMPKINS DARRELL AND","SIMPKINS BEVERLY ANN","ST RT 725","SIMPKINS BEVERLY ANN","","15432 KIEFER ROAD","","GERMANTOWN OH 45327","A",0034.42100,0000004900,0000000000,0000004900,0000014000,0000000000,0000014000,"N"
"D14 00711 0081",07-JUL-10,000000000.00,"SIMPKINS DARRELL AND","SIMPKINS BEVERLY ANN","KIEFER RD","SIMPKINS BEVERLY ANN","","15432 KIEFER RD","","GERMANTOWN OH 45327","A",0010.82100,0000001630,0000000000,0000001630,0000004660,0000000000,0000004660,"N"
"D14 00712 0008",28-JUL-10,000000000.00,"BUSSARD FONDA FAE","TRUDY BURNETT ET AL 4","7593 SHIMP RD","TRUDY BURNETT ET AL 4","","7593 SHIMP RD","","GERMANTOWN OH 45327","A",0050.00000,0000020930,0000051350,0000072280,0000059800,0000146700,0000206500,"N"
"D14 00712 0010",20-AUG-10,000000000.00,"GILBERT RONALD E AND","GILBERT CHAD M TR","ST RT 725","GILBERT CHAD M TR","","5415 DIAMOND MILL RD","","GERMANTOWN OH 45327","A",0043.86800,0000008710,0000000000,0000008710,0000024890,0000000000,0000024890,"N"
"D14 00712 0019",12-MAY-10,000400000.00,"JOHNSON LLOYD ET AL 3","HIDDEN ACRE FARMS OF","7370 BROWNS RUN RD","HIDDEN ACRE FARMS OF","GERMANTOWN LLC","13201 PRITCHARD RD","","GERMANTOWN OH 45327","A",0080.39900,0000021130,0000028360,0000049490,0000060360,0000081020,0000141380,"N"
"D14 00713 0005",20-AUG-10,000000000.00,"GILBERT RONALD E AND","GILBERT CHAD M TR","7318 SHIMP RD","GILBERT CHAD M TR","","5415 DIAMOND MILL RD","","GERMANTOWN OH 45327","A",0017.00100,0000004330,0000000000,0000004330,0000012380,0000000000,0000012380,"N"
"D14 00803 0007",21-OCT-10,000500000.00,"AGGCO L L C","CENTRAL READY MIX LLC","10195 MUDLICK RD","CENTRAL READY MIX LLC","","550 S MAIN ST","","MONROE OH 45050","A",0081.60900,0000009980,0000001110,0000011090,0000028520,0000003160,0000031680,"N"
"D14 00803 0007",21-OCT-10,000000000.00,"CENTRAL READY MIX LLC","CENTRAL READY MIX LLC","10195 MUDLICK RD","CENTRAL READY MIX LLC","","550 S MAIN ST","","MONROE OH 45050","A",0081.60900,0000009980,0000001110,0000011090,0000028520,0000003160,0000031680,"N"
"D14 00803 0015",21-OCT-10,000000000.00,"CENTRAL READY MIX LLC","CENTRAL READY MIX LLC","8646 S MAIN ST","CENTRAL READY MIX LLC","","550 S MAIN ST","","MONROE OH 45050","A",0006.55900,0000018980,0000033480,0000052460,0000054240,0000095670,0000149910,"N"
"D14 00803 0015",21-OCT-10,000500000.00,"AGGCO LLC","CENTRAL READY MIX LLC","8646 S MAIN ST","CENTRAL READY MIX LLC","","550 S MAIN ST","","MONROE OH 45050","A",0006.55900,0000018980,0000033480,0000052460,0000054240,0000095670,0000149910,"N"
"D14 00806 0009",20-DEC-10,000165000.00,"WATKINS TERRI L","GRUBB JEFFERY D AND","8844 SHIMP RD","GRUBB JEFFERY D AND","JODI L WALTERS","2140 HIGHLAND ST","","MIDDLETOWN OH 45044","A",0017.00000,0000031560,0000026230,0000057790,0000090160,0000074940,0000165100,"N"
"D14 00808 0010",25-MAR-10,000000000.00,"STEPHEN WALTER AND","STEPHEN WALTER AND","COUNTY LINE RD","STEPHEN WALTER AND","BETTY JO TRUSTEES","15833 OXFORD RD","","GERMANTOWN OH 45327","A",0060.00000,0000012990,0000000000,0000012990,0000037100,0000000000,0000037100,"N"
"D14 00808 0015",25-MAR-10,000000000.00,"STEPHEN WALTER AND","STEPHEN WALTER AND","9208 S PREBLE COUNTY LINE RD","STEPHEN WALTER AND","BETTY JO","15833 OXFORD RD","","GERMANTOWN OH 45327","A",0056.06000,0000013130,0000000000,0000013130,0000037510,0000000000,0000037510,"N"
"D14 00808 0018",25-MAR-10,000000000.00,"WALTER STEPHEN","STEPHEN WALTER AND","8848 PUDDENBAG RD","STEPHEN WALTER AND","BETTY JO TRUSTEES","15833 OXFORD RD","","GERMANTOWN OH 45327","A",0061.00000,0000010800,0000001420,0000012220,0000030860,0000004050,0000034910,"N"
"D14 00809 0001",25-MAR-10,000000000.00,"WALTER STEPHEN","STEPHEN WALTER AND","S PREBLE COUNTY LINE RD","STEPHEN WALTER AND","BETTY JO TRUSTEES","15833 OXFORD RD","","GERMANTOWN OH 45327","A",0043.53000,0000009240,0000000000,0000009240,0000026400,0000000000,0000026400,"N"
"D14 00809 0003",25-MAR-10,000000000.00,"WALTER STEPHEN K AND","STEPHEN WALTER AND","15833 OXFORD RD","STEPHEN K WALTER","BETTY JO TRUSTEES","15833 OXFORD RD","","GERMANTOWN OH 45327-9739","A",0033.00000,0000017800,0000038240,0000056040,0000050870,0000109270,0000160140,"N"
"D14 00812 0004",21-OCT-10,000500000.00,"AGGCO LLC","CENTRAL READY MIX LLC","GERMANTOWN MIDDLETOWN PIKE","CENTRAL READY MIX LLC","","550 S MAIN ST","","MONROE OH 45050","A",0055.43200,0000086930,0000027230,0000114160,0000248360,0000077810,0000326170,"N"
"D14 00812 0004",21-OCT-10,000000000.00,"CENTRAL READY MIX LLC","CENTRAL READY MIX LLC","GERMANTOWN MIDDLETOWN PIKE","CENTRAL READY MIX LLC","","550 S MAIN ST","","MONROE OH 45050","A",0055.43200,0000086930,0000027230,0000114160,0000248360,0000077810,0000326170,"N"
"D14 00812 0022",21-OCT-10,000500000.00,"AGGCO LLC","CENTRAL READY MIX LLC","SUGAR ST","CENTRAL READY MIX LLC","","550 S MAIN ST","","MONROE OH 45050","A",0014.55800,0000020380,0000000000,0000020380,0000058240,0000000000,0000058240,"N"
"D14 00812 0022",21-OCT-10,000000000.00,"CENTRAL READY MIX LLC","CENTRAL READY MIX LLC","SUGAR ST","CENTRAL READY MIX LLC","","550 S MAIN ST","","MONROE OH 45050","A",0014.55800,0000020380,0000000000,0000020380,0000058240,0000000000,0000058240,"N"
"D14 00812 0051",21-OCT-10,000500000.00,"AGGCO LLC","CENTRAL READY MIX LLC","GERMANTOWN MIDDLETOWN PIKE","CENTRAL READY MIX LLC","","550 S MAIN ST","","MONROE OH 45050","A",0000.95900,0000010500,0000000000,0000010500,0000030000,0000000000,0000030000,"N"
"D14 00812 0051",21-OCT-10,000000000.00,"CENTRAL READY MIX LLC","CENTRAL READY MIX LLC","GERMANTOWN MIDDLETOWN PIKE","CENTRAL READY MIX LLC","","550 S MAIN ST","","MONROE OH 45050","A",0000.95900,0000010500,0000000000,0000010500,0000030000,0000000000,0000030000,"N"
"D14 00812 0062",21-OCT-10,000000000.00,"CENTRAL READY MIX LLC","CENTRAL READY MIX LLC","8680 GERMANTOWN MIDDLETOWN PIKE","CENTRAL READY MIX LLC","","550 S MAIN ST","","MONROE OH 45050","A",0001.48300,0000010500,0000000000,0000010500,0000030000,0000000000,0000030000,"N"
"D14 00812 0062",21-OCT-10,000500000.00,"AGGCO LLC","CENTRAL READY MIX LLC","8680 GERMANTOWN MIDDLETOWN PIKE","CENTRAL READY MIX LLC","","550 S MAIN ST","","MONROE OH 45050","A",0001.48300,0000010500,0000000000,0000010500,0000030000,0000000000,0000030000,"N"
"D14 00901 0016",29-NOV-10,000000000.00,"BURTON CHARLES JEFFREY AND","BURTON CHARLES J AND","13424 HARRIS RD","BURTON CHARLES J AND","MELISSA K","13424 HARRIS RD","","GERMANTOWN OH 45327","A",0024.53900,0000015010,0000046260,0000061270,0000042880,0000132170,0000175050,"N"
"D14 00904 0033",02-NOV-10,000000000.00,"KESLING GLENN N AND","KESLING GLENN N AND","9910 GERMANTOWN MIDDLETOWN PIKE","KESLING GLENN N AND","JOYCE E","5260 WEAVER RD","","GERMANTOWN OH 45327","A",0041.89200,0000013920,0000014040,0000027960,0000039770,0000040120,0000079890,"N"
"D14 00905 0005",03-MAR-10,000000000.00,"RHOADES DARRELL R","RHOADES DARRELL R AND","GERMANTOWN MIDDLETOWN PIKE","MARTIN BEN A AND","RITA M","5073 SHAKER RD","","FRANKLIN OH 45005","A",0010.90200,0000001880,0000000000,0000001880,0000005360,0000000000,0000005360,"N"
"D14 00905 0005",07-JUN-10,000075000.00,"RHOADES DARRELL R AND","MARTIN BEN A AND","GERMANTOWN MIDDLETOWN PIKE","MARTIN BEN A AND","RITA M","5073 SHAKER RD","","FRANKLIN OH 45005","A",0010.90200,0000001880,0000000000,0000001880,0000005360,0000000000,0000005360,"N"
"D14 00907 0003",10-MAR-10,000000000.00,"RICKARD KEVIN C AND","DITULLIO LINDA M","10009 ASTORIA RD","DITULLIO LINDA M","","5783 HEIGHTS CT","","CINCINNATI OH 45247","A",0003.09800,0000008720,0000013900,0000022620,0000024920,0000039720,0000064640,"N"
"D14 00907 0005",28-APR-10,000000000.00,"ALBERT DONALD L JR AND","ALBERT DONALD L JR AND","12759 PRICHARD RD","ALBERT DONALD L JR AND","LEILA M","12943 PRITCHARD RD","","GERMANTOWN OH 45327","A",0027.15900,0000018740,0000021690,0000040430,0000053540,0000061970,0000115510,"N"
"D14 00907 0008",12-MAY-10,000000000.00,"DE GROAT RITA ELLEN","HIDDEN ACRE FARMS OF","12970 PRICHARD RD","HIDDEN ACRE FARMS OF","GERMANTOWN LLC","13201 PRITCHARD RD","","GERMANTOWN OH 45327","A",0016.55000,0000013090,0000040990,0000054080,0000037390,0000117100,0000154490,"N"
"D14 00908 0004",12-MAY-10,000000000.00,"DE GROAT RITA ELLEN","HIDDEN ACRE FARMS OF","PRICHARD RD","HIDDEN ACRE FARMS OF","GERMANTOWN LLC","13201 PRITCHARD RD","","GERMANTOWN OH 45327","A",0037.00000,0000004500,0000000000,0000004500,0000012850,0000000000,0000012850,"N"
"D14 00909 0002",30-JUN-10,000000000.00,"SIMPKINS JAMES E SR TR AND","SIMPKINS DEBORAH A TR","ROCKY RD","SIMPKINS DEBORAH A TR","","8085 HINKLE RD","","MIDDLETOWN OH 45042","A",0012.98200,0000000840,0000000000,0000000840,0000002410,0000000000,0000002410,"N"
"D14 00909 0004",14-MAY-10,000000000.00,"STEPHEN WALTER K AND","STEPHEN WALTER K AND","BROWNS RUN RD","SIMPKINS DEBORAH A TR","","8085 HINKLE RD","","MIDDLETOWN OH 45042","A",0016.61500,0000001110,0000000000,0000001110,0000003180,0000000000,0000003180,"N"
"D14 00909 0004",04-AUG-10,000080000.00,"STEPHEN WALTER K AND","SIMPKINS DEBORAH A TR","BROWNS RUN RD","SIMPKINS DEBORAH A TR","","8085 HINKLE RD","","MIDDLETOWN OH 45042","A",0016.61500,0000001110,0000000000,0000001110,0000003180,0000000000,0000003180,"N"
"D14 00909 0005",30-JUN-10,000000000.00,"SIMPKINS JAMES EDWARD SR TR AND","SIMPKINS DEBORAH A TR","10563 ROCKY RD","SIMPKINS DEBORAH A TR","","8085 HINKLE RD","","MIDDLETOWN OH 45042","A",0009.10300,0000000420,0000000000,0000000420,0000001200,0000000000,0000001200,"N"
"D14 00909 0006",30-JUN-10,000000000.00,"SIMPKINS JAMES EDWARD SR TR AND","SIMPKINS DEBORAH A TR","19107 ROCKY RD","SIMPKINS DEBORAH A TR","","8085 HINKLE RD","","MIDDLETOWN OH 45042","A",0001.70620,0000000160,0000001190,0000001350,0000000460,0000003410,0000003870,"N"
"D14 00909 0025",22-JUL-10,000000000.00,"MCGUIRE BERNARD D AND","MCGUIRE BERNARD D","ROCKY RD","MCGUIRE BERNARD D","","P O BOX 471","","MC ARTHUR OH 45651","A",0020.00000,0000001570,0000000000,0000001570,0000004480,0000000000,0000004480,"N"
"D14 00909 0031",28-JUL-10,000000000.00,"BUSSARD FONDA FAE","BURNETT TRUDY ET AL4","BROWNS RUN RD","BURNETT TRUDY ET AL4","","7593 SHIMP RD","","GERMANTOWN OH 45327","A",0045.35600,0000004870,0000000000,0000004870,0000013920,0000000000,0000013920,"N"
"D14 00909 0032",28-JUL-10,000000000.00,"BUSSARD FONDA FAE","BURNETT TRUDY ET AL4","BROWNS RUN RD","BURNETT TRUDY ET AL4","","7593 SHIMP RD","","GERMANTOWN OH 45327","A",0030.89400,0000003050,0000000000,0000003050,0000008710,0000000000,0000008710,"N"
"D15 00710 0016",26-JUL-10,000000000.00,"SIMPKINS DARRELL AND","SIMPKINS BEVERLY ANN","15432 KIEFER RD","SIMPKINS DARRELL AND","BEVERLY ANN","15432 KIEFER RD","","GERMANTOWN OH 45327-9557","A",0029.31500,0000003280,0000000000,0000003280,0000009360,0000000000,0000009360,"N"
"D15 00710 0026",08-DEC-10,000330000.00,"MOSLEY TOM M AND","MATTA TRV-LYN AND","15947 KIEFER RD","MATTA TRV-LYN AND","BRIAN FLORY","15947 KIEFER RD","","GERMANTOWN OH 45327","A",0012.81800,0000013360,0000037230,0000050590,0000038170,0000106370,0000144540,"N"
"D15 00711 0018",17-JUN-10,000000000.00,"SIMPKINS DARRELL AND","SIMPKINS BEVERLY ANN","15425 ST RT 725","SIMPKINS BEVERLY ANN","","15432 KIEFER ROAD","","GERMANTOWN OH 45327","A",0009.30500,0000012410,0000016760,0000029170,0000035470,0000047890,0000083360,"N"
"D15 00711 0082",07-JUL-10,000000000.00,"SIMPKINS DARRELL AND","SIMPKINS BEVERLY ANN","KIEFER RD","SIMPKINS BEVERLY ANN","","15432 KIEFER RD","","GERMANTOWN OH 45327","A",0009.76300,0000000950,0000000000,0000000950,0000002720,0000000000,0000002720,"N"
"D15 00711 0083",26-JUL-10,000000000.00,"SIMPKINS DARRELL AND","SIMPKINS BEVERLY ANN","15432 KIEFER RD","SIMPKINS BEVERLY ANN","","15432 KIEFER RD","","GERMANTOWN OH 45327","A",0026.90200,0000004130,0000000000,0000004130,0000011800,0000000000,0000011800,"N"
"D15 00808 0012",25-MAR-10,000000000.00,"STEPHEN WALTER AND","STEPHEN WALTER AND","PUDDENBAG RD","STEPHEN WALTER AND","BETTY JO","15833 OXFORD RD","","GERMANTOWN OH 45327","A",0028.00000,0000005730,0000000000,0000005730,0000016360,0000000000,0000016360,"N"
"D15 00808 0022",25-MAR-10,000000000.00,"STEPHEN WALTER AND","STEPHEN WALTER AND","PUDDENBAG RD","STEPHEN WALTER AND","BETTY JO","15833 OXFORD RD","","GERMANTOWN OH 45327","A",0040.01000,0000008330,0000000000,0000008330,0000023790,0000000000,0000023790,"N"
"D15 00809 0002",25-MAR-10,000000000.00,"STEPHEN WALTER AND","STEPHEN WALTER AND","9275 PUDDENBAG RD","STEPHEN WALTER AND","BETTY JO","15833 OXFORD RD","","GERMANTOWN OH 45327","A",0030.77000,0000006150,0000000000,0000006150,0000017570,0000000000,0000017570,"N"
"D18 00701 0014",10-DEC-10,000000000.00,"ASKINS BERNICE L","ASKINS RICHARD LEE AND","JAMAICA RD","ASKINS RICHARD LEE AND","CAROL SUE MYERS","5348 FARMERSVILLE-GERMAN RD","","FARMERSVILLE OH 45325","A",0044.04500,0000008220,0000000770,0000008990,0000023480,0000002200,0000025680,"N"
"D18 00701 0015",10-DEC-10,000000000.00,"ASKINS BERNICE L","ASKINS RICHARD LEE AND","6507 JAMAICA RD","ASKINS RICHARD LEE AND","CAROL SUE MYERS","5348 FARMERSVILLE-GERMAN RD","","FARMERSVILLE OH 45325","A",0017.50000,0000015040,0000030720,0000045760,0000042970,0000087770,0000130740,"N"
"D18 00701 0036",10-DEC-10,000000000.00,"ASKINS BERNICE L","ASKINS RICHARD LEE AND","6719 JAMAICA RD","ASKINS RICHARD LEE AND","CAROL SUE MYERS","5348 FARMERSVILLE-GERMAN RD","","FARMERSVILLE OH 45325","A",0001.50000,0000011830,0000033680,0000045510,0000033800,0000096240,0000130040,"N"
"F22 01401 0002",12-MAY-10,000000000.00,"LENK DONALD L","LENK RONALD E ETAL 3","DIAMOND MILL RD","LENK RONALD E ETAL 3","","2177 S DIAMOND MILL RD","","FARMERSVILLE OH 45325","A",0020.00100,0000003230,0000000000,0000003230,0000009220,0000000000,0000009220,"N"
"F22 01403 0012",31-AUG-10,000000000.00,"LEIS NATHAN S","LEIS NATHAN S AND","12155 CHICKEN BRISTLE RD","LEIS NATHAN S AND","RACHEL A","12155 CHICKEN BRISTLE RD","","FARMERSVILLE OH 45325","A",0083.00000,0000013880,0000044680,0000058560,0000039670,0000127650,0000167320,"N"
"F22 01406 0011",25-AUG-10,000000000.00,"BOWSER BARBARA A ET AL 4","PHILLIPS FAMILY FARM LLC","CHICKEN BRISTLE RD","PHILLIPS FAMILY FARM LLC","","1265 CLOVERFIELD AVE","","DAYTON OH 45429","A",0015.00000,0000003280,0000000000,0000003280,0000009370,0000000000,0000009370,"N"
"F22 01406 0011",16-AUG-10,000000000.00,"PHILLIPS ROY T","BOWSER BARBARA A ET AL 4","CHICKEN BRISTLE RD","PHILLIPS FAMILY FARM LLC","","1265 CLOVERFIELD AVE","","DAYTON OH 45429","A",0015.00000,0000003280,0000000000,0000003280,0000009370,0000000000,0000009370,"N"
"F22 01406 0012",25-AUG-10,000000000.00,"BOWSER BARBARA A ET AL 4","PHILLIPS FAMILY FARM LLC","15229 CHICKEN BRISTLE RD","ROY T PHILLIPS","C/O BARBARA BOWSER","1265 CLOVERFIELD AVE","","DAYTON OH 45429","A",0080.00000,0000017340,0000027470,0000044810,0000049550,0000078480,0000128030,"N"
"F22 01406 0030",13-SEP-10,000167000.00,"FULTZ GREGORY A AND","KLEVEN GALE A","2136 S PREBLE COUNTY LINE RD","KLEVEN GALE A","","2136 PREBLE CO LINE RD","","FARMERSVILLE OH 45325","A",0005.00000,0000006100,0000034260,0000040360,0000017440,0000097880,0000115320,"N"
"F22 01407 0017",02-NOV-10,000000000.00,"BOWSER DYNA E","BOWSER DYNA E","3986 S PREBLE COUNTY LINE RD","BOWSER DYNA E","","3960 PREBLE COUNTY LINE RD","","WEST ALEXANDRIA OH 45381-9516","A",0076.98700,0000018760,0000024950,0000043710,0000053590,0000071290,0000124880,"N"
"F22 01407 0024",08-DEC-10,000000000.00,"EBY DANA K","EBY DANA K AND","3836 S PREBLE COUNTY LINE RD","EBY DANA K AND","CLAUDIA D","3836 S PREBLE COUNTY LINE RD","","WEST ALEXANDRIA OH 45381","A",0005.01300,0000005790,0000033580,0000039370,0000016530,0000095950,0000112480,"N"
"F22 01407 0024",08-DEC-10,000000000.00,"EBY DANA K","EBY DANA K","3836 S PREBLE COUNTY LINE RD","EBY DANA K AND","CLAUDIA D","3836 S PREBLE COUNTY LINE RD","","WEST ALEXANDRIA OH 45381","A",0005.01300,0000005790,0000033580,0000039370,0000016530,0000095950,0000112480,"N"
"F22 01408 0054",28-APR-10,000160000.00,"KIRK JONATHAN E AND","FEDERAL NATIONAL","3111 SWARTZEL RD","PRESSEL MICHAEL L AND","TERESA L","3111 SWARTZELL RD","","FARMERSVILLE OH 45325","A",0003.93800,0000012780,0000055190,0000067970,0000036520,0000157680,0000194200,"N"
"F22 01408 0054",04-AUG-10,000185000.00,"FEDERAL NATIONAL","PRESSEL MICHAEL L AND","3111 SWARTZEL RD","PRESSEL MICHAEL L AND","TERESA L","3111 SWARTZELL RD","","FARMERSVILLE OH 45325","A",0003.93800,0000012780,0000055190,0000067970,0000036520,0000157680,0000194200,"N"
"F22 01410 0030",10-MAR-10,000300000.00,"GARNER GREGORY P","KILROY MICHAEL P AND","12397 DAYTON FARMERSVILLE RD","KILROY MICHAEL P AND","VICKIE L","12360 HEMPLE RD","","FARMERSVILLE OH 45325","A",0080.96000,0000012140,0000004940,0000017080,0000034690,0000014120,0000048810,"N"
"F22 01412 0027",06-OCT-10,000089900.00,"DEUTSCHE BANK NATIONAL","CLINE ZACHARY M","10773 DAYTON FARMERSVILLE RD","CLINE ZACHARY M","","14996 CHICKEN BRISTLE RD","","FARMERSVILLE OH 45325","A",0010.45100,0000018190,0000049060,0000067250,0000051960,0000140180,0000192140,"N"
"F22 01412 0027",29-JUN-10,000110000.00,"BERNT MICHELLE","DEUTSCHE BANK NATIONAL","10773 DAYTON FARMERSVILLE RD","CLINE ZACHARY M","","14996 CHICKEN BRISTLE RD","","FARMERSVILLE OH 45325","A",0010.45100,0000018190,0000049060,0000067250,0000051960,0000140180,0000192140,"N"
"F22 01502 0005",20-JAN-10,000000000.00,"KESLING JOYCE TR AND","BECKER KAREN S","HEMPLE RD","BECKER KAREN S","","9635 FARMERSVILLE WEST CARROLLTON RD","","GERMANTOWN OH 45327","A",0008.54000,0000002130,0000000000,0000002130,0000006090,0000000000,0000006090,"N"
"F22 01509 0003",15-SEP-10,000000000.00,"LIBECAP JOHN A AND","LIBECAP JOHN A AND","FARMERSVILLE JOHNSVILLE RD","LIBECAP JOHN A AND","VIRGINIA L TR","5271 FARMERSVILLE RD","","FARMERSVILLE OH 45325","A",0001.13000,0000000950,0000000000,0000000950,0000002710,0000000000,0000002710,"N"
"F22 01509 0004",15-SEP-10,000000000.00,"LIBECAP JOHN A AND","LIBECAP JOHN A AND","5125 FARMERSVILLE JOHNSVILLE RD","LIBECAP JOHN A AND","VIRGINIA L TR","5271 FARMERSVILLE RD","","FARMERSVILLE OH 45325","A",0105.36000,0000026120,0000032880,0000059000,0000074620,0000093940,0000168560,"N"
"F22 01509 0005",15-SEP-10,000000000.00,"LIBECAP JOHN A AND","LIBECAP JOHN A AND","5271 FARMERSVILLE JOHNSVILLE RD","LIBECAP JOHN A AND","VIRGINIA L","5271 FARMERSVILLE RD","","FARMERSVILLE OH 45325","A",0048.74600,0000014930,0000028980,0000043910,0000042650,0000082810,0000125460,"N"
"F22 01511 0006",24-NOV-10,000087466.00,"COFFMAN PHILLIP E","COFFMAN DWIGHT R AND","FARMERSVILLE WEST CARROLLTON RD","COFFMAN DWIGHT R AND","MARSHA L","12201 FARMERSVILLE-WEST CARROLLTON RD","","FARMERSVILLE OH 45325","A",0019.43000,0000002250,0000000000,0000002250,0000006430,0000000000,0000006430,"N"
"F22 01511 0008",28-JUN-10,000000000.00,"SEARS JANE F","CRIST KAREN SEARS AND","5415 VENUS RD","CRIST KAREN SEARS AND","RITA SEARS LUBER","3500 CORNWALL DR","","LEXINGTON KY 40503","A",0095.84400,0000017720,0000038990,0000056710,0000050630,0000111400,0000162030,"N"
"F22 01511 0009",21-JUL-10,000376800.00,"HODSON HAROLD","STUMPF DEAN A AND","5739 VENUS RD","STUMPF DEAN A AND","BARBARA","449 LINDELL DR","","GERMANTOWN OH 45327","A",0088.79200,0000020080,0000034600,0000054680,0000057360,0000098860,0000156220,"N"
"F22 01511 0054",22-JUL-10,000000000.00,"BOARD OF EDUCATION","KUHN MARY BETH","FARMERSVILLE GERMANTOWN PIKE","KUHN MARY BETH","","5665 FARMERSVILLE GERMANTOWN PIKE","","FARMERSVILLE OH 45325","A",0020.28600,0000006980,0000025770,0000032750,0000019950,0000073640,0000093590,"N"
"F22 01511 0054",07-MAY-10,000000000.00,"BOARD OF EDUCATION","BOARD OF EDUCATION","FARMERSVILLE GERMANTOWN PIKE","KUHN MARY BETH","","5665 FARMERSVILLE GERMANTOWN PIKE","","FARMERSVILLE OH 45325","A",0020.28600,0000006980,0000025770,0000032750,0000019950,0000073640,0000093590,"N"
"F22 01512 0017",04-JUN-10,000000000.00,"SEARS JANE F","CRIST KAREN SEARS AND","5852 VENUS RD","CRIST KAREN SEARS AND","RITA SEARS LUBER","3500 CORNWALL DR","","LEXINGTON KY 40503","A",0101.92700,0000024810,0000036280,0000061090,0000070890,0000103670,0000174560,"N"
"F23 00103 0001",06-OCT-10,000135000.00,"WEIDLE CORPORATION","SEARS ROBERT C AND","FARMERSVILLE JOHNSVILLE RD","SEARS ROBERT C AND","JANA M","2173 BULL RD","","FARMERSVILLE OH 45325","A",0027.64700,0000004480,0000000000,0000004480,0000012810,0000000000,0000012810,"N"
"F24 00220 0003",07-JAN-10,000084000.00,"STEELE YVONNE","THE HUNTINGTON NATIONAL BANK","522 S CHURCH ST","SAETTEL JOHN J AND","SANDRA S","522 S CHURCH ST","","NEW LEBANON OH 45345","A",0010.00000,0000010370,0000041180,0000051550,0000029640,0000117660,0000147300,"N"
"F24 00220 0003",23-MAR-10,000126000.00,"THE HUNTINGTON NATIONAL BANK","SAETTEL JOHN J AND","522 S CHURCH ST","SAETTEL JOHN J AND","SANDRA S","522 S CHURCH ST","","NEW LEBANON OH 45345","A",0010.00000,0000010370,0000041180,0000051550,0000029640,0000117660,0000147300,"N"
"F24 00305 0001",02-MAR-10,000000000.00,"SHOCK PAUL E","SHOCK PAUL E AND","824 W MAIN ST","SHOCK PAUL E AND","DOROTHY M","1427 DEERFIELD WAY","","LA FOLLETTE TN 37766","A",0029.86600,0000014390,0000037720,0000052110,0000041100,0000107770,0000148870,"N"
"F24 00305 0003",30-JUN-10,000052000.00,"SHOCK PAUL E AND","MUNCY JOHN G AND","730 ST RT 35","MUNCY JOHN G AND","WENDY L","129 W MAIN ST","","NEW LEBANON OH 45345","A",0000.55000,0000005540,0000024340,0000029880,0000015840,0000069550,0000085390,"N"
"F25 01306 0014",05-NOV-10,000000000.00,"SOLLENBERGER JERRY L TRUSTEE","SOLLENBERGER JERRY L AND","770 S PREBLE COUNTY LINE RD","SOLLENBERGER JERRY L AND","KAREN M TRUSTEES","3550 N PREBLE COUNTY LINE RD","","WEST ALEXANDRIA OH 45381","A",0027.38000,0000012500,0000028360,0000040860,0000035700,0000081040,0000116740,"N"
"F25 01306 0014",20-AUG-10,000175000.00,"FORSYTH LEROY + EVELYN E","SOLLENBERGER JERRY L AND","770 S PREBLE COUNTY LINE RD","SOLLENBERGER JERRY L AND","KAREN M TRUSTEES","3550 N PREBLE COUNTY LINE RD","","WEST ALEXANDRIA OH 45381","A",0027.38000,0000012500,0000028360,0000040860,0000035700,0000081040,0000116740,"N"
"F25 01306 0014",05-NOV-10,000000000.00,"SOLLENBERGER JERRY L TRUSTEE","SOLLENBERGER JERRY L TRUSTEE","770 S PREBLE COUNTY LINE RD","SOLLENBERGER JERRY L AND","KAREN M TRUSTEES","3550 N PREBLE COUNTY LINE RD","","WEST ALEXANDRIA OH 45381","A",0027.38000,0000012500,0000028360,0000040860,0000035700,0000081040,0000116740,"N"
"F25 01306 0014",29-OCT-10,000000000.00,"SOLLENBERGER JERRY L AND","SOLLENBERGER JERRY L TRUSTEE","770 S PREBLE COUNTY LINE RD","SOLLENBERGER JERRY L AND","KAREN M TRUSTEES","3550 N PREBLE COUNTY LINE RD","","WEST ALEXANDRIA OH 45381","A",0027.38000,0000012500,0000028360,0000040860,0000035700,0000081040,0000116740,"N"
"F25 01311 0009",26-FEB-10,000000000.00,"APPLE DAVID J ET AL 3","APPLE DAVID J","10990 MILE RD","APPLE DAVID J","","690 MEMORIAL DR","","XENIA OH 45385","A",0026.11000,0000040610,0000027320,0000067930,0000116040,0000078060,0000194100,"N"
"F25 01311 0019",24-SEP-10,000000000.00,"HUDSON WILLIAM D AND","HUDSON CAROLINE","HAVERMALE RD","HUDSON CAROLINE","","7821 LOIS CIR","","DAYTON OH 45459","A",0023.48000,0000003880,0000000000,0000003880,0000011090,0000000000,0000011090,"N"
"F25 01312 0082",21-JUN-10,000150500.00,"BROOKVILLE BUILDING AND SAVINGS ASSOC","TIETGE JAMES W AND","1437 GUNTLE RD","TIETGE JAMES W AND","TOBY A","1066 N CLAYTON RD","","NEW LEBANON OH 45345","A",0034.04500,0000013030,0000027440,0000040470,0000037240,0000078410,0000115650,"N"
"F25 01312 0147",20-APR-10,000000000.00,"KRAMER KENNETH F","KRAMER KENNETH F TRUSTEE","GUNTLE RD","KRAMER KENNETH F TRUSTEE","","12174 HAVERMALE RD","","FARMERSVILLE OH 45325","A",0025.95000,0000005770,0000000000,0000005770,0000016480,0000000000,0000016480,"N"
"G27 01607 0013",02-JUL-10,000000000.00,"SEALS WILLIAM RAY AND","SEALS WILLIAM RAY","9380 FORNEY RD","SEALS WILLIAM RAY AND","DEBORAH LYNN BESECKER","9380 FORNEY RD","","NEW LEBANON OH 45345","A",0044.11000,0000010540,0000020330,0000030870,0000030120,0000058090,0000088210,"N"
"G27 01607 0013",02-JUL-10,000000000.00,"SEALS WILLIAM RAY","SEALS WILLIAM RAY AND","9380 FORNEY RD","SEALS WILLIAM RAY AND","DEBORAH LYNN BESECKER","9380 FORNEY RD","","NEW LEBANON OH 45345","A",0044.11000,0000010540,0000020330,0000030870,0000030120,0000058090,0000088210,"N"
"G27 01607 0025",15-OCT-10,000127500.00,"FIALA AMBER E","VAN LIEU VICKI A","9599 HUFFMAN RD","VAN LIEU VICKI A","","9599 HUFFMAN RD","","FARMERSVILLE OH 45325","A",0009.79100,0000007110,0000025850,0000032960,0000020310,0000073850,0000094160,"N"
"G27 01702 0015",11-MAR-10,000000000.00,"JOHNSON RONALD G &","JOHNSON RONALD G","2830 SOLDIERS HOME WEST CARROLLTON RD","JOHNSON RONALD G","","3148 BROOKS ST","","DAYTON OH 45420","A",0039.29800,0000047190,0000002560,0000049750,0000134840,0000007300,0000142140,"N"
"G27 01702 0016",11-MAR-10,000000000.00,"JOHNSON RONALD G AND","JOHNSON RONALD G","SOLDIERS HOME WEST CARROLLTON RD","JOHNSON RONALD G","","3148 BROOKS ST","","DAYTON OH 45420","A",0004.72000,0000005600,0000000000,0000005600,0000016000,0000000000,0000016000,"N"
"G27 01704 0019",09-JUL-10,000056000.00,"ISRAEL DANIEL J","BAC HOME LOAN SERVICING LP","6505 DAYTON FARMERSVILLE RD","BAC HOME LOAN SERVICING LP","","5401 N BEACH ST","","FORT WORTH TX 76137","A",0010.91700,0000019140,0000024390,0000043530,0000054680,0000069680,0000124360,"N"
"G27 01808 0011",03-DEC-10,000150000.00,"STACY JEFFREY A AND","LYONS FRANK A","4171 S LUTHERAN CHURCH RD","LYONS FRANK A","","4171 LUTHERAN CHURCH RD","","GERMANTOWN OH 45327","A",0010.22500,0000007760,0000021810,0000029570,0000022170,0000062300,0000084470,"N"
"G27 01808 0043",14-JUL-10,000000000.00,"STRADER DAVID AND","STRADER DAVID","WEAVER RD","STRADER DAVID","","4351 WEAVER RD","","GERMANTOWN OH 45327","A",0001.88300,0000000490,0000000000,0000000490,0000001410,0000000000,0000001410,"N"
"G27 01809 0002",02-NOV-10,000000000.00,"KESLING GLENN N SR AND","KESLING GLENN N AND","0 FARMERSVILLE WEST CARROLLTON RD","KESLING GLENN N AND","JOYCE E","5260 WEAVER RD","","GERMANTOWN OH 45327","A",0025.22400,0000005670,0000000000,0000005670,0000016210,0000000000,0000016210,"N"
"G27 01809 0011",01-SEP-10,000000000.00,"KINCAID SHIRLEY A","KINCAID SHIRLEY A AND","S DIAMOND MILL RD","KINCAID SHIRLEY A AND","CLIFFORD MICHAEL","303 CEDAR ST","","WEST CARROLLTON OH 45449","A",0091.47800,0000018400,0000000000,0000018400,0000052580,0000000000,0000052580,"N"
"G27 01809 0028",01-SEP-10,000000000.00,"KINCAID SHIRLEY A","KINCAID SHIRLEY A AND","5880 S DIAMOND MILL RD","KINCAID SHIRLEY A AND","CLIFFORD MICHAEL","303 CEDAR ST","","WEST CARROLLTON OH 45449","A",0010.02200,0000007080,0000036650,0000043730,0000020240,0000104700,0000124940,"N"
"G27 01809 0029",03-AUG-10,000103100.00,"CRIDER MARK","HORMEL MICHAEL A","9590 FARMERSVILLE WEST CARROLLTON RD","HORMEL MICHAEL A","","9590 FARMERSVILLE W CARROLLTON RD","","GERMANTOWN OH 45327","A",0003.44300,0000008940,0000020580,0000029520,0000025550,0000058790,0000084340,"N"
"G27 01811 0012",19-MAY-10,000310000.00,"STRADER DAVID M AND","MOORE DENNIS A AND","7497 MANNING RD","MOORE DENNIS A AND","CATHY M","115 KURT ST","","YELLOW SPRINGS OH 45387","A",0029.25000,0000010330,0000023940,0000034270,0000029500,0000068410,0000097910,"N"
"G27 18221 0006",16-SEP-10,000000000.00,"PERONE FRANCIS M AND","MARGARETS CIRCLE LLC","1082 S UNION RD","MARGARETS CIRCLE LLC","","1056 S UNION RD","","DAYTON OH 45427","A",0001.87200,0000005800,0000047680,0000053480,0000016560,0000136240,0000152800,"N"
"G27 18221 0007",16-SEP-10,000000000.00,"LOGUE VICKI K AND","MARGARETS CIRCLE LLC","1146 S UNION RD","LOGUE VICKI K AND","FRANCIS M PERONE","1146 S UNION RD","","DAYTON OH 45427","A",0030.35200,0000011980,0000011220,0000023200,0000034230,0000032050,0000066280,"N"
"H33 00416 0008",08-SEP-10,000000000.00,"JOSEPH DERRINGER ET AL 10","JOSEPH DERRINGER ET AL 10","STRAWBERRY CT","JOSEPH DERRINGER ET AL 10","","5376 STRAWBERRY CT","","TROTWOOD OH 45426","A",0095.90700,0000015290,0000000000,0000015290,0000043690,0000000000,0000043690,"N"
"H33 00505 0006",12-AUG-10,000025000.00,"MCKINNEY STEVEN ET AL","MCKINNEY STEVEN ET AL 8","OLIVE RD","MCKINNEY STEVEN ET AL 8","","624 STORMS RD","","DAYTON OH 45429","A",0072.67200,0000014810,0000000000,0000014810,0000042310,0000000000,0000042310,"N"
"H33 00619 0005",30-NOV-10,000055000.00,"FIRSTMERIT-MOSS CREEK VENTURES","HRM MANAGEMENT LTD","WESTBROOK RD","HRM MANAGEMENT LTD","","4930 REED RD","","COLUMBUS OH 43220","A",0023.15500,0000004330,0000000000,0000004330,0000012360,0000000000,0000012360,"N"
"H33 00619 0009",30-NOV-10,000024750.00,"FIRSTMERIT-MOSS CREEK VENTURES","HRM MANAGEMENT OTD","WESTBROOK RD","FIRSTMERIT-MOSS CREEK VENTURES","LLC","111 CASCADE PLAZA CAS-61","","AKRON OH 44308","A",0021.88800,0000029420,0000000000,0000029420,0000084070,0000000000,0000084070,"N"
"H33 00724 0001",09-MAR-10,000038000.00,"WOLF CREEK RUN INVESTMENT LLC","RHEIN FISCHER INVESTMENTS LTD","WESTBROOK RD","RHEIN FISCHER INVESTMENTS LTD","","2670 CHANCELLOR DR STE 300","","COVINGTON KY 41017","A",0009.85200,0000013090,0000000000,0000013090,0000037410,0000000000,0000037410,"N"
"H33 00724 0003",09-MAR-10,000038000.00,"WOLF CREEK RUN INVESTMENT LLC","RHEIN FISCHER INVESTMENTS LTD","WESTBROOK                  RD","RHEIN FISCHER INVESTMENTS LTD","","2670 CHANCELLOR DR STE 300","","COVINGTON KY 41017","A",0027.97900,0000034270,0000000000,0000034270,0000097900,0000000000,0000097900,"N"
"H33 02101 0094",15-DEC-10,000450000.00,"GOOD SAMARITAN HOSPITAL","REGIONAL ACQUISITIONS LLC","WESTBROOK RD","REGIONAL ACQUISITIONS LLC","","1175 PEACHTREE ST STE 1230","","ATLANTA GA 30361","A",0015.40400,0000021390,0000000000,0000021390,0000061100,0000000000,0000061100,"N"
"H33 02104 0004",17-DEC-10,000000000.00,"KLUGH FRANK S AND","KLUGH FRANK S AND","5461 OAKES RD","KLUGH FRANK S AND","ELIZABETH","5461 OAKES RD","","CLAYTON OH 45315","A",0017.57600,0000008050,0000018170,0000026220,0000023000,0000051900,0000074900,"N"
"H33 02105 0011",02-DEC-10,000065000.00,"DUNCAN VIRGINIA FAY","SHELL DELBERT LOGAN AND","5555 SHILOH SPRINGS RD","SHELL DELBERT LOGAN AND","CORRINA LYNN","12842 PROVIDENCE RD","","BROOKVILLE OH 45309","A",0049.84300,0000011280,0000001790,0000013070,0000032240,0000005100,0000037340,"N"
"H33 02105 0014",17-NOV-10,000088000.00,"FIRSTMERIT-MOSS CREEK VENTURES","SPATZ THOMAS E AND","5045 SHILOH SPRINGS RD","SPATZ THOMAS E AND","ELIZABETH J","8027 SNAKE RD","","DAYTON OH 45426","A",0049.64500,0000044210,0000014950,0000059160,0000126320,0000042700,0000169020,"N"
"H33 02107 0011",17-SEP-10,000000000.00,"TAULBEE BEECH + EULA","TAULBEE BEECH AND","9325 SNAKE RD","TAULBEE BEECH AND","EULA CO-TRS","9431 SNAKE RD","","DAYTON OH 45426","A",0038.64700,0000010840,0000010030,0000020870,0000030980,0000028670,0000059650,"N"
"H33 02107 0012",17-SEP-10,000000000.00,"TAULBEE BEECH + EULA","TAULBEE BEECH AND","9431 SNAKE RD","TAULBEE BEECH AND","EULA CO-TRS","9431 SNAKE RD","","DAYTON OH 45426","A",0040.02900,0000010440,0000021800,0000032240,0000029840,0000062290,0000092130,"N"
"H33 02107 0036",17-SEP-10,000000000.00,"TAULBEE BEECH + EULA","TAULBEE BEECH AND","9431 SNAKE RD","TAULBEE BEECH AND","EULA CO-TRS","9431 SNAKE RD","","DAYTON OH 45426","A",0004.35300,0000000310,0000000000,0000000310,0000000880,0000000000,0000000880,"N"
"H33 02108 0009",22-SEP-10,000000000.00,"ULLERY KENNETH E AND","ULLERY KENNETH E","8150 SNAKE RD","ULLERY KENNETH E","","8150 SNAKE RD","","DAYTON OH 45426","A",0031.94300,0000012890,0000025780,0000038670,0000036830,0000073660,0000110490,"N"
"H33 02202 0099",08-SEP-10,000000000.00,"DERRINGER GEORGE D ET AL","JOSEPH DERRINGER ET AL 10","5376 STRAWBERRY CT","JOSEPH DERRINGER ET AL 10","","5376 STRAWBERRY CT","","DAYTON OH 45426","A",0002.57900,0000000670,0000000000,0000000670,0000001910,0000000000,0000001910,"N"
"H33 02209 0002",16-JUN-10,000000000.00,"BUCKINGHAM ROBERT G AND","BUCKINGHAM NANCY E TR","2770 N SNYDER RD","BUCKINGHAM NANCY E TR","","2770 N SNYDER RD","","DAYTON OH 45426","A",0037.23300,0000010210,0000026190,0000036400,0000029160,0000074830,0000103990,"N"
"H33 02209 0004",22-APR-10,000720000.00,"WASTE MANAGEMENT OF OHIO INC","BELVO STEVEN M AND","2351 N SNYDER RD","BELVO STEVEN M AND","JUDY K","9770 LITTLE RICHMOND RD","","BROOKVILLE OH 45309","A",0038.44400,0000002750,0000000000,0000002750,0000007860,0000000000,0000007860,"N"
"H33 02209 0010",22-APR-10,000720000.00,"WASTE MANAGEMENT OF OHIO INC","BELVO STEVEN M AND","POST TOWN RD","BELVO STEVEN M AND","JUDY K","9770 LITTLE RICHMOND RD","","BROOKVILLE OH 45309","A",0265.59200,0000037580,0000011000,0000048580,0000107370,0000031440,0000138810,"N"
"H33202105 0001",02-SEP-10,000000000.00,"KONDAS THOMAS TR","KONDAS THOMAS","7938 WESTBROOK RD","KONDAS THOMAS TR","","7938 WESTBROOK RD","","BROOKVILLE OH 45309","A",0026.90000,0000031140,0000022580,0000053720,0000088960,0000064500,0000153460,"N"
"H33202105 0001",02-SEP-10,000000000.00,"KONDAS THOMAS","KONDAS THOMAS TR","7938 WESTBROOK RD","KONDAS THOMAS TR","","7938 WESTBROOK RD","","BROOKVILLE OH 45309","A",0026.90000,0000031140,0000022580,0000053720,0000088960,0000064500,0000153460,"N"
"H33202105 0033",17-DEC-10,000000000.00,"KLUGH FRANK S","KLUGH FRANK S AND","OAKES RD","KLUGH FRANK S AND","ELIZABETH","5461 OAKES RD","","CLAYTON OH 45315","A",0007.42500,0000000390,0000000000,0000000390,0000001110,0000000000,0000001110,"N"
"H33202105 0052",17-NOV-10,000088000.00,"FIRSTMERIT-MOSS CREEK VENTURES","SPATZ THOMAS E AND","5045 SHILOH SPRINGS RD","FIRSTMERIT-MOSS CREEK VENTURES","LLC","111 CASCADE PLAZA CAS-61","","AKRON OH 44308","A",0003.44200,0000002690,0000000000,0000002690,0000007680,0000000000,0000007680,"N"
"J44204113 0007",10-SEP-10,000000000.00,"HARRISON MINNIE G","ALDREDGE MAXINE H ETAL 3","3000 SOLDIERS HOME WEST CARROLLTON RD","HARRISON JOHN W","","2470 RHOADES RD","","FARMERSVILLE OH 45325","A",0050.16000,0000016790,0000020950,0000037740,0000047980,0000059870,0000107850,"N"
"J44204203 0006",08-MAR-10,000064000.00,"CARTER JOEL L","DOWNER THOMAS","7295 HEMPLE RD","DOWNER THOMAS","","7295 HEMPLE RD","","DAYTON OH 45418","A",0001.99100,0000008150,0000017890,0000026040,0000023290,0000051110,0000074400,"N"
"J44204203 0006",19-JAN-10,000038000.00,"DEUTSCHE BANK TR","CARTER JOEL L","7295 HEMPLE RD","DOWNER THOMAS","","7295 HEMPLE RD","","DAYTON OH 45418","A",0001.99100,0000008150,0000017890,0000026040,0000023290,0000051110,0000074400,"N"
"K45 02502 0092",10-NOV-10,000000000.00,"COCKERHAM DAVE AND","COCKERHAM DAVE AND","UPPER MIAMISBURG RD","COCKERHAM DAVE AND","RUBY","10740 FARMSV-W CARROLLTON","","GERMANTOWN OH 45327","A",0003.33400,0000004670,0000000000,0000004670,0000013340,0000000000,0000013340,"N"
"K45 02511 0010",01-JUL-10,000079203.00,"ERNIE GREEN INDUSTRIES INC","BEARCREEK FARMS INC","BEAR CREEK RD","BEARCREEK FARMS INC","","1550 SOLDIERS HOME RD","","DAYTON OH 45418","A",0024.61500,0000003190,0000000000,0000003190,0000009100,0000000000,0000009100,"N"
"K45 02511 0012",04-JUN-10,000000000.00,"LYONS LORA S AND","DOUBLE L RANCH LLC","BEAR CREEK RD","DOUBLE L RANCH LLC","","5999 KODIAK RUN RD","","MIAMISBURG OH 45342","A",0075.00000,0000013150,0000000000,0000013150,0000037560,0000000000,0000037560,"N"
"K45 02511 0012",24-MAY-10,000275000.00,"LYONS JULIA A TR ET AL","US BANK TR ET AL","BEAR CREEK RD","DOUBLE L RANCH LLC","","5999 KODIAK RUN RD","","MIAMISBURG OH 45342","A",0075.00000,0000013150,0000000000,0000013150,0000037560,0000000000,0000037560,"N"
"K45 02511 0012",24-MAY-10,000000000.00,"US BANK TR ET AL","LYONS LORA S AND","BEAR CREEK RD","DOUBLE L RANCH LLC","","5999 KODIAK RUN RD","","MIAMISBURG OH 45342","A",0075.00000,0000013150,0000000000,0000013150,0000037560,0000000000,0000037560,"N"
"K45 02511 0013",24-MAY-10,000275000.00,"LYONS JULIA A TR ET AL","US BANK TR ET AL","BEAR CREEK RD","DOUBLE L RANCH LLC","","5999 KODIAK RUN RD","","MIAMISBURG OH 45342","A",0042.84200,0000002780,0000000000,0000002780,0000007950,0000000000,0000007950,"N"
"K45 02511 0013",04-JUN-10,000000000.00,"LYONS LORA S AND","DOUBLE L RANCH LLC","BEAR CREEK RD","DOUBLE L RANCH LLC","","5999 KODIAK RUN RD","","MIAMISBURG OH 45342","A",0042.84200,0000002780,0000000000,0000002780,0000007950,0000000000,0000007950,"N"
"K45 02511 0013",24-MAY-10,000000000.00,"US BANK TR ET AL","LYONS LORA S AND","BEAR CREEK RD","DOUBLE L RANCH LLC","","5999 KODIAK RUN RD","","MIAMISBURG OH 45342","A",0042.84200,0000002780,0000000000,0000002780,0000007950,0000000000,0000007950,"N"
"K45 02511 0014",24-MAY-10,000275000.00,"LYONS JULIA A TR ET AL","US BANK TR ET AL","5600 BEAR CREEK RD","DOUBLE L RANCH LLC","","5999 KODIAK RUN RD","","MIAMISBURG OH 45342","A",0071.55500,0000009790,0000000490,0000010280,0000027970,0000001400,0000029370,"N"
"K45 02511 0014",04-JUN-10,000000000.00,"LYONS LORA S AND","DOUBLE L RANCH LLC","5600 BEAR CREEK RD","DOUBLE L RANCH LLC","","5999 KODIAK RUN RD","","MIAMISBURG OH 45342","A",0071.55500,0000009790,0000000490,0000010280,0000027970,0000001400,0000029370,"N"
"K45 02511 0014",24-MAY-10,000000000.00,"US BANK TR ET AL","LYONS LORA S AND","5600 BEAR CREEK RD","DOUBLE L RANCH LLC","","5999 KODIAK RUN RD","","MIAMISBURG OH 45342","A",0071.55500,0000009790,0000000490,0000010280,0000027970,0000001400,0000029370,"N"
"K45 02511 0016",24-MAY-10,000000000.00,"US BANK TR ET AL","LYONS LORA S AND","BEAR CREEK RD","DOUBLE L RANCH LLC","","5999 KODIAK RUN RD","","MIAMISBURG OH 45342","A",0001.68000,0000000250,0000000000,0000000250,0000000720,0000000000,0000000720,"N"
"K45 02511 0016",24-MAY-10,000275000.00,"LYONS JULIA A TR ETAL","US BANK TR ET AL","BEAR CREEK RD","DOUBLE L RANCH LLC","","5999 KODIAK RUN RD","","MIAMISBURG OH 45342","A",0001.68000,0000000250,0000000000,0000000250,0000000720,0000000000,0000000720,"N"
"K45 02511 0016",04-JUN-10,000000000.00,"LYONS LORA S AND","DOUBLE L RANCH LLC","BEAR CREEK RD","DOUBLE L RANCH LLC","","5999 KODIAK RUN RD","","MIAMISBURG OH 45342","A",0001.68000,0000000250,0000000000,0000000250,0000000720,0000000000,0000000720,"N"
"K45 02511 0017",24-MAY-10,000000000.00,"US BANK TR ET AL","LYONS LORA S AND","5464 BEAR CREEK RD","DOUBLE L RANCH LLC","","5999 KODIAK RUN RD","","MIAMISBURG OH 45342","A",0006.30000,0000012580,0000027110,0000039690,0000035940,0000077470,0000113410,"N"
"K45 02511 0017",04-JUN-10,000000000.00,"LYONS LORA S AND","DOUBLE L RANCH LLC","5464 BEAR CREEK RD","DOUBLE L RANCH LLC","","5999 KODIAK RUN RD","","MIAMISBURG OH 45342","A",0006.30000,0000012580,0000027110,0000039690,0000035940,0000077470,0000113410,"N"
"K45 02511 0017",24-MAY-10,000275000.00,"LYONS JULIA A TR ETAL","US BANK TR ET AL","5464 BEAR CREEK RD","DOUBLE L RANCH LLC","","5999 KODIAK RUN RD","","MIAMISBURG OH 45342","A",0006.30000,0000012580,0000027110,0000039690,0000035940,0000077470,0000113410,"N"
"K45 02512 0003",09-JUL-10,000000000.00,"GARRISON HERMAN","GARRISON MARGARET M","5410 SOLDIERS HOME MIAMISBURG RD","GARRISON MARGARET M","","5410 SOLDIERS HOME MSBG RD","","MIAMISBURG OH 45342","A",0050.00000,0000012920,0000031640,0000044560,0000036900,0000090390,0000127290,"N"
"K45 02605 0006",05-FEB-10,000000000.00,"INNOVATION POINTE I LTD","INNOVATION POINTE I LTD","10469 AUSTIN BLVD","INNOVATION POINTE I LTD","","8163 OLD YANKEE RD STE B","","DAYTON OH 45458","A",0006.75280,0000000000,0000000000,0000000000,0000000000,0000000000,0000000000,"N"
"K45 02605 0006",14-JAN-10,000000000.00,"RLG MIAMI LTD AND KGS MIAMI LTD","INNOVATION POINTE I LTD","10469 AUSTIN BLVD","INNOVATION POINTE I LTD","","8163 OLD YANKEE RD STE B","","DAYTON OH 45458","A",0006.75280,0000000000,0000000000,0000000000,0000000000,0000000000,0000000000,"N"
"K45 02605 0014",14-JAN-10,000000000.00,"RLG MIAMI LTD AND","INNOVATION POINTE I LTD","SPRINGBORO PK","INNOVATION POINTE I LTD","","8163 OLD YANKEE RD STE B","","DAYTON OH 45458","A",0000.73470,0000000000,0000000000,0000000000,0000000000,0000000000,0000000000,"N"
"K45 02605 0014",05-FEB-10,000000000.00,"INNOVATION POINTE I LTD","INNOVATION POINTE I LTD","SPRINGBORO PK","INNOVATION POINTE I LTD","","8163 OLD YANKEE RD STE B","","DAYTON OH 45458","A",0000.73470,0000000000,0000000000,0000000000,0000000000,0000000000,0000000000,"N"
"K45 02608 0006",12-APR-10,000000000.00,"STANZE KELLIE","STANZE KELLIE AND","10122 MIAMISBURG SPRINGBORO RD","STANZE KELLIE AND","ARNOLD JOSEPH JR","10122 MIAMISBURG-SPRINGBORO RD","","MIAMISBURG OH 45342","A",0031.35000,0000014830,0000016730,0000031560,0000042360,0000047800,0000090160,"N"
"K45 02611 0029",19-OCT-10,000000000.00,"VAUGHN EUGENE AND","VAUGHN LOVENA","10962 GREEN APPLE RD","EUGENE VAUGHN","","10962 GREEN APPLE RD","","MIAMISBURG OH 45342","A",0012.89000,0000011120,0000020970,0000032090,0000031760,0000059900,0000091660,"N"
"K45 02611 0029",19-OCT-10,000000000.00,"VAUGHN LOVENA","VAUGHN LOVENA AND","10962 GREEN APPLE RD","EUGENE VAUGHN","","10962 GREEN APPLE RD","","MIAMISBURG OH 45342","A",0012.89000,0000011120,0000020970,0000032090,0000031760,0000059900,0000091660,"N"
"K45 02612 0015",05-MAY-10,000000000.00,"HECKER DAVID L AND","FIVE RIVERS METROPARKS","9980 DAYTON CINCINNATI PIKE","FIVE RIVERS METROPARKS","","1375 E SIEBENTHALER AVE","","DAYTON OH 45414","A",0063.67500,0000064000,0000023370,0000087370,0000182860,0000066780,0000249640,"N"
"K45 02612 0057",05-MAY-10,000000000.00,"HECKER DAVID L AND","FIVE RIVERS METROPARKS","S DIXIE DR","FIVE RIVERS METROPARKS","","1375 E SIEBENTHALER AVE","","DAYTON OH 45414","A",0001.49600,0000002090,0000000000,0000002090,0000005980,0000000000,0000005980,"N"
"K45302506 0014",30-DEC-10,000000000.00,"SOUTH UNION RANCH LLC","SOUTH UNION RANCH LLC","UNION RD","SOUTH UNION RANCH LLC","","462 N SPRINGBORO PIKE","","DAYTON OH 45449","A",0023.68800,0000002240,0000000000,0000002240,0000006410,0000000000,0000006410,"N"
"K46 01623 0002",12-AUG-10,000000000.00,"DAYTON-MONTGOMERY COUNTY PORT AUTHORITY","MONTGOMERY COUNTY TRANSPORTATION","MIAMISBURG SPRINGBORO RD","SMBC LEASING AND FINANCE INC","","277 PARK AVE","","NEW YORK NY 10172","A",0022.13470,0000028370,0000000000,0000028370,0000081050,0000000000,0000081050,"N"
"K46 01623 0002",12-AUG-10,000000000.00,"MONTGOMERY COUNTY TRANSPORTATION","MIAMISBURG CITY OF","MIAMISBURG SPRINGBORO RD","SMBC LEASING AND FINANCE INC","","277 PARK AVE","","NEW YORK NY 10172","A",0022.13470,0000028370,0000000000,0000028370,0000081050,0000000000,0000081050,"N"
"K46 01623 0002",12-AUG-10,000000000.00,"MIAMISBURG CITY OF","SMBC LEASING AND FINANCE INC","MIAMISBURG SPRINGBORO RD","SMBC LEASING AND FINANCE INC","","277 PARK AVE","","NEW YORK NY 10172","A",0022.13470,0000028370,0000000000,0000028370,0000081050,0000000000,0000081050,"N"
"K48200920 0031",25-AUG-10,000175000.00,"JACKSON PERRY JR","FOWIE JEFFREY E AND","4066 SOLDIERS HOME MIAMISBURG RD","FOWIE JEFFREY E AND","TATYANA","4066 SOLD HM MIAMISBURG RD","","MIAMISBURG OH 45342","A",0014.56100,0000009430,0000034920,0000044350,0000026930,0000099770,0000126700,"N"
"L52 00109 0010",02-JUN-10,000000000.00,"HLIARAS SHIRLEY C","HLIARAS SHIRLEY C TR","831 W MAIN ST","HLIARAS SHIRLEY C TR","","962 FRANKLIN RD","","WAYNESVILLE OH 45068","A",0059.02400,0000020160,0000004660,0000024820,0000057600,0000013300,0000070900,"N"
"L53 02807 0024",05-NOV-10,000000000.00,"CROWE HAROLD","SOLLENBERGER JERRY L AND","15521 LITTLE RICHMOND RD","SOLLENBERGER JERRY L AND","KAREN M TRUSTEES","3550 N PREBLE COUNTY LINE RD","","WEST ALEXANDRIA OH 45381","A",0060.61000,0000020580,0000033710,0000054290,0000058790,0000096310,0000155100,"N"
"L53 02808 0013",09-DEC-10,000000000.00,"WYSONG IMOLOU R","WYSONG IMOLOU R TRUSTEE","LITTLE RICHMOND RD","WYSONG IMOLOU R TRUSTEE","","14778 LITTLE RICHMOND RD","","NEW LEBANON OH 45345","A",0065.06800,0000013450,0000000000,0000013450,0000038440,0000000000,0000038440,"N"
"L53 02811 0045",30-DEC-10,000000000.00,"LEIS H DUANE AND","LEIS FARMS LLC","LITTLE RICHMOND RD","LEIS H DUANE AND","NANCY L TRS","2092 N CLAYTON RD","","BROOKVILLE OH 45309-9311","A",0047.77700,0000009680,0000006110,0000015790,0000027650,0000017470,0000045120,"N"
"L53 02811 0047",30-DEC-10,000000000.00,"LEIS H DUANE AND","LEIS FARMS LLC","11329 LITTLE RICHMOND RD","LEIS H DUANE AND","NANCY L TRS","2092 N CLAYTON RD","","BROOKVILLE OH 45309-9311","A",0013.21600,0000002820,0000000000,0000002820,0000008060,0000000000,0000008060,"N"
"L53 02812 0014",30-DEC-10,000000000.00,"LEIS H DUANE SR AND","LEIS FARMS LLC","10591 LITTLE RICHMOND RD","LEIS H DUANE SR AND","NANCY L","2092 N CLAYTON RD","","BROOKVILLE OH 45309","A",0040.00000,0000014790,0000032680,0000047470,0000042260,0000093360,0000135620,"N"
"L53 02903 0001",22-DEC-10,000400000.00,"ROWE RAY H AND","ROWE DONALD W AND","12610 LITTLE RICHMOND RD","ROWE DONALD W AND","PATRICIA A","4560 SEYBOLD RD","","DAYTON OH 45426","A",0078.23700,0000021340,0000049300,0000070640,0000060980,0000140850,0000201830,"N"
"L53 02903 0009",30-DEC-10,000000000.00,"LEIS H DUANE AND","LEIS FARMS LLC","12042 LITTLE RICHMOND RD","LEIS H DUANE AND","NANCY L TRS","2092 N CLAYTON RD","","BROOKVILLE OH 45309-9311","A",0126.28600,0000035000,0000048670,0000083670,0000100000,0000139050,0000239050,"N"
"L53 02904 0027",16-JUL-10,000000000.00,"SEIM JANICE L","KRISELER GAIL","13335 OLD DAYTON RD","KRISELER GAIL","","13335 OLD DAYTON RD","","NEW LEBANON OH 45345","A",0053.45700,0000018970,0000019430,0000038400,0000054200,0000055520,0000109720,"N"
"L53 02906 0006",05-MAY-10,000000000.00,"PULS RONALD L","PULS RONALD L AND","LITTLE RICHMOND RD","PULS RONALD L AND","PHYLLIS M","435 E CENTER ST","","GERMANTOWN OH 45327","A",0089.26800,0000022150,0000000000,0000022150,0000063290,0000000000,0000063290,"N"
"L53 02906 0008",13-JAN-10,000375000.00,"STECK DAVID ET AL 4","CROWE DOUGLAS E ET AL 4","1721 N SULPHUR SPRINGS RD","CROWE DOUGLAS E ET AL 4","","2550 N PREBLE COUNTY LINE RD","","WEST ALEXANDRIA OH 45381","A",0073.53500,0000022640,0000006670,0000029310,0000064690,0000019050,0000083740,"N"
"L53 02906 0011",28-MAY-10,000000000.00,"ARNETT DORIS A TR","ARNETT DORIS A TR","OLD DAYTON RD","ARNETT DORIS A TR","","872 N SULPHUR SPRINGS RD","","WEST ALEXANDRIA OH 45381","A",0020.15000,0000004990,0000000000,0000004990,0000014250,0000000000,0000014250,"N"
"L53 02906 0013",29-OCT-10,000000000.00,"SOLLENBERGER JERRY L ET AL 4","SOLLENBERGER JERRY L TRUSTEE","15509 OLD DAYTON RD","SOLLENBERGER JERRY L AND","KAREN M TRUSTEES","3550 N PREBLE COUNTY LINE RD","","WEST ALEXANDRIA OH 45381","A",0111.50000,0000030720,0000004520,0000035240,0000087760,0000012910,0000100670,"N"
"L53 02906 0013",05-NOV-10,000000000.00,"SOLLENBERGER JERRY L TRUSTEE","SOLLENBERGER JERRY L TRUSTEE","15509 OLD DAYTON RD","SOLLENBERGER JERRY L AND","KAREN M TRUSTEES","3550 N PREBLE COUNTY LINE RD","","WEST ALEXANDRIA OH 45381","A",0111.50000,0000030720,0000004520,0000035240,0000087760,0000012910,0000100670,"N"
"L53 02906 0013",16-JUN-10,000645000.00,"BURNETT NANCY AND","SOLLENBERGER JERRY L ET AL 4","15509 OLD DAYTON RD","SOLLENBERGER JERRY L AND","KAREN M TRUSTEES","3550 N PREBLE COUNTY LINE RD","","WEST ALEXANDRIA OH 45381","A",0111.50000,0000030720,0000004520,0000035240,0000087760,0000012910,0000100670,"N"
"L53 02906 0013",05-NOV-10,000000000.00,"SOLLENBERGER JERRY L TRUSTEE","SOLLENBERGER JERRY L AND","15509 OLD DAYTON RD","SOLLENBERGER JERRY L AND","KAREN M TRUSTEES","3550 N PREBLE COUNTY LINE RD","","WEST ALEXANDRIA OH 45381","A",0111.50000,0000030720,0000004520,0000035240,0000087760,0000012910,0000100670,"N"
"L53 02906 0026",05-NOV-10,000000000.00,"SOLLENBERGER JERRY L TRUSTEE","SOLLENBERGER JERRY L TRUSTEE","OLD DAYTON RD","SOLLENBERGER JERRY L AND","KAREN M TRUSTEES","3550 N PREBLE COUNTY LINE RD","","WEST ALEXANDRIA OH 45381","A",0015.00000,0000003270,0000000000,0000003270,0000009330,0000000000,0000009330,"N"
"L53 02906 0026",16-JUN-10,000645000.00,"BURNETT ELLSWORTH","SOLLENBERGER JERRY L ET AL 4","OLD DAYTON RD","SOLLENBERGER JERRY L AND","KAREN M TRUSTEES","3550 N PREBLE COUNTY LINE RD","","WEST ALEXANDRIA OH 45381","A",0015.00000,0000003270,0000000000,0000003270,0000009330,0000000000,0000009330,"N"
"L53 02906 0026",29-OCT-10,000000000.00,"SOLLENBERGER JERRY L ET AL 4","SOLLENBERGER JERRY L TRUSTEE","OLD DAYTON RD","SOLLENBERGER JERRY L AND","KAREN M TRUSTEES","3550 N PREBLE COUNTY LINE RD","","WEST ALEXANDRIA OH 45381","A",0015.00000,0000003270,0000000000,0000003270,0000009330,0000000000,0000009330,"N"
"L53 02906 0026",05-NOV-10,000000000.00,"SOLLENBERGER JERRY L TRUSTEE","SOLLENBERGER JERRY L AND","OLD DAYTON RD","SOLLENBERGER JERRY L AND","KAREN M TRUSTEES","3550 N PREBLE COUNTY LINE RD","","WEST ALEXANDRIA OH 45381","A",0015.00000,0000003270,0000000000,0000003270,0000009330,0000000000,0000009330,"N"
"L53 02907 0009",19-NOV-10,000185000.00,"CORY CARL T","SOLLENBERGER ROY J AND","782 SHEEP RD","SOLLENBERGER ROY J AND","HELEN M TRS","782 SHEEP RD","","NEW LEBANON OH 45345","A",0039.50000,0000015090,0000026110,0000041200,0000043100,0000074610,0000117710,"N"
"L53 02907 0011",28-MAY-10,000000000.00,"ARNETT DORIS A TR","ARNETT DORIS A TR","995 N SULPHUR SPRINGS RD","ARNETT DORIS A TR","","872 N SULPHUR SPRINGS RD","","WEST ALEXANDRIA OH 45381","A",0001.00000,0000006640,0000012570,0000019210,0000018960,0000035920,0000054880,"N"
"L53 02907 0012",28-MAY-10,000000000.00,"ARNETT DORIS A TR","ARNETT DORIS A TR","SULPHUR SPRINGS RD","ARNETT DORIS A TR","","872 N SULPHUR SPRINGS RD","","WEST ALEXANDRIA OH 45381","A",0023.00000,0000005280,0000000000,0000005280,0000015090,0000000000,0000015090,"N"
"L53 02907 0024",05-NOV-10,000000000.00,"SOLLENBERGER JERRY L TRUSTEE","SOLLENBERGER JERRY L TRUSTEE","15031 EATON PIKE","SOLLENBERGER JERRY LEE AND","KAREN M","3550 PREBLE COUNTY LINE RD","","WEST ALEXANDRIA OH 45381-9610","A",0037.50000,0000008850,0000000000,0000008850,0000025280,0000000000,0000025280,"N"
"L53 02907 0024",29-OCT-10,000000000.00,"SOLLENBERGER JERRY LEE AND","SOLLENBERGER JERRY L TRUSTEE","15031 EATON PIKE","SOLLENBERGER JERRY LEE AND","KAREN M","3550 PREBLE COUNTY LINE RD","","WEST ALEXANDRIA OH 45381-9610","A",0037.50000,0000008850,0000000000,0000008850,0000025280,0000000000,0000025280,"N"
"L53 02908 0001",28-MAY-10,000000000.00,"ARNETT DORIS A TR","ARNETT DORIS A TR","872 N SULPHUR SPRINGS RD","ARNETT DORIS A TR","","872 N SULPHUR SPRINGS RD","","WEST ALEXANDRIA OH 45381","A",0050.00000,0000016980,0000035490,0000052470,0000048520,0000101410,0000149930,"N"
"L53 02908 0014",21-APR-10,000195000.00,"STOCKLAGER JOYCE D TR","STOCKLAGERS GREENHOUSE & GARDEN CTR INC","14015 EATON PIKE","STOCKLAGERS GREENHOUSE & GARDEN CTR INC","","14037 EATON PIKE","","NEW LEBANON OH 45345","A",0013.00000,0000009610,0000025810,0000035420,0000027450,0000073740,0000101190,"N"
"L53 02908 0056",21-APR-10,000195000.00,"STOCKLAGER JOYCE D TR","STOCKLAGERS GREENHOUSE & GARDEN CTR INC","14037 EATON PIKE","STOCKLAGERS GREENHOUSE & GARDEN CTR INC","","14037 EATON PIKE","","NEW LEBANON OH 45345","A",0007.17800,0000008190,0000011230,0000019420,0000023410,0000032090,0000055500,"N"
"L53 02909 0010",24-NOV-10,000258500.00,"WATKINS DEVELOPMENT","FLORA BRUCE E","691 JOHNSVILLE BROOKVILLE RD","FLORA BRUCE E","","14391 PROVIDENCE RD","","BROOKVILLE OH 45309","A",0037.09600,0000008990,0000000000,0000008990,0000025680,0000000000,0000025680,"N"
"L53 02909 0049",29-APR-10,000000000.00,"STOCKLAGER JOYCE D TR","STOCKSLAGER SCOTT ALAN ET AL 3","2 EATON PIKE","STOCKSLAGER SCOTT ALAN ET AL 3","","14037 EATON PIKE","","NEW LEBANON OH 45345","A",0016.10400,0000003790,0000000000,0000003790,0000010830,0000000000,0000010830,"N"
"L53 02912 0093",23-JUL-10,000154650.00,"SIMPSON LEONARD H IV","MAKELA TAMARA L","10910 OLD DAYTON RD","MAKELA TAMARA L","","10910 OLD DAYTON RD","","NEW LEBANON OH 45345","A",0003.78800,0000007660,0000033340,0000041000,0000021880,0000095270,0000117150,"N"
"L55 02701 0075",09-JUN-10,000000000.00,"JMZ INVESTMENT LLC","BJ BUILDING CO LLC","WESTBROOK RD","BJ BUILDING CO LLC","","P O BOX 13542","","DAYTON OH 45413","A",0030.87000,0000006520,0000000000,0000006520,0000018640,0000000000,0000018640,"N"
"L55 02704 0004",09-FEB-10,000000000.00,"DREXLER HENRY E","DREXLER HENRY E","12501 BROOKVILLE PYRMONT RD","DREXLER HENRY E","","12501 BROOKVILLE-PYRMONT RD","","BROOKVILLE OH 45309","A",0023.60000,0000013920,0000022660,0000036580,0000039760,0000064730,0000104490,"N"
"L55 02704 0050",13-JUL-10,000000000.00,"ZIZERT ROBERT L AND","ZIZERT ROBERT L","5151 JOHNSVILLE BROOKVILLE RD","ZIZERT ROBERT L","","5151 JOHNSVILLE BROOKVILLE RD","","BROOKVILLE OH 45309","A",0019.40200,0000012500,0000037130,0000049630,0000035720,0000106090,0000141810,"N"
"L55 02704 0056",13-JUL-10,000000000.00,"ZIZERT ROBERT L","ZIZERT ROBERT L","AIR HILL RD","ZIZERT ROBERT L","","5151 JOHNSVILLE BROOKVILLE RD","","BROOKVILLE OH 45309","A",0037.91700,0000008750,0000000000,0000008750,0000024990,0000000000,0000024990,"N"
"L55 02709 0006",14-MAY-10,000125000.00,"CONES MARILYN M","CONES MARILYN M","JOHNSVILLE BROOKVILLE RD","CONES MARILYN M","","5541 NOTTINGHAM PL","","FAIRFIELD OH 45014","A",0073.15800,0000013210,0000000000,0000013210,0000037740,0000000000,0000037740,"N"
"L55 02709 0041",30-DEC-10,000000000.00,"LEIS H DUANE SR AND","LEIS FARMS LLC","CRAWFORD TOMS RUN RD","LEIS H DUANE SR AND","NANCY L TRUSTEES","2092 N CLAYTON RD","","BROOKVILLE OH 45309","A",0059.27400,0000013710,0000000000,0000013710,0000039180,0000000000,0000039180,"N"
"L55 02710 0004",13-APR-10,000000000.00,"BEHNKEN ROBERT E TR","BEHNKEN SCOTT E TR","AIR HILL RD","SCOTT E BEHNKEN TRUSTEE","ROBERT E BEHNKEN TRUST","475 ARLINGTON RD","","BROOKVILLE OH 45309","A",0068.07000,0000011570,0000000840,0000012410,0000033060,0000002400,0000035460,"N"
"L55 02710 0014",13-APR-10,000000000.00,"BEHNKEN ROBERT E TR","BEHNKEN SCOTT E TR","12100 AIR HILL RD","SCOTT E BEHNKEN TRUSTEE","ROBERT E BEHNKEN TRUST","475 ARLINGTON RD","","BROOKVILLE OH 45309","A",0066.34400,0000019470,0000008260,0000027730,0000055640,0000023590,0000079230,"N"
"L55 02710 0024",08-JUL-10,000000000.00,"BEHNKEN BONNA LEE","BEHNKEN BONNA LEE","12170 AIR HILL RD","BEHNKEN BONNA LEE","","475 ARLINGTON RD","","BROOKVILLE OH 45309","A",0005.01300,0000013500,0000108910,0000122410,0000038570,0000311180,0000349750,"N"
"L55 02710 0025",13-JAN-10,000295000.00,"CONES MARILYN","DULL HOMESTEAD INC","12618 AIR HILL RD","DULL HOMESTEAD INC","","10404 NATIONAL RD","","BROOKVILLE OH 45309","A",0063.65400,0000013680,0000001620,0000015300,0000039090,0000004640,0000043730,"N"
"L55 02711 0002",09-FEB-10,000241646.00,"LUBURGH DEBORAH A","MITCHELL PHILIP J","4681 N CLAYTON RD","MITCHELL PHILIP J","","3919 N SABLE RIDGE DR","","BELLBROOK OH 45035","A",0116.02600,0000024780,0000027050,0000051830,0000070810,0000077290,0000148100,"N"
"L55 02802 0054",08-NOV-10,000000000.00,"ST JOHN CHRIS A AND","MILLIKIN CINDY J","11975 AMITY RD","MILLIKIN CINDY J","","11975 AMITY RD","","BROOKVILLE OH 45309","A",0001.12000,0000003160,0000000000,0000003160,0000009030,0000000000,0000009030,"N"
"L55 02804 0002",10-NOV-10,000000000.00,"WINDHAM MICHAEL L AND","WINDHAM MICHAEL L AND","13080 PROVIDENCE RD","WINDHAM MICHAEL L AND","DONNA L","5754 CEDARWOOD LN","","LEWISBURG OH 45338","A",0037.74000,0000019700,0000041560,0000061260,0000056280,0000118750,0000175030,"N"
"L55 02804 0003",10-NOV-10,000000000.00,"WINDHAM MICHAEL L AND","WINDHAM MICHAEL L AND","JOHNSVILLE BROOKVILLE RD","WINDHAM MICHAEL L AND","DONNA L","5754 CEDARWOOD LN","","LEWISBURG OH 45338","A",0035.50000,0000006620,0000000000,0000006620,0000018910,0000000000,0000018910,"N"
"L55 02806 0001",09-DEC-10,000000000.00,"WYSONG IMOLOU R TR","WYSONG IMOLOU R TR","3891 N SULPHUR SPRINGS RD","WYSONG IMOLOU R TR","","14778 LITTLE RICHMOND RD","","NEW LEBANON OH 45345","A",0052.49000,0000019870,0000015600,0000035470,0000056770,0000044570,0000101340,"N"
"L55 02806 0016",29-OCT-10,000000000.00,"SOLLENBERGER JERRY LEE AND","SOLLENBERGER JERRY L TRUSTEE","3550 N PREBLE COUNTY LINE RD","SOLLENBERGER JERRY L AND","KAREN M TRUSTEES","3550 N PREBLE COUNTY LINE RD","","WEST ALEXANDRIA OH 45381","A",0092.00000,0000028480,0000038800,0000067280,0000081380,0000110850,0000192230,"N"
"L55 02806 0016",05-NOV-10,000000000.00,"SOLLENBERGER JERRY L TRUSTEE","SOLLENBERGER JERRY L TRUSTEE","3550 N PREBLE COUNTY LINE RD","SOLLENBERGER JERRY L AND","KAREN M TRUSTEES","3550 N PREBLE COUNTY LINE RD","","WEST ALEXANDRIA OH 45381","A",0092.00000,0000028480,0000038800,0000067280,0000081380,0000110850,0000192230,"N"
"L55 02806 0016",05-NOV-10,000000000.00,"SOLLENBERGER JERRY L TRUSTEE","SOLLENBERGER JERRY L AND","3550 N PREBLE COUNTY LINE RD","SOLLENBERGER JERRY L AND","KAREN M TRUSTEES","3550 N PREBLE COUNTY LINE RD","","WEST ALEXANDRIA OH 45381","A",0092.00000,0000028480,0000038800,0000067280,0000081380,0000110850,0000192230,"N"
"M57 00909 0011",10-MAY-10,000000000.00,"SANZENBACHER ZELLIAH L","SEC OF VETERANS AFFAIRS","WESTBROOK RD","CUESTA JOSEPH P","","6549 WESTBROOK RD","","DAYTON OH 45413","A",0000.87800,0000002370,0000000000,0000002370,0000006780,0000000000,0000006780,"N"
"M57 00909 0011",09-NOV-10,000000000.00,"SEC OF VETERANS AFFAIRS","CUESTA JOSEPH P","WESTBROOK RD","CUESTA JOSEPH P","","6549 WESTBROOK RD","","DAYTON OH 45413","A",0000.87800,0000002370,0000000000,0000002370,0000006780,0000000000,0000006780,"N"
"M58 00213 0007",13-JUL-10,000000000.00,"STUDEBAKER JAMES D +","STUDEBAKER JAMES D AND","ST RT 48","JAMES D STUDEBAKER","","811 N MAIN ST","","UNION OH 45322-9745","A",0001.92300,0000000070,0000000000,0000000070,0000000190,0000000000,0000000190,"N"
"M58 00213 0008",13-JUL-10,000000000.00,"STUDEBAKER JAMES D +","STUDEBAKER JAMES D AND","811 N MAIN ST","JAMES D STUDEBAKER","","811 N MAIN ST","","UNION OH 45322-9745","A",0003.16300,0000008830,0000029990,0000038820,0000025220,0000085690,0000110910,"N"
"M58 00322 0002",13-JUL-10,000000000.00,"STUDEBAKER JAMES D AND","STUDEBAKER JAMES D AND","ST RT 48","STUDEBAKER JAMES D AND","LANA S TRS","811 N MAIN ST","","ENGLEWOOD OH 45322","A",0030.34000,0000004570,0000000000,0000004570,0000013050,0000000000,0000013050,"N"
"M58 00322 0006",13-JUL-10,000000000.00,"STUDEBAKER JAMES D AND","STUDEBAKER JAMES D AND","ST RT 48","STUDEBAKER JAMES D AND","LANA S TRS","811 N MAIN ST","","ENGLEWOOD OH 45322","A",0073.83000,0000009430,0000000000,0000009430,0000026940,0000000000,0000026940,"N"
"M58 00322 0018",05-NOV-10,000285369.00,"GO GRAVEL LLC","PHILLIPS VANDALIA LLC","OLD SPRINGFIELD RD","GO GRAVEL LLC","","7900 S KESSLER FREDERICK RD","","TIPP CITY OH 45371","A",0001.90200,0000000140,0000000000,0000000140,0000000390,0000000000,0000000390,"N"
"M58100410 0003",05-NOV-10,000285369.00,"DAVIDSON MARTHA L TR","PHILLIPS VANDALIA LLC","BALLINGER RD","DAVIDSON MARTHA L TR","","3378 THIRTY FOURTH AVE","","COLUMBUS NE 68601","A",0154.24000,0000000000,0000000000,0000000000,0000000000,0000000000,0000000000,"N"
"M58100410 0015",01-DEC-10,000050000.00,"MILLER THOMAS O","VISTA PROPERTIES MANAGEMENT LLC","OLD SPRINGFIELD RD","THOMAS O MILLER","","7900 S KESSLER FREDRCK RD","","TIPP CITY OH 45371-9689","A",0006.29900,0000022340,0000000000,0000022340,0000063820,0000000000,0000063820,"N"
"M58100411 0004",01-DEC-10,000050000.00,"MILLER THOMAS O","VISTA PROPERTIES MANAGEMENT LLC","OLD SPRINGFIELD RD","VISTA PROPERTIES MANAGEMENT LLC","","5190 MARKEY","","DAYTON OH 45415","A",0018.82000,0000025180,0000021040,0000046220,0000071940,0000060110,0000132050,"N"
"M60 03002 0018",15-SEP-10,000700000.00,"MCNULTY GALE D","KANUCKEL ROBERT B AND","11649 OLD MILL RD","KANUCKEL ROBERT B AND","PATRICIA A","11649 OLD MILL RD","","ENGLEWOOD OH 45322","A",0023.72400,0000036010,0000133130,0000169140,0000102880,0000380370,0000483250,"N"
"M60 03002 0018",24-JUN-10,000000000.00,"MCNULTY GALE D","MCNULTY GALE D","11649 OLD MILL RD","KANUCKEL ROBERT B AND","PATRICIA A","11649 OLD MILL RD","","ENGLEWOOD OH 45322","A",0023.72400,0000036010,0000133130,0000169140,0000102880,0000380370,0000483250,"N"
"M60 03005 0001",07-OCT-10,000300000.00,"PRICE STUART L AND","MILLER PAUL E JR AND","5780 PHILLIPSBURG UNION RD","MILLER PAUL E JR AND","CHRISTINA M","5780 PHILLIPSBURG-UNION RD","","ENGLEWOOD OH 45322","A",0011.00100,0000010900,0000068870,0000079770,0000031130,0000196780,0000227910,"N"
"M60 03207 0024",09-NOV-10,000000000.00,"SEC OF VETERANS AFFAIRS","CUESTA JOSEPH P","WESTBROOK RD","CUESTA JOSEPH P","","6549 WESTBROOK RD","","DAYTON OH 45413","A",0000.14100,0000000000,0000000000,0000000000,0000000000,0000000000,0000000000,"N"
"M60 03207 0024",10-MAY-10,000000000.00,"SANZENBACHER ZELLIAH L","SEC OF VETERANS AFFAIRS","WESTBROOK RD","CUESTA JOSEPH P","","6549 WESTBROOK RD","","DAYTON OH 45413","A",0000.14100,0000000000,0000000000,0000000000,0000000000,0000000000,0000000000,"N"
"M60 03207 0026",28-DEC-10,000000000.00,"MURPHY BARBARA A","NEW HOPE CAMP AND","WESTBROOK RD","NEW HOPE CAMP AND","CONFERENCE CENTER INC","4805 HIGHWAY 86 N","","CHAPEL HILL NC 27514","A",0039.40500,0000024800,0000000000,0000024800,0000070860,0000000000,0000070860,"N"
"M60 03207 0079",10-MAY-10,000000000.00,"SANZENBACHER ZELLIAH L","SEC OF VETERANS AFFAIRS","WESTBROOK RD","CUESTA JOSEPH P","","6549 WESTBROOK RD","","DAYTON OH 45413","A",0000.05900,0000000000,0000000000,0000000000,0000000000,0000000000,0000000000,"N"
"M60 03207 0079",09-NOV-10,000000000.00,"SEC OF VETERANS AFFAIRS","CUESTA JOSEPH P","WESTBROOK RD","CUESTA JOSEPH P","","6549 WESTBROOK RD","","DAYTON OH 45413","A",0000.05900,0000000000,0000000000,0000000000,0000000000,0000000000,0000000000,"N"
"O67 03801 0001",05-JAN-10,000000000.00,"SUKOLA JOHN JR AND","SUKOLA JOHN IV TR","11166 GEBHART RD","SUKOLA JOHN IV ET AL 3","","4939 HATHAWAY RD","","LEBANON OH 45036","A",0026.33200,0000022880,0000048440,0000071320,0000065360,0000138390,0000203750,"N"
"O67 03801 0001",08-JAN-10,000000000.00,"SUKOLA JOHN IV ET AL 4","SUKOLA JOHN IV ET AL 3","11166 GEBHART RD","SUKOLA JOHN IV ET AL 3","","4939 HATHAWAY RD","","LEBANON OH 45036","A",0026.33200,0000022880,0000048440,0000071320,0000065360,0000138390,0000203750,"N"
"O67 03801 0001",08-JAN-10,000000000.00,"SUKOLA JOHN IV TR","SUKOLA JOHN IV ET AL 4","11166 GEBHART RD","SUKOLA JOHN IV ET AL 3","","4939 HATHAWAY RD","","LEBANON OH 45036","A",0026.33200,0000022880,0000048440,0000071320,0000065360,0000138390,0000203750,"N"
"O67 03801 0001",05-JAN-10,000000000.00,"SUKOLA JOHN JR AND","SUKOLA JOHN JR AND","11166 GEBHART RD","SUKOLA JOHN IV ET AL 3","","4939 HATHAWAY RD","","LEBANON OH 45036","A",0026.33200,0000022880,0000048440,0000071320,0000065360,0000138390,0000203750,"N"
"O67 03802 0047",04-MAR-10,000000000.00,"OAKES SHERY B","OAKES FAMILY LIMITED PARTNERSHIP","NUTT RD","OAKES FAMILY LIMITED PARTNERSHIP","","8534 YANKEE ST","","DAYTON OH 45458","A",0079.88700,0000005270,0000000000,0000005270,0000015060,0000000000,0000015060,"N"
"O67 03803 0020",19-AUG-10,000000000.00,"WHITSELL JEFFREY L","WHITSELL JEFFREY L AND","9429 CLYO RD","WHITSELL JEFFREY L AND","CHERYL L","9429 CLYO RD","","DAYTON OH 45458","A",0030.71100,0000022710,0000066010,0000088720,0000064890,0000188590,0000253480,"N"
"O67 03803 0107",18-AUG-10,000000000.00,"SADDLE CREEK ASSOCIATES LTD","TRAILS PARTNERS LLC","CLYO RD","TRAILS PARTNERS LLC","","55 RHODES CENTER DR","","DAYTON OH 45459","A",0000.17840,0000001560,0000000000,0000001560,0000004460,0000000000,0000004460,"N"
"O67 03810 0023",24-AUG-10,000000000.00,"HORST MARY D","HORST WILLIAM J","10165 DAYTON LEBANON PIKE","HORST WILLIAM J","","270 LAIRWOOD DR","","DAYTON OH 45458","A",0027.18500,0000020670,0000049220,0000069890,0000059060,0000140640,0000199700,"N"
"O67 03810 0049",02-JUL-10,000255789.00,"GENERATION 3 LLC","HILLS LAND & DEVELOPMENT COMPANY","10869 DAYTON LEBANON PIKE","HILLS LAND & DEVELOPMENT COMPANY","","4901 HUNT RD STE 300","","CINCINNATI OH 45242","A",0025.13060,0000005960,0000000000,0000005960,0000017030,0000000000,0000017030,"N"
"O67 03813 0005",02-AUG-10,000000000.00,"DIVIDED RIDGE ASSOCIATES, LTD","DIVIDED RIDGE ASSOCIATES, LTD","W SOCIAL ROW RD","DIVIDED RIDGE ASSSOC. LTD","","9080 SPRINGBORO PIKE STE.100","","MIAMISBURG OH 45342","A",0087.42300,0000017840,0000000000,0000017840,0000050980,0000000000,0000050980,"N"
"O67 03813 0062",29-APR-10,000000000.00,"WASHINGTON TOWNSHIP BOARD","BOARD OF EDUCATION OF CENTERVILLE","SHEEHAN RD","BOARD OF EDUCATION OF CENTERVILLE","CITY SCHOOL DIST","111 VIRGINIA AVE","","DAYTON OH 45458","A",0001.84300,0000000000,0000000000,0000000000,0000000000,0000000000,0000000000,"N"
"O67 03813 0063",18-JUN-10,000000000.00,"BOARD OF EDUCATION OF CENTERVILLE","BOARD OF COUNTY COMMISSIONERS OF","SHEEHAN RD","BOARD OF COUNTY COMMISSIONERS OF","MONTGOMERY COUNTY","451 W THIRD ST","","DAYTON OH 45422","A",0001.83000,0000000000,0000000000,0000000000,0000000000,0000000000,0000000000,"N"
"O67 03813 0063",29-APR-10,000000000.00,"WASHINGTON TOWNSHIP BOARD","BOARD OF EDUCATION OF CENTERVILLE","SHEEHAN RD","BOARD OF COUNTY COMMISSIONERS OF","MONTGOMERY COUNTY","451 W THIRD ST","","DAYTON OH 45422","A",0001.83000,0000000000,0000000000,0000000000,0000000000,0000000000,0000000000,"N"
"O68 00606 0035",01-SEP-10,000141000.00,"KARRAS TERRY J TR ET AL 4","KARRAS TERRY J TR ET AL 4","ST RT 725","KARRAS TERRY J TR ET AL 4","","P O BOX 292346","","DAYTON OH 45429","A",0014.76900,0000229700,0000000000,0000229700,0000656290,0000000000,0000656290,"N"
"O68 00606 0035",01-SEP-10,000000000.00,"OHIO REALTY INVESTMENT GROUP LLC","KARRAS TERRY J TR ET AL 4","ST RT 725","KARRAS TERRY J TR ET AL 4","","P O BOX 292346","","DAYTON OH 45429","A",0014.76900,0000229700,0000000000,0000229700,0000656290,0000000000,0000656290,"N"
"O68 00606 0035",19-FEB-10,000000000.00,"CROSSTOWNE PROPERTIES LTD","OHIO REALTY INVESTMENT GROUP LLC","ST RT 725","KARRAS TERRY J TR ET AL 4","","P O BOX 292346","","DAYTON OH 45429","A",0014.76900,0000229700,0000000000,0000229700,0000656290,0000000000,0000656290,"N"
"P70 03902 0074",09-JUN-10,000136781.00,"HANCOCK KERNY B AND","CITIMORTGAGE INC","7401 CARLISLE PIKE","CITIMORTGAGE INC","","1000 TECHNOLOGY PL","","O' FALLON MO 63368","A",0005.00100,0000033660,0000069230,0000102890,0000096180,0000197790,0000293970,"N"
"P70 03907 0043",10-DEC-10,000000000.00,"KELLY NANCY I","KELLY NANCY I AND","BELLEFONTAINE RD","KELLY NANCY I AND","ELIZABETH MAE","6318 FISHBURG RD","","DAYTON OH 45424","A",0001.43000,0000002020,0000000000,0000002020,0000005760,0000000000,0000005760,"N"
"R72117201 0002",07-OCT-10,000000000.00,"SCOURFIELD SYLVIA ET AL 5","KENNEDY JOSEPH ET AL3","BARTLEY RD","KENNEDY JOSEPH ET AL3","","4339 CHURCH RD","","URBANA OH 43078","A",0000.35100,0000000010,0000000000,0000000010,0000000040,0000000000,0000000040,"N"
"R72117202 0006",07-OCT-10,000000000.00,"SCOURFIELD SYLVIA ETAL 5","KENNEDY JOSEPH ET AL3","FREDERICK PIKE","KENNEDY JOSEPH ET AL3","","4339 CHURCH RD","","URBANA OH 43078","A",0020.21000,0000002800,0000000980,0000003780,0000008000,0000002800,0000010800,"N"
"R72117202 0007",07-OCT-10,000000000.00,"SCOURFIELD SYLVIA ETAL 5","KENNEDY JOSEPH ET AL3","FREDERICK PIKE","KENNEDY JOSEPH ET AL3","","4339 CHURCH RD","","URBANA OH 43078","A",0002.17400,0000000300,0000000000,0000000300,0000000870,0000000000,0000000870,"N"
"R72205013 0009",03-MAR-10,000000000.00,"BOLTON  RAYMOND O AND","BOLTON  RAYMOND O TR","3890 VALLEY PIKE","BOLTON  RAYMOND O TR","","3890 VALLEY PIKE","","DAYTON OH 45424","A",0057.86500,0000012710,0000000000,0000012710,0000036310,0000000000,0000036310,"N"
"R72205013 0009",08-MAR-10,000000000.00,"BOLTON  RAYMOND O TR","BOLTON  RAYMOND O TR","3890 VALLEY PIKE","BOLTON  RAYMOND O TR","","3890 VALLEY PIKE","","DAYTON OH 45424","A",0057.86500,0000012710,0000000000,0000012710,0000036310,0000000000,0000036310,"N"
"R72205013 0018",08-MAR-10,000000000.00,"BOLTON  RAYMOND O TR","BOLTON  RAYMOND O TR","3890 VALLEY PIKE","BOLTON  RAYMOND O TR","","3890 VALLEY PIKE","","DAYTON OH 45424","A",0001.62600,0000009830,0000021550,0000031380,0000028090,0000061570,0000089660,"Y"
"R72205013 0018",03-MAR-10,000000000.00,"BOLTON  RAYMOND O AND","BOLTON  RAYMOND O TR","3890 VALLEY PIKE","BOLTON  RAYMOND O TR","","3890 VALLEY PIKE","","DAYTON OH 45424","A",0001.62600,0000009830,0000021550,0000031380,0000028090,0000061570,0000089660,"Y"
"R72317406 0007",10-JUN-10,000214000.00,"PETTIT INDUSTRIAL","MIKE KILROY CORPORATION","1648 N UNION RD","MIKE KILROY CORPORATION","","12360 HEMPLE RD","","FARMERSVILLE OH 45325","A",0080.00000,0000105760,0000004150,0000109910,0000302160,0000011860,0000314020,"N"
