"PARID","SALEDTE","PRICE","OLDOWN","OWNERNAME1","PARCELLOCATION","MAILINGNAME1","MAILINGNAME2","PADDR1","PADDR2","PADDR3","CLS","ACRES","TAXLAND","TAXBLDG","TAXTOTAL","ASMTLAND","ASMTBLDG","ASMTTOTL","DYTNCRDT"
"A01 00310 9016",26-MAR-10,000139039.00,"TROST LAWRENCE E","FEDERAL NATIONAL MORTGAGE ASSOC","DOG LEG RD","FEDERAL NATIONAL MORTGAGE ASSOC","","P O BOX 6500543","","DALLAS TX 75265","E",0000.00000,0000000000,0000000000,0000000000,0000000000,0000000000,0000000000,"N"
"A01 00310 9051",26-MAR-10,000139039.00,"TROST LAWRENCE E","FEDERAL NATIONAL MORTGAGE ASSOC","DOG LEG RD","FEDERAL NATIONAL MORTGAGE ASSOC","","P O BOX 6500543","","DALLAS TX 75265","E",0000.00000,0000000000,0000000000,0000000000,0000000000,0000000000,0000000000,"N"
"A01 00311 0033",29-JUN-10,000000000.00,"STILLWATER UNITED METHODIST","STILLWATER UNITED METHODIST","6911 FREDERICK PIKE","STILLWATER UNITED METHODIST","CHURCH","6911 FREDERICK PIKE","","DAYTON OH 45414","E",0009.10300,0000036160,0000708050,0000744210,0000103310,0002023000,0002126310,"N"
"A01 00311 0039",29-JUN-10,000000000.00,"STILLWATER UNITED METHODIST","STILLWATER UNITED METHODIST","FREDERICK PIKE","STILLWATER UNITED METHODIST","CHURCH","6911 FREDERICK PIKE","","DAYTON OH 45414","E",0007.38800,0000015460,0000000000,0000015460,0000044170,0000000000,0000044170,"N"
"A01 20126T0007",10-DEC-10,000000000.00,"STALEY LARRY A AND","STALEY PHYLIS M","7867 LAUREL RIDGE DR","STALEY LARRY A AND","PHYLIS M","7867 LAUREL RIDGE","","DAYTON OH 45414","E",0000.16600,0000002980,0000048640,0000051620,0000008500,0000138970,0000147470,"N"
"A01 20127T0001",12-MAY-10,000190000.00,"5MAZER FAMILY LIMITED PARTNERSHIP","GUILLOT MICHAEL A","3719 WHISPER CREEK DR","5MAZER FAMILY LIMITED PARTNERSHIP","","3131 HASSI POINT DR","","LONGWOOD FL 32779","E",0000.14400,0000004900,0000063030,0000067930,0000014000,0000180080,0000194080,"N"
"A01 20127T0010",08-MAR-10,000000000.00,"ROSE DEIRDRE J","VAUGHT DEIRDRE J AND","3773 WHISPER CREEK DR","VAUGHT DEIRDRE J AND","JOHNATHAN N","3773 WHISPER CREEK DR","","DAYTON OH 45414","E",0000.13100,0000000140,0000064710,0000064850,0000000400,0000184890,0000185290,"N"
"A01 25923T0016",13-JAN-10,000285000.00,"DREES COMPANY","ZIEMER JON W AND","NORTHERTON CT","DREES COMPANY","","211 GRANDVIEW DR","","COVINGTON KY 41017","E",0000.38800,0000004830,0000075670,0000080500,0000013800,0000216200,0000230000,"N"
"B02 00101 0005",08-JAN-10,000225000.00,"AGAPE PENTECOSTAL ASSEMBLY","COVENANT ORTHODOX","101 E NATIONAL RD","COVENANT ORTHODOX","PRESBYTERIAN CHURCH","101 E NATIONAL RD","","VANDALIA OH 45377","E",0000.00000,0000023190,0000290130,0000313320,0000066270,0000828930,0000895200,"N"
"B02 01209T0001",06-MAY-10,000000000.00,"UFCW 911 REAL ESTATE CORP","UFCW 75 REAL ESTATE CORP","7200 POE AVE","UFCW LOCAL 75","","7250 POE AVE STE 400","","DAYTON OH 45414","E",0009.11400,0000000000,0000000000,0000000000,0000000000,0000000000,0000000000,"N"
"C04 00509 0030",18-AUG-10,000007500.00,"U B ARLINGTON CHURCH","BRETHREN REFORMED CHURCH","9094 W NATIONAL RD","BRETHREN REFORMED CHURCH","OF DAYTON INC","P O BOX 421","","BROOKVILLE OH 45309","E",0000.45000,0000002800,0000049340,0000052140,0000008000,0000140970,0000148970,"N"
"C04 00511 0003",29-JUN-10,001990682.00,"ROYAL OAK MEMORIAL GARDENS","OHIO CEMETERY HOLDINGS INC","7217 NATIONAL RD","OHIO CEMETERY HOLDINGS INC","C/O STONEMOR PARTNERS LP","311 VETERANS HWY STE B","","LEVITTOWN PA 19056-1422","E",0010.19100,0000017690,0000042260,0000059950,0000050530,0000120740,0000171270,"N"
"C04 00511 9043",29-JUN-10,001990682.00,"ROYAL OAK MEMORIAL GARDENS","OHIO CEMETERY HOLDINGS INC","NATIONAL RD","OHIO CEMETERY HOLDINGS INC","C/O STONEMOR PARTNERS LP","311 VETERANS HWY STE B","","LEVITTOWN PA 19056-1422","E",0040.70300,0000056980,0000000000,0000056980,0000162810,0000000000,0000162810,"N"
"C05 00513T0018",28-OCT-10,045843775.00,"CRG -OH LLC","ARC PLBKVOH001 LLC","1 COLLECTIVE WAY","CRG -OH LLC","","2199 INNERBELT BUSINESS CENTER DR","","SAINT LOUIS MO 63114","E",0058.48300,0000000000,0008269510,0008269510,0000000000,0023627170,0023627170,"N"
"C08 00116 0001",01-MAR-10,000000000.00,"BD OF ED NORTHMONT","GATHERING GRACE CENTER LLC","W MAIN ST","GATHERING GRACE CENTER LLC","","1435 CAROLINA DR","","VANDALIA OH 45377","E",0005.00000,0000026990,0000008010,0000035000,0000077120,0000022880,0000100000,"N"
"E20 17507 0014",04-JUN-10,000000000.00,"HARRISON TWP BD OF TRS","VISTA PROPERTIES","5190 MARKEY RD","VISTA PROPERTIES","MANAGEMENT LLC","5190 MARKEY RD","","DAYTON OH 45414","E",0000.00000,0000014130,0000082960,0000097090,0000040380,0000237030,0000277410,"N"
"E21 19002 9033",21-JUL-10,000020000.00,"GRILL KATHERN M","BANK OF NEW YORK","ROADWAY","KATHERN M GRILL","","2343 NOMAD AVE","","DAYTON OH 45414-3362","E",0000.00000,0000000000,0000000000,0000000000,0000000000,0000000000,0000000000,"N"
"F24 00102 0053",15-MAR-10,000000000.00,"BRETHERN CHURCH","BRETHREN CHURCH OF","32 S CHURCH ST","NEW LEBANON BRETHREN CHURCH","","32 S CHURCH ST","","NEW LEBANON OH 45345","E",0000.00000,0000000000,0000000000,0000000000,0000000000,0000000000,0000000000,"N"
"F24 00102 0065",15-MAR-10,000000000.00,"BRETHREN CHURCH FIRST","BRETHREN CHURCH OF","32 S CHURCH ST","NEW LEBANON BRETHREN CHURCH","","32 S CHURCH ST","","NEW LEBANON OH 45345","E",0000.00000,0000000000,0000000000,0000000000,0000000000,0000000000,0000000000,"N"
"F24 00102 0066",15-MAR-10,000000000.00,"BRETHREN CHURCH OF","BRETHREN CHURCH OF","32 S CHURCH ST","NEW LEBANON BRETHREN CHURCH","","32 S CHURCH ST","","NEW LEBANON OH 45345","E",0000.00000,0000000000,0000000000,0000000000,0000000000,0000000000,0000000000,"N"
"F24 00102 0067",15-MAR-10,000000000.00,"BRETHREN CHURCH INC","BRETHREN CHURCH OF","32 S CHURCH ST","NEW LEBANON BRETHREN CHURCH","","32 S CHURCH ST","","NEW LEBANON OH 45345","E",0000.00000,0000000000,0000000000,0000000000,0000000000,0000000000,0000000000,"N"
"F24 00102 0068",15-MAR-10,000000000.00,"BRETHREN CHURCH INC","BRETHREN CHURCH OF","S CHURCH ST","NEW LEBANON BRETHREN CHURCH","","32 S CHURCH ST","","NEW LEBANON OH 45345","E",0000.00000,0000000000,0000000000,0000000000,0000000000,0000000000,0000000000,"N"
"F24 00102 0120",15-MAR-10,000000000.00,"BRETHREN CHURCH OF NEW LEBANON","BRETHREN CHURCH OF","8 E MAIN ST","BRETHREN CHURCH OF NEW LEBANON","","32 S CHURCH ST","","NEW LEBANON OH 45345","E",0000.00000,0000000000,0000000000,0000000000,0000000000,0000000000,0000000000,"N"
"F24 00102 0130",15-MAR-10,000000000.00,"BRETHERN CHURCH OF NEW","BRETHREN CHURCH OF","S CHURCH ST","NEW LEBANON BRETHREN CHURCH","","32 S CHURCH ST","","NEW LEBANON OH 45345","E",0000.00000,0000000000,0000000000,0000000000,0000000000,0000000000,0000000000,"N"
"F24 00102 0131",15-MAR-10,000000000.00,"BRETHREN CH NEW LEBANON OH","BRETHREN CHURCH OF","32 S CHURCH ST","NEW LEBANON BRETHREN CHURCH","","32 S CHURCH ST","","NEW LEBANON OH 45345","E",0000.00000,0000000000,0000000000,0000000000,0000000000,0000000000,0000000000,"N"
"G27 24506 0009",02-JUL-10,000000000.00,"BD OF ED JEFFERSON TWP","GENERAL CHAPPIE JAMES","110 KNOX AVE","GENERAL CHAPPIE JAMES","LEADERSHIP ACADEMY","120 KNOX DR","","DAYTON OH 45417","E",0007.05000,0000026450,0000457850,0000484300,0000075570,0001308130,0001383700,"N"
"G29 18204A0009",01-FEB-10,000000000.00,"ELLIS MARY J","ELLIS ROOSEVELT","14 TAFT AVE","ELLIS ROOSEVELT","","855 OAKLEAF DR","","DAYTON OH 45408","E",0000.00000,0000000270,0000000000,0000000270,0000000760,0000000000,0000000760,"N"
"H33 00514T0007",12-MAR-10,000053000.00,"IB PROPERTY HOLDINGS LLC","17 MILE LLC","5300 SALEM BEND DR","IB PROPERTY HOLDINGS LLC","","4425 PONCE DE LEON BLVD 5TH FLOOR","","MIAMI FL 33146","E",0000.58500,0000000000,0000003620,0000003620,0000000000,0000010350,0000010350,"N"
"H33 02112 0012",24-AUG-10,000000000.00,"MARIA-JOSEPH PROPERTIES LLC","MARIA-JOSEPH PROPERTIES LLC","4830 SALEM AVE","MARIA-JOSEPH PROPERTIES LLC","","7172 COLUMBIA RD","","OLMSTED FALLS OH 44138","E",0012.90720,0000179870,0002227970,0002407840,0000513920,0006365620,0006879540,"N"
"H33 02209 0019",01-OCT-10,000000000.00,"MADISON TWP TRS","VETERANS OF FOREIGN WARS OF THE","2383 N UNION RD","VETERANS OF FOREIGN WARS OF THE","UNITED STATES TROTWOO MEMORIAL POST 4270","2383 N UNION RD","","DAYTON OH 45426","E",0000.77500,0000003810,0000024240,0000028050,0000010890,0000069250,0000080140,"N"
"H33 02311 0045",26-AUG-10,000000000.00,"STATE OF OHIO","FREEDOM FAITH MISSIONARY","HOOVER AVE","FREEDOM FAITH MISSIONARY","BAPTIST CHURCH","262 HANOVER AVE","","DAYTON OH 45417","E",0001.89500,0000001660,0000000000,0000001660,0000004740,0000000000,0000004740,"N"
"H33 02311 0048",26-AUG-10,000000000.00,"STATE OF OHIO","FREEDOM FAITH MISSIONARY","HOOVER AVE","FREEDOM FAITH MISSIONARY","BAPTIST CHURCH","262 HANOVER AVE","","DAYTON OH 45417","E",0002.01600,0000001760,0000000000,0000001760,0000005040,0000000000,0000005040,"N"
"H33 02311 0055",26-AUG-10,000000000.00,"STATE OF OHIO","FREEDOM FAITH MISSIONARY","HOOVER AVE","FREEDOM FAITH MISSIONARY","BAPTIST CHURCH","262 HANOVER AVE","","DAYTON OH 45417","E",0002.14900,0000001880,0000000000,0000001880,0000005370,0000000000,0000005370,"N"
"H33 02311 0126",26-AUG-10,000000000.00,"STATE OF OHIO","FREEDOM FAITH MISSIONARY","HOOVER AVE","FREEDOM FAITH MISSIONARY","BAPTIST CHURCH","262 HANOVER AVE","","DAYTON OH 45417","E",0001.11700,0000000980,0000000000,0000000980,0000002790,0000000000,0000002790,"N"
"H33 02311 0136",26-AUG-10,000000000.00,"OHIO STATE OF","FREEDOM FAITH MISSIONARY","HOOVER AVE","OHIO STATE OF","","P.O. BOX 272","","LEBANON OH 45036-0272","E",0000.37200,0000001310,0000000000,0000001310,0000003740,0000000000,0000003740,"N"
"H33 02311 0245",05-MAY-10,000000000.00,"OHIO STATE OF","TROTWOOD CITY OF","HOOVER AVE","TROTWOOD CITY OF","","3035 OLIVE RD","","DAYTON OH 45426","E",0000.11300,0000000980,0000000000,0000000980,0000002810,0000000000,0000002810,"N"
"H33300809 0001",23-FEB-10,000000000.00,"BD OF ED","DREXEL CHURCH OF THE","MILLER AVE","DREXEL CHURCH OF THE","NAZARENE INC","6121 RICHMOND RD","","DAYTON OH 45426","E",0000.00000,0000002250,0000000000,0000002250,0000006440,0000000000,0000006440,"N"
"H33300809 0002",23-FEB-10,000000000.00,"BD OF ED","DREXEL CHURCH OF THE","MILLER AVE","DREXEL CHURCH OF THE","NAZARENE INC","6121 RICHMOND RD","","DAYTON OH 45426","E",0000.00000,0000001640,0000000000,0000001640,0000004680,0000000000,0000004680,"N"
"H33300809 0003",23-FEB-10,000000000.00,"BD OF ED","DREXEL CHURCH OF THE","MILLER AVE","DREXEL CHURCH OF THE","NAZARENE INC","6121 RICHMOND RD","","DAYTON OH 45426","E",0000.00000,0000001640,0000000000,0000001640,0000004680,0000000000,0000004680,"N"
"H33300809 0004",23-FEB-10,000000000.00,"BD OF ED","DREXEL CHURCH OF THE","MILLER AVE","DREXEL CHURCH OF THE","NAZARENE INC","6121 RICHMOND RD","","DAYTON OH 45426","E",0000.00000,0000001640,0000000000,0000001640,0000004680,0000000000,0000004680,"N"
"H33300809 0005",23-FEB-10,000000000.00,"BD OF ED","DREXEL CHURCH OF THE","MILLER AVE","DREXEL CHURCH OF THE","NAZARENE INC","6121 RICHMOND RD","","DAYTON OH 45426","E",0000.00000,0000001640,0000000000,0000001640,0000004680,0000000000,0000004680,"N"
"H33300809 0006",23-FEB-10,000000000.00,"BD OF ED","DREXEL CHURCH OF THE","MILLER AVE","DREXEL CHURCH OF THE","NAZARENE INC","6121 RICHMOND RD","","DAYTON OH 45426","E",0000.00000,0000001640,0000000000,0000001640,0000004680,0000000000,0000004680,"N"
"H33300809 0007",23-FEB-10,000000000.00,"BD OF ED","DREXEL CHURCH OF THE","MILLER AVE","DREXEL CHURCH OF THE","NAZARENE INC","6121 RICHMOND RD","","DAYTON OH 45426","E",0000.00000,0000001640,0000000000,0000001640,0000004680,0000000000,0000004680,"N"
"H33300809 0008",23-FEB-10,000000000.00,"BD OF ED","DREXEL CHURCH OF THE","MILLER AVE","DREXEL CHURCH OF THE","NAZARENE INC","6121 RICHMOND RD","","DAYTON OH 45426","E",0000.00000,0000001640,0000000000,0000001640,0000004680,0000000000,0000004680,"N"
"H33300809 0009",23-FEB-10,000000000.00,"BD OF ED","DREXEL CHURCH OF THE","MILLER AVE","DREXEL CHURCH OF THE","NAZARENE INC","6121 RICHMOND RD","","DAYTON OH 45426","E",0000.00000,0000001640,0000000000,0000001640,0000004680,0000000000,0000004680,"N"
"H33300809 0010",23-FEB-10,000000000.00,"BD OF ED","DREXEL CHURCH OF THE","201 MILLER AVE","DREXEL CHURCH OF THE","NAZARENE INC","6121 RICHMOND RD","","DAYTON OH 45426","E",0000.00000,0000004210,0000000000,0000004210,0000012020,0000000000,0000012020,"N"
"H33300809 0031",23-FEB-10,000000000.00,"BD OF ED","DREXEL CHURCH OF THE","DREXEL AVE","DREXEL CHURCH OF THE","NAZARENE INC","6121 RICHMOND RD","","DAYTON OH 45426","E",0000.00000,0000002000,0000000000,0000002000,0000005720,0000000000,0000005720,"N"
"H33300809 0033",23-FEB-10,000000000.00,"BD OF ED","DREXEL CHURCH OF THE","DREXEL AVE","DREXEL CHURCH OF THE","NAZARENE INC","6121 RICHMOND RD","","DAYTON OH 45426","E",0000.00000,0000002000,0000000000,0000002000,0000005720,0000000000,0000005720,"N"
"H33300809 0034",23-FEB-10,000000000.00,"BOARD OF EDUCATION","DREXEL CHURCH OF THE","DREXEL AVE","DAYTON BD OF EDUCATION","","115 S LUDLOW ST","","DAYTON OH 45402","E",0000.00000,0000002000,0000000000,0000002000,0000005720,0000000000,0000005720,"N"
"H33300809 0035",23-FEB-10,000000000.00,"BD OF ED","DREXEL CHURCH OF THE","DREXEL AVE","DAYTON BD OF EDUCATION","","115 S LUDLOW ST","","DAYTON OH 45402","E",0000.00000,0000002000,0000000000,0000002000,0000005720,0000000000,0000005720,"N"
"H33300809 0036",23-FEB-10,000000000.00,"BD OF ED","DREXEL CHURCH OF THE","DREXEL AVE","DAYTON BD OF EDUCATION","","115 S LUDLOW ST","","DAYTON OH 45402","E",0000.00000,0000002000,0000000000,0000002000,0000005720,0000000000,0000005720,"N"
"H33300809 0037",23-FEB-10,000000000.00,"BD OF ED","DREXEL CHURCH OF THE","DREXEL AVE","DAYTON BD OF EDUCATION","","115 S LUDLOW ST","","DAYTON OH 45402","E",0000.00000,0000002000,0000000000,0000002000,0000005720,0000000000,0000005720,"N"
"H33300809 0038",23-FEB-10,000000000.00,"BD OF ED","DREXEL CHURCH OF THE","DREXEL AVE","DAYTON BD OF EDUCATION","","115 S LUDLOW ST","","DAYTON OH 45402","E",0000.00000,0000002000,0000000000,0000002000,0000005720,0000000000,0000005720,"N"
"H33300809 0039",23-FEB-10,000000000.00,"BD OF ED","DREXEL CHURCH OF THE","DREXEL AVE","DAYTON BD OF EDUCATION","","115 S LUDLOW ST","","DAYTON OH 45402","E",0000.00000,0000002000,0000000000,0000002000,0000005720,0000000000,0000005720,"N"
"H33300809 0040",23-FEB-10,000000000.00,"BD OF ED","DREXEL CHURCH OF THE","DREXEL AVE","DAYTON BD OF EDUCATION","","115 S LUDLOW ST","","DAYTON OH 45402","E",0000.00000,0000002000,0000000000,0000002000,0000005720,0000000000,0000005720,"N"
"H33300810 0008",23-FEB-10,000000000.00,"BD OF ED","DREXEL CHURCH OF THE","DREXEL AVE","DREXEL CHURCH OF THE","NAZARENE INC","6121 RICHMOND RD","","DAYTON OH 45426","E",0000.00000,0000007260,0000000000,0000007260,0000020730,0000000000,0000020730,"N"
"H33300810 0013",23-FEB-10,000000000.00,"BD OF ED","DREXEL CHURCH OF THE","DREXEL AVE","DREXEL CHURCH OF THE","NAZARENE INC","6121 RICHMOND RD","","DAYTON OH 45426","E",0000.00000,0000012760,0000000000,0000012760,0000036460,0000000000,0000036460,"N"
"I39 00204 0017",16-NOV-10,000000000.00,"NORTH DAYTON FIRST CHURCH OF GOD INC","NORMAN HOMER CLAY","HARSHMAN RD","SIKH SOCIETY OF DAYTON","","2320 HARSHMAN RD","","DAYTON OH 45424","E",0011.52600,0000067770,0000000000,0000067770,0000193640,0000000000,0000193640,"N"
"I39 00204 0017",16-NOV-10,000350000.00,"NORMAN HOMER CLAY","SIKH SOCIETY OF DAYTON","HARSHMAN RD","SIKH SOCIETY OF DAYTON","","2320 HARSHMAN RD","","DAYTON OH 45424","E",0011.52600,0000067770,0000000000,0000067770,0000193640,0000000000,0000193640,"N"
"I39 00705 0042",28-JUL-10,000028000.00,"CHURCH OF GOD","JONES EDWARD","622 TYRON AVE","JONES EDWARD","","P O BOX 3212","","DAYTON OH 45401","E",0000.00000,0000003530,0000007120,0000010650,0000010080,0000020350,0000030430,"N"
"I39 00902 0037",28-JAN-10,000000000.00,"BERNARDIN JOSEPH L","THE CITY OF RIVERSIDE","BURKHARDT RD","THE CITY OF RIVERSIDE","","1791 HARSHMAN RD","","DAYTON OH 45424","E",0000.06400,0000000000,0000000000,0000000000,0000000000,0000000000,0000000000,"N"
"I39 00902 0038",28-JAN-10,000000000.00,"BERNARDIN JOSEPH L","THE CITY OF RIVERSIDE","5086 BURKHARDT RD","THE CITY OF RIVERSIDE","","1791 HARSHMAN RD","","DAYTON OH 45424","E",0000.08200,0000000000,0000000000,0000000000,0000000000,0000000000,0000000000,"N"
"I39 00902 0039",28-JAN-10,000000000.00,"BERNARDIN JOSEPH L","THE CITY OF RIVERSIDE","BURKHARDT RD","THE CITY OF RIVERSIDE","","1791 HARSHMAN RD","","DAYTON OH 45424","E",0000.01600,0000000000,0000000000,0000000000,0000000000,0000000000,0000000000,"N"
"I39 00902 0040",28-JAN-10,000000000.00,"BERNARDIN JOSEPH L","THE CITY OF RIVERSIDE","BURKHARDT RD","THE CITY OF RIVERSIDE","","1791 HARSHMAN RD","","DAYTON OH 45424","E",0000.32100,0000000000,0000000000,0000000000,0000000000,0000000000,0000000000,"N"
"I39 01208 0004",23-AUG-10,000000000.00,"BARNEY BRIAN L ETAL 5 TRUSTEES","BARNEY BRIAN L ETAL 5 TRUSTEES","5636 BURKHARDT RD","BARNEY BRIAN L ETAL 5 TRUSTEES","","3129 BULAH AVE","","DAYTON OH 45420","E",0004.13800,0000129310,0000106410,0000235720,0000369450,0000304040,0000673490,"N"
"I39101411 0029",28-JUN-10,000025000.00,"THE FATHER'S HOUSE KINGDOM MINISTRIES","LIEGHLEY FRANK JR AND","4636 OAKDELL AVE","LIEGHLEY FRANK JR AND","DREAMA","1481 SYLVAN SHORE DR","","SOUTH VIENNA OH 45369","E",0000.00000,0000002610,0000011570,0000014180,0000007450,0000033070,0000040520,"N"
"I39401503 0008",28-OCT-10,000000000.00,"LEIBOLD PAUL F","SCHNURR DENNIS M","4524 LINDEN AVE","SCHNURR DENNIS M","ARCHBISHOP OF CINN TR","4524 LINDEN AVE","","DAYTON OH 45432","E",0010.47100,0000148430,0002838670,0002987100,0000424080,0008110490,0008534570,"N"
"I39401504 0002",28-OCT-10,000000000.00,"LEIBOLD PAUL F","SCHNURR DENNIS M","LINDEN AVE","CARROLL HIGH SCHOOL","C/O ARCHDIOCESE OF CINN","4524 LINDEN AVE","","DAYTON OH 45432-3026","E",0020.17600,0000317050,0000000000,0000317050,0000905850,0000000000,0000905850,"N"
"J44120919T0007",25-FEB-10,000000000.00,"WILSON JOSHUA J AND","WILSON JOSHUA J","1110 RED OAK CT","WILSON JOSHUA J AND","AUNDA I","1110 RED OAK CT","","DAYTON OH 45439","E",0000.33820,0000000000,0000074520,0000074520,0000000000,0000212920,0000212920,"N"
"J44121005T0032",28-DEC-10,000000000.00,"QUILLEN OLIN W AND","QUILLEN JANET M","3467 PARIS DR","QUILLEN JANET M","","3467 PARIS DR","","DAYTON OH 45439","E",0000.00000,0000000000,0000003580,0000003580,0000000000,0000010230,0000010230,"N"
"J44126407T0002",29-JUN-10,000000000.00,"DOVETREE APARTMENTS PHASE I","DOVETREE APARTMENTS LLC","COBBLEGATE DR","DOVETREE APARTMENTS LLC","","P O BOX 34297","","INDIANAPOLIS IN 46234","E",0016.38200,0000000000,0000000000,0000000000,0000000000,0000000000,0000000000,"N"
"J44204202 0004",23-MAR-10,000000000.00,"CITY OF MORAINE","GETTER CARL R AND","6499 GERMANTOWN PIKE","GETTER CARL R AND","MARY","3820 S UNION RD","","DAYTON OH 45418","E",0030.00000,0000028820,0000000000,0000028820,0000082350,0000000000,0000082350,"N"
"K45100104T0003",07-DEC-10,000881846.00,"KEMPER ROAD ASSOCIATES","FRANKLIN 1480 LLC","3160 S TECH BLVD","KEMPER ROAD ASSOCIATES","","3200 E KEMPER RD","","CINCINNATI OH 45241","E",0001.94800,0000000000,0000368000,0000368000,0000000000,0001051430,0001051430,"N"
"K46 01520T0003",27-APR-10,000850000.00,"SHORE-TO-SHORE PROPERTIES","LNS REAL ESTATE LLC","645 PRECISION CT","SHORE-TO-SHORE PROPERTIES","","645 PRECISION CT","","MIAMISBURG OH 45342","E",0003.46400,0000000000,0000406760,0000406760,0000000000,0001162160,0001162160,"N"
"K48 00516 0048",12-AUG-10,000008630.00,"DAYTON OHIO HABITAT FOR HUMANITY, INC","STORY BRYAN AND","4930 MARCY RD","STORY BRYAN AND","JAMIE","4938 MARCY RD","","DAYTON OH 45449","E",0000.00000,0000003020,0000000000,0000003020,0000008630,0000000000,0000008630,"N"
"M57 00601T0060",19-JAN-10,000000000.00,"HUD SEC OF","LOVE JENNILLE A","916 ENGLEWOOD RD","HUD SEC OF","","15 E 7TH ST","","CINCINNATI OH 45202","E",0000.00000,0000000000,0000041900,0000041900,0000000000,0000119710,0000119710,"N"
"M57 00714T0027",01-MAR-10,000250000.00,"JERNIGAN REALTY INC","WEBB DON W AND","225 SMITH DR","WEBB DON W AND","CLEO M","202 KATY LN","","ENGLEWOOD OH 45322","E",0001.12200,0000000000,0000060610,0000060610,0000000000,0000173180,0000173180,"N"
"M58 00219 0001",12-AUG-10,000000000.00,"UNION UNITED METHODIST","UNION UNITED METHODIST","222 SHAW RD","UNION UNITED METHODIST","CHURCH OF UNION OHIO","222 SHAW RD","","ENGLEWOOD OH 45322","E",0007.26600,0000067540,0000273210,0000340750,0000192980,0000780610,0000973590,"N"
"M60 03210 0266",05-NOV-10,000000000.00,"DAHLING GEORGE + DOROTHY","DAHLING DAVID M AND","MAIN ST","DAHLING DAVID M AND","DEBORAH A","8179 N MAIN ST","","DAYTON OH 45415","E",0000.00000,0000000000,0000000000,0000000000,0000000000,0000000000,0000000000,"N"
"M60 16323T0036",25-JAN-10,000330000.00,"SHREVES CONSTRUCTION CO","ZOFKIE THOMAS R AND","BORGES ST","SHREVES CONSTRUCTION CO","","P O BOX 792","","SIDNEY OH 45365","E",0000.11890,0000000000,0000082610,0000082610,0000000000,0000236020,0000236020,"N"
"M60 16327 0003",17-FEB-10,000000000.00,"MONTGOMERY COUNTY JOINT","CITY OF CLAYTON","","","","","","","E",0000.00000,0000000000,0000000000,0000000000,0000000000,0000000000,0000000000,"N"
"N64 01001 0053",01-SEP-10,000000000.00,"VAN BUREN TWP TRS","CITY OF KETTERING","2700 PATTERSON RD","CITY OF KETTERING","","3600 SHROYER RD","","DAYTON OH 45429","E",0000.00000,0000052010,0000164370,0000216380,0000148600,0000469630,0000618230,"N"
"N64 03304 0010",12-AUG-10,000000000.00,"DOROTHY LANE AMERICAN BAPTIST","DOROTHY LANE AMERICAN BAPTIST","960 W DOROTHY LN","DOROTHY LANE AMERICAN BAPTIST","CHURCH OF KETTERING OHIO","960 W DOROTHY LANE","","DAYTON OH 45409","E",0002.07300,0000043530,0000256660,0000300190,0000124380,0000733320,0000857700,"N"
"N64 03401 0033",27-MAY-10,000000000.00,"BAPTIST CH REAN MEADOWS","BETHEL WORLD MISSION CHURCH","4445 WILMINGTON PIKE","BETHEL WORLD MISSION CHURCH","","4445 WILMINGTON PIKE","","DAYTON OH 45440","E",0000.79900,0000048730,0000292340,0000341070,0000139220,0000835250,0000974470,"N"
"N64 03402 0051",12-APR-10,000375000.00,"MIAMI VALLEY HOSPITAL","DAYTON USMS LLC","3104 E DOROTHY LN","DAYTON USMS LLC","","P O BOX 300","","POWELL OH 43065","E",0002.85100,0000011950,0000000000,0000011950,0000034150,0000000000,0000034150,"N"
"N64 03705 0002",12-APR-10,000375000.00,"MIAMI VALLEY HOSPITAL","DAYTON USMS LLC","3140 E DOROTHY LN","DAYTON USMS LLC","","P O BOX 300","","POWELL OH 43065","E",0000.00000,0000038870,0000122000,0000160870,0000111070,0000348560,0000459630,"N"
"N64 04019T0009",03-AUG-10,003600000.00,"AOR REAL ESTATE INC","GOVERNORS PLACE REAL ESTATE LLC","3120 GOVERNOR'S PLACE BLVD","AOR ESTATE INC","","10101 WOODLOCH FOREST","","THE WOODLANDS TX 77380","E",0004.14960,0000010800,0000934350,0000945150,0000030860,0002669580,0002700440,"N"
"O67 03607 0115",12-MAR-10,000000000.00,"WASHINGTON TWP TRUSTEES","THE WASHINGTON TOWNSHIP","1165 SPRING VALLEY PIKE","THE WASHINGTON TOWNSHIP","PARK DISTRICT","221 N MAIN ST","","DAYTON OH 45459","E",0001.00000,0000009100,0000000000,0000009100,0000026000,0000000000,0000026000,"N"
"P70 01402 0022",29-DEC-10,000695000.00,"BAPTIST HUBER HGTS","ARK MINISTRIES INTERNATIONAL","5310 PACKARD DR","HUBER HGTS BAPTIST CH OF","DAYTON","5875 SHULL RD","","DAYTON OH 45424","E",0000.00000,0000038440,0000598020,0000636460,0000109820,0001708620,0001818440,"N"
"P70 01402 0034",29-DEC-10,000695000.00,"BAPTIST HUBER HEIGHTS","ARK MINISTRIES INTERNATIONAL","5310 PACKARD DR","HUBER HEIGHTS BAPTIST","CHURCH INC","5875 SHULL RD","","DAYTON OH 45424-1207","E",0000.00000,0000052510,0000015760,0000068270,0000150020,0000045020,0000195040,"N"
"P70 03908 0051",24-SEP-10,000000000.00,"OHIO MINISTRIES OF THE","HUBER HEIGHTS CHURCH OF GOD","6900 BRANDT PIKE","HUBER HEIGHTS CHURCH OF GOD","OF DAYTON OHIO","6900 BRANDT PIKE","","DAYTON OH 45424","E",0004.70700,0000039540,0000726640,0000766180,0000112970,0002076100,0002189070,"N"
"P70 03908 0051",12-AUG-10,000000000.00,"GOD HUBER HEIGHTS CH","OHIO MINISTRIES OF THE","6900 BRANDT PIKE","HUBER HEIGHTS CHURCH OF GOD","OF DAYTON OHIO","6900 BRANDT PIKE","","DAYTON OH 45424","E",0004.70700,0000039540,0000726640,0000766180,0000112970,0002076100,0002189070,"N"
"R72 00508T0023",21-DEC-10,003150000.00,"SAINT CLAIR ARMS LLC","LINDY-ZELL DAYTON LOFTS LLC","35 S ST CLAIR ST","LINDY-ZELL DAYTON LOFTS LLC","","207 LEEDOM ST","","JENKINTOWN PA 19046","E",0000.00000,0000000000,0001537390,0001537390,0000000000,0004392540,0004392540,"N"
"R72 00908 0014",28-JUN-10,000000000.00,"CITY OF DAYTON","DAYTON TECH TOWN INC","711 E. MONUMENT AVE","DAYTON TECH TOWN INC","","8 N MAIN ST","","DAYTON OH 45402","E",0000.85600,0000025300,0001148900,0001174200,0000072290,0003282560,0003354850,"N"
"R72 00908 0015",28-JUN-10,000000000.00,"CITY OF DAYTON","DAYTON TECH TOWN INC","MEIGS ST","CITY OF DAYTON","","101 W THIRD ST","","DAYTON OH 45401","E",0000.52700,0000016070,0000004950,0000021020,0000045910,0000014130,0000060040,"N"
"R72 01005 0059",17-MAR-10,000000000.00,"IMPROVED SOLUTIONS FOR URBAN SYSTEMS INC","DAYTON CITY OF","140 N KEOWEE ST","DAYTON CITY OF","","101 W THIRD ST","","DAYTON OH 45402","E",0000.00180,0000000000,0000000000,0000000000,0000000000,0000000000,0000000000,"N"
"R72 01110 0029",06-OCT-10,000006000.00,"ST MARY DEVELOPMENT","WASHINGTON SQUARE HOMES II LLC","2121 E THIRD ST","WASHINGTON SQUARE HOMES II LLC","","9349 WATERSTONE BLVD","","CINCINNATI OH 45249","E",0000.00000,0000004400,0000000000,0000004400,0000012560,0000000000,0000012560,"N"
"R72 01306T0011",14-APR-10,000019000.00,"BORGERDING DAVID E","VENYS JAMES J","140 LA BELLE ST","BORGERDING DAVID E","","140 LA BELLE ST","","DAYTON OH 45403-2326","E",0000.00000,0000000000,0000007420,0000007420,0000000000,0000021200,0000021200,"N"
"R72 02608 0028",14-OCT-10,000005000.00,"METHODIST CHURCH CENTRAL","MITCHELL CORDELL","QUITMAN ST","MITCHELL CORDELL","","4018 QUAIL BUSH DR","","DAYTON OH 45424","E",0000.00000,0000004320,0000000000,0000004320,0000012340,0000000000,0000012340,"N"
"R72 02608 9029",14-OCT-10,000005000.00,"CENTRAL WESLEYAN CHURCH","MITCHELL CORDELL","467 QUITMAN ST","MITCHELL CORDELL","","467 QUITMAN ST","","DAYTON OH 45410","E",0000.00000,0000007130,0000013810,0000020940,0000020360,0000039460,0000059820,"N"
"R72 02703T0056",18-NOV-10,000118000.00,"WILLIAMS MELANIE J ET AL 4","BOLES JOHN A","421 OAK ST","WILLIAMS MELANIE J ET AL 4","","421 OAK ST","","DAYTON OH 45410","E",0000.00000,0000000000,0000010400,0000010400,0000000000,0000029700,0000029700,"N"
"R72 02705T0031",22-FEB-10,000232000.00,"CORONA CONDOS LLC","STONER CURTIS AND","313 JOHNSON ST","CORONA CONDOS LLC","","919 S CENTRAL AVE","","FAIRBORN OH 45324","E",0000.00000,0000000000,0000042980,0000042980,0000000000,0000122810,0000122810,"N"
"R72 02705T0062",13-JUL-10,000134000.00,"CORNA CONDOS LLC","HUELSMAN KRISTOPHER M","306 JOHNSON ST","CORNA CONDOS LLC","","919 S CENTRAL AVE","","FAIRBORN OH 45324","E",0000.00000,0000000000,0000029630,0000029630,0000000000,0000084650,0000084650,"N"
"R72 02706T0013",10-MAY-10,000000000.00,"MALHOIT LAUREN","MALHOIT MONICA","518 OAK ST","MALHOIT LAUREN","","518 OAK ST","","DAYTON OH 45410","E",0000.00000,0000000000,0000012850,0000012850,0000000000,0000036720,0000036720,"N"
"R72 04503 0042",06-OCT-10,000006000.00,"ST MARY DEVELOPMENT","WASHINGTON SQUARE HOMES II LLC","2127 E 3RD ST","WASHINGTON SQUARE HOMES II LLC","","9349 WATERSTONE BLVD","","CINCINNATI OH 45249","E",0000.00000,0000001050,0000000000,0000001050,0000002990,0000000000,0000002990,"N"
"R72 04503 0043",06-OCT-10,000006000.00,"ST MARY DEVELOPMENT","WASHINGTON SQUARE HOMES II LLC","62 SPRINGFIELD ST","WASHINGTON SQUARE HOMES II LLC","","9349 WATERSTONE BLVD","","CINCINNATI OH 45249","E",0000.00000,0000002190,0000001050,0000003240,0000006270,0000003010,0000009280,"N"
"R72 04605 0022",14-DEC-10,000000000.00,"BAPTIST THIRD ST CHURCH","UNITARIAN FELLOWSHIP FOR","E THIRD ST","UNITARIAN FELLOWSHIP FOR","WORLD PEACE","2720 E THIRD ST","","DAYTON OH 45403","E",0000.00000,0000015820,0000162750,0000178570,0000045210,0000465000,0000510210,"N"
"R72 04607 0045",07-JUN-10,000400000.00,"BERNARDIN JOSEPH L","SASMAZ PROPERTY","121 MONMOUTH ST","SASMAZ PROPERTY","MANAGEMENT LTD","4000 BAYSIDE DR #311","","PALATINE IL 60074","E",0000.00000,0000010670,0000164530,0000175200,0000030480,0000470090,0000500570,"N"
"R72 04709 0014",01-SEP-10,000036000.00,"RESIDENT HOME ASSN","AGALIYEV KHASAN","3310 E THIRD ST","AGALIYEV KHASAN","","1340 N MAIN ST APT 6","","WHEATON IL 60187","E",0000.00000,0000002890,0000021600,0000024490,0000008270,0000061700,0000069970,"N"
"R72 04709 0015",01-SEP-10,000036000.00,"RESIDENT HOME ASSN","AGALIYEV KHASAN","E THIRD ST","AGALIYEV KHASAN","","1340 N MAIN ST APT 6","","WHEATON IL 60187","E",0000.00000,0000002740,0000000000,0000002740,0000007840,0000000000,0000007840,"N"
"R72 05211 0055",24-AUG-10,000161192.00,"THIRD WORLD MISSIONS INC","HARVEST LIGHT FAMILY MINISTRIES","808 TROY ST","HARVEST LIGHT FAMILY MINISTRIES","","P O BOX 9","","ENGLEWOOD OH 45322","E",0000.01000,0000007150,0000023140,0000030290,0000020440,0000066100,0000086540,"N"
"R72 05211 0055",24-AUG-10,000000000.00,"GREATER WORKS","THIRD WORLD MISSIONS INC","808 TROY ST","HARVEST LIGHT FAMILY MINISTRIES","","P O BOX 9","","ENGLEWOOD OH 45322","E",0000.01000,0000007150,0000023140,0000030290,0000020440,0000066100,0000086540,"N"
"R72 05303 0007",23-FEB-10,000030000.00,"LIGHT STREET APOSTOLIC CHURCH","RESTAURACION DE LA PRIMITIVA IGLESIA","LIGHT ST","THE PENTECOSTALS OF DAYTON","","P.O. BOX 303","","DAYTON OH 45404-0303","E",0000.00000,0000002480,0000000000,0000002480,0000007080,0000000000,0000007080,"N"
"R72 05303 0008",23-FEB-10,000120000.00,"RHINEHART WYLIE G AND","RESTAURACION DE LA PRIMITIVA IGLESIA","LIGHT ST","RESTAURACION DE LA PRIMITIVA IGLESIA","CHRISTIANA LA LUZ DEL MUNDO INC","901 N CHESTER AVE","","INDIANAPOLIS IN 46201","E",0000.00000,0000002800,0000002440,0000005240,0000008010,0000006980,0000014990,"N"
"R72 05303 0009",23-FEB-10,000120000.00,"RHINEHART WYLIE G AND","RESTAURACION DE LA PRIMITIVA IGLESIA","39 LIGHT ST","RESTAURACION DE LA PRIMITIVA IGLESIA","CHRISTIANA LA LUZ DEL MUNDO INC","901 N CHESTER AVE","","INDIANAPOLIS IN 46201","E",0000.00000,0000005610,0000033720,0000039330,0000016020,0000096350,0000112370,"N"
"R72 05303 0032",23-FEB-10,000120000.00,"RHINEHART WYLIE GENE","RESTAURACION DE LA PRIMITIVA IGLESIA","LIGHT ST","RESTAURACION DE LA PRIMITIVA IGLESIA","CHRISTIANA LA LUZ DEL MUNDO INC","901 N CHESTER AVE","","INDIANAPOLIS IN 46201","E",0000.00000,0000001260,0000000000,0000001260,0000003610,0000000000,0000003610,"N"
"R72 06006 0028",30-APR-10,000000000.00,"HOWES ANISSA","DAYTON CITY OF","E HELENA ST","DAYTON CITY OF","LAND REUTILIZATION PROGRAM","101 W THIRD ST","","DAYTON OH 45402","E",0000.00000,0000003300,0000000000,0000003300,0000009440,0000000000,0000009440,"N"
"R72 06405 0003",30-APR-10,000000000.00,"HOTEL INNOVATIONS INC","DAYTON CITY OF","36 40 SHAW AVE","DAYTON CITY OF","LAND REUTILIZATION PROGRAM","101 W THIRD ST","","DAYTON OH 45402","E",0000.13400,0000003730,0000000000,0000003730,0000010660,0000000000,0000010660,"N"
"R72 06410 0005",01-JUL-10,000000000.00,"DAYTON CITY OF","MCPHERSON TOWN NEIGHBORHOOD","220 W BABBITT ST","MCPHERSON TOWN NEIGHBORHOOD","DEVELOPMENT CORP","226 MCDANIEL ST #50","","DAYTON OH 45405","E",0000.00000,0000004730,0000000000,0000004730,0000013520,0000000000,0000013520,"N"
"R72 06505 0007",18-MAR-10,000000000.00,"ADMIN OF THE GENERAL","PREMIER COMMUNITY HEALTH","32 CENTRAL AVE","PREMIER COMMUNITY HEALTH","","601 W RIVERVIEW AVE","","DAYTON OH 45406","E",0000.00000,0000001480,0000002220,0000003700,0000004220,0000006340,0000010560,"N"
"R72 06704 0039",30-APR-10,000000000.00,"RIVERDALE NEIGHBORHOOD DEV CORP","DAYTON CITY OF","1111 N MAIN ST","DAYTON CITY OF","LAND REUTILIZATION PROGRAM","101 W THIRD ST","","DAYTON OH 45402","E",0000.00000,0000004680,0000000000,0000004680,0000013370,0000000000,0000013370,"N"
"R72 06709 0036",09-MAR-10,000000000.00,"BOARD OF EDUCATION OF THE","DAYTON CITY OF","45 W HELENA ST","DAYTON CITY OF","","P O BOX 22","","DAYTON OH 45401","E",0002.12700,0000058040,0000001930,0000059970,0000165820,0000005510,0000171330,"N"
"R72 06711 0015",22-APR-10,000000000.00,"SMITH ALBERTA A","DAYTON CITY OF","546 548 FOREST AVE","DAYTON CITY OF","LAND REUTILIZATION PROGRAM","101 W THIRD ST","","DAYTON OH 45402","E",0000.00000,0000005510,0000000000,0000005510,0000015750,0000000000,0000015750,"N"
"R72 07407T0002",23-NOV-10,000030000.00,"COLONIAL SAVINGS F.A.","LOPEZ JUANA","636 SUPERIOR AVE","RAY ALEXANDER","","636 SUPERIOR AVE","","DAYTON OH 45402-2303","E",0000.00000,0000000000,0000035370,0000035370,0000000000,0000101060,0000101060,"N"
"R72 07408 0020",10-JUN-10,000475000.00,"UNITED WAY OF THE GREATER","INSTITUTE OF MANAGEMENT AND","123 25 EDGEWOOD AVE","INSTITUTE OF MANAGEMENT AND","RESOURCES INC","368 S PATTERSON BLVD","","DAYTON OH 45402","E",0000.00000,0000008630,0000039640,0000048270,0000024660,0000113250,0000137910,"N"
"R72 07408 0022",10-JUN-10,000475000.00,"UNITED WAY OF THE GREATER","INSTITUTE OF MANAGEMENT AND","EDGEWOOD AVE","INSTITUTE OF MANAGEMENT AND","RESOURCES INC","368 S PATTERSON BLVD","","DAYTON OH 45402","E",0000.00000,0000008630,0000001930,0000010560,0000024660,0000005510,0000030170,"N"
"R72 07408 0024",10-JUN-10,000475000.00,"UNITED WAY OF THE GREATER","INSTITUTE OF MANAGEMENT AND","184 SALEM AVE","INSTITUTE OF MANAGEMENT AND","RESOURCES INC","368 S PATTERSON BLVD","","DAYTON OH 45402","E",0000.00000,0000033050,0000918020,0000951070,0000094420,0002622920,0002717340,"N"
"R72 07410 0051",10-JUN-10,000475000.00,"UNITED WAY OF THE GREATER","INSTITUTE OF MANAGEMENT AND","LISLE PL","INSTITUTE OF MANAGEMENT AND","RESOURCES INC","368 S PATTERSON BLVD","","DAYTON OH 45402","E",0000.01200,0000000110,0000000000,0000000110,0000000310,0000000000,0000000310,"N"
"R72 07411 0069",21-DEC-10,000000000.00,"DAYTON METROPOLITAN HOUSING AUTHORITY","BARNES JULIUS","N WILLIAMS ST","BARNES JULIUS","","540 N WILLIAMS ST","","DAYTON OH 45402","E",0000.11560,0000002610,0000000000,0000002610,0000007460,0000000000,0000007460,"N"
"R72 07411 0072",28-SEP-10,000000000.00,"DAYTON METROPOLITAN HOUSING AUTHORITY","ROBINSON LATEENA T","531 DAYTON VIEW PL","ROBINSON LATEENA T","","531 DAYTON VIEW PL","","DAYTON OH 45402","E",0000.10300,0000002440,0000000000,0000002440,0000006960,0000000000,0000006960,"N"
"R72 07411 0073",18-JUN-10,000000000.00,"DAYTON METROPOLITAN HOUSING AUTHORITY","CARTER ROSA LEE","525 DAYTON VIEW PL","CARTER ROSA LEE","","525 DAYTON VIEW PL","","DAYTON OH 45402","E",0000.10220,0000002440,0000000000,0000002440,0000006960,0000000000,0000006960,"N"
"R72 07411 0076",06-JUL-10,000000000.00,"DAYTON METROPOLITAN HOUSING AUTHORITY","STARKS ROBERT","511 DAYTON VIEW PL","STARKS ROBERT","","511 DAYTON VIEW PL","","DAYTON OH 45402","E",0000.09970,0000003010,0000034740,0000037750,0000008600,0000099250,0000107850,"N"
"R72 07413 0001",10-JUN-10,000475000.00,"UNITED WAY OF THE GREATER","INSTITUTE OF MANAGEMENT AND","184 SALEM AVE","INSTITUTE OF MANAGEMENT AND","RESOURCES INC","368 S PATTERSON BLVD","","DAYTON OH 45402","E",0000.00000,0000037940,0000025740,0000063680,0000108400,0000073530,0000181930,"N"
"R72 08203 0061",30-APR-10,000000000.00,"ASH JASPER","DAYTON CITY OF","2325 W 3RD ST","DAYTON CITY OF","LAND REUTILIZATION PROGRAM","101 W THIRD ST","","DAYTON OH 45402","E",0000.00000,0000001120,0000000000,0000001120,0000003190,0000000000,0000003190,"N"
"R72 08208 0064",04-OCT-10,000035000.00,"CHURCH OF THE GOOD SHEPARD","BOYKIN PAUL R JR","41 43 MASON ST","BOYKIN PAUL R JR","","43 MASON ST","","DAYTON OH 45417","E",0000.00000,0000002120,0000008660,0000010780,0000006060,0000024750,0000030810,"N"
"R72 08404T0033",10-AUG-10,000000000.00,"RISLEY NATHAN L AND","RISLEY NATHAN L","105 GRIMES ST","RISLEY NATHAN L AND","CHHAVY","105 GRIMES ST","","DAYTON OH 45417","E",0000.00000,0000000000,0000046210,0000046210,0000000000,0000132040,0000132040,"N"
"R72 08405T0001",16-SEP-10,000088000.00,"COOK CHARLA R","DEUTSCHE BANK NATIONAL TRUST CO TR","218 N WILLIAMS ST","COOK CHARLA R","","218 N WILLIAMS ST","","DAYTON OH 45402","E",0000.00000,0000000000,0000050060,0000050060,0000000000,0000143020,0000143020,"N"
"R72 08407 0016",05-AUG-10,000175000.00,"DAYTON WRIGHT DUNBAR LLC","WRIGHT DUNBAR INC","1115 1117 W 3RD ST","WRIGHT DUNBAR INC","","1105 W THIRD ST","","DAYTON OH 45402","E",0000.00000,0000001870,0000012870,0000014740,0000005340,0000036770,0000042110,"N"
"R72 08407 0017",05-AUG-10,000175000.00,"DAYTON WRIGHT DUNBAR LLC","WRIGHT DUNBAR INC","1109 1111 W 3RD ST","DAYTON WRIGHT DUNBAR LLC","","15 N WILLIAMS","","DAYTON OH 45402","E",0000.00000,0000001820,0000004680,0000006500,0000005210,0000013360,0000018570,"N"
"R72 08407 0018",05-AUG-10,000175000.00,"DAYTON WRIGHT DUNBAR LLC","WRIGHT DUNBAR INC","1107 1109 W 3RD ST","WRIGHT DUNBAR INC","","1105 W THIRD ST","","DAYTON OH 45402","E",0000.00000,0000004370,0000104780,0000109150,0000012490,0000299370,0000311860,"N"
"R72 08408T0029",16-APR-10,000140000.00,"IMPROVED SOLUTIONS FOR","CREAGER GARY K II AND","1243 W SECOND ST","IMPROVED SOLUTIONS FOR","URBAN SYSTEMS INC","140 N KEOWEE ST","","DAYTON OH 45402","E",0000.00000,0000000000,0000041640,0000041640,0000000000,0000118970,0000118970,"N"
"R72 08408T0037",24-AUG-10,000125000.00,"HALLETT JAMES G AND","DIGGS CHAD A","1221 W SECOND ST","DIGGS CHAD A","","1221 W SECOND ST","","DAYTON OH 45402","E",0000.00000,0000000000,0000043270,0000043270,0000000000,0000123620,0000123620,"N"
"R72 08408T0080",24-AUG-10,000145000.00,"ISUS INC","RICHEY DARYL G II","N WILLIAMS ST","ISUS INC","","140 N KEOWEE ST","","DAYTON OH 45402","E",0000.09600,0000000000,0000032350,0000032350,0000000000,0000092420,0000092420,"N"
"R72 08502T0010",10-DEC-10,000004000.00,"GO INVEST WISELY LLC","MARQUIS PROPERTIES LLC","34 MOUND ST","AMAR AL-SAIDY","","525 WYOMING ST","","DAYTON OH 45410-0000","E",0000.00000,0000000000,0000004760,0000004760,0000000000,0000013610,0000013610,"N"
"R72 08502T0033",02-SEP-10,000058000.00,"STOLLINGS ANITA","LLEWELLYN PETER","55 HORACE ST","DEUTSCHE BANK NATIONAL TRUST COMP TR","","4837 WATT AVE STE 100","","NORTH HIGHLANDS CA 95660","E",0000.00000,0000000000,0000009250,0000009250,0000000000,0000026440,0000026440,"N"
"R72 08503T0086",19-MAR-10,000000000.00,"SHAW JOSEPH W AND","SHAW JOSEPH W","128 HORACE ST","SHAW JOSEPH W","","128 HORACE ST","","DAYTON OH 45402","E",0000.12700,0000000000,0000000000,0000000000,0000000000,0000000000,0000000000,"N"
"R72 08603T0023",27-JUL-10,000105000.00,"LEWIS VICTORIA F","BUCKMAN WILLIAM H","15 HAWTHORN ST","LEWIS VICTORIA F","","15 HAWTHORNE ST","","DAYTON OH 45402","E",0000.00000,0000000000,0000015420,0000015420,0000000000,0000044060,0000044060,"N"
"R72 08603T0041",01-APR-10,000035000.00,"DAVENPORT WINSTON SR","LOCKWOOD JERRY E AND","14 HAWTHORN ST","WINSTON DAVENPORT SR","","14 HAWTHORN ST","","DAYTON OH 45402-3340","E",0000.00000,0000000000,0000030600,0000030600,0000000000,0000087430,0000087430,"N"
"R72 08604T0008",28-JAN-10,000000000.00,"SMITH LATOYA M","SMITH JOANN C","41 MOUND ST","SMITH JOANN C","","41 MOUND ST","","DAYTON OH 45402","E",0000.00000,0000000000,0000021390,0000021390,0000000000,0000061100,0000061100,"N"
"R72 08607 0127",05-JAN-10,000000000.00,"CITY OF DAYTON","DAYTON METROPOLITAN HOUSING AUTHORITY","1025 GERMANTOWN ST","CITY OF DAYTON","","101 W THIRD ST","","DAYTON OH 45402-1814","E",0000.17290,0000002720,0000000000,0000002720,0000007780,0000000000,0000007780,"N"
"R72 08607 0128",05-JAN-10,000000000.00,"CITY OF DAYTON","DAYTON METROPOLITAN HOUSING AUTHORITY","1021 GERMANTOWN ST","CITY OF DAYTON","","101 W THIRD ST","","DAYTON OH 45402-1814","E",0000.12340,0000001940,0000000000,0000001940,0000005550,0000000000,0000005550,"N"
"R72 08607 0129",05-JAN-10,000000000.00,"CITY OF DAYTON","DAYTON METROPOLITAN HOUSING AUTHORITY","1015 GERMANTOWN ST","CITY OF DAYTON","","101 W THIRD ST","","DAYTON OH 45402-1814","E",0000.11920,0000001880,0000000000,0000001880,0000005360,0000000000,0000005360,"N"
"R72 08607 0130",05-JAN-10,000000000.00,"CITY OF DAYTON","DAYTON METROPOLITAN HOUSING AUTHORITY","1013 GERMANTOWN ST","CITY OF DAYTON","","101 W THIRD ST","","DAYTON OH 45402-1814","E",0000.11490,0000001810,0000000000,0000001810,0000005170,0000000000,0000005170,"N"
"R72 08607 0131",05-JAN-10,000000000.00,"CITY OF DAYTON","DAYTON METROPOLITAN HOUSING AUTHORITY","1009 GERMANTOWN ST","CITY OF DAYTON","","101 W THIRD ST","","DAYTON OH 45402-1814","E",0000.11060,0000001740,0000000000,0000001740,0000004980,0000000000,0000004980,"N"
"R72 08607 0132",05-JAN-10,000000000.00,"CITY OF DAYTON","DAYTON METROPOLITAN HOUSING AUTHORITY","1003 GERMANTOWN ST","CITY OF DAYTON","","101 W THIRD ST","","DAYTON OH 45402-1814","E",0000.12350,0000001950,0000000000,0000001950,0000005560,0000000000,0000005560,"N"
"R72 08607 0133",05-JAN-10,000000000.00,"CITY OF DAYTON","DAYTON METROPOLITAN HOUSING AUTHORITY","10 FITCH ST","CITY OF DAYTON","","101 W THIRD ST","","DAYTON OH 45402-1814","E",0000.20560,0000003060,0000000000,0000003060,0000008740,0000000000,0000008740,"N"
"R72 08702 0013",25-MAR-10,000012000.00,"HOPE CENTER INC","HOPE CENTER INC","MERCER AVE","THIRD WORLD MISSIONS, INC.","ATTEN: ROBERT BLAND","885 E HALL RD","","MERRITT ISLAND FL 32953-0350","E",0000.00000,0000003710,0000000000,0000003710,0000010590,0000000000,0000010590,"N"
"R72 08703 0001",25-MAR-10,000020000.00,"HOUSE OF PRAYER MISSIONARY","THIRD WORLD MISSIONS INC","W 3RD ST","THIRD WORLD MISSIONS INC","ATTEN: ROBERT BLAND","885 E HALL RD","","MERRITT ISLAND FL 32953-8443","E",0000.00000,0000003310,0000002100,0000005410,0000009470,0000006000,0000015470,"N"
"R72 08703 0014",25-MAR-10,000020000.00,"HOPE CENTER INC","THIRD WORLD MISSIONS INC","1230 W 3RD ST","THIRD WORLD MISSIONS INC","ATTEN: ROBERT BLAND","885 E HALL RD","","MERRITT ISLAND FL 32953-8443","E",0000.00000,0000001400,0000000000,0000001400,0000004000,0000000000,0000004000,"N"
"R72 08704 0017",25-MAR-10,000012000.00,"HOPE CENTER INC","HOPE CENTER INC","MERCER AVE","THIRD WORLD MISSIONS, INC","ATTEN: ROBERT BLAND","885 E HALL RD","","MERRITT ISLAND FL 32953-0350","E",0000.00000,0000001450,0000000000,0000001450,0000004130,0000000000,0000004130,"N"
"R72 08704 0020",19-MAR-10,000066000.00,"HOPE CENTER INC","THIRD WORLD MISSIONS INC","111 S BROADWAY ST","THIRD WORLD MISSIONS INC","ATTEN: ROBERT BLAND","885 E HALL RD","","MERRITT ISLAND FL 32953-0350","E",0000.00000,0000001600,0000030100,0000031700,0000004580,0000086010,0000090590,"N"
"R72 08704 0021",19-MAR-10,000066000.00,"HOPE CENTER INC","THIRD WORLD MISSIONS INC","111 S BROADWAY ST","THIRD WORLD MISSIONS INC","ATTEN: ROBERT BLAND","885 E HALL RD","","MERRITT ISLAND FL 32953-0350","E",0000.00000,0000001890,0000000690,0000002580,0000005390,0000001980,0000007370,"N"
"R72 08704 0022",19-MAR-10,000066000.00,"HOPE CENTER INC","THIRD WORLD MISSIONS INC","117 119 BROADWAY ST","THIRD WORLD MISSIONS INC","ATTEN: ROBERT BLAND","885 E HALL RD","","MERRITT ISLAND FL 32953-0350","E",0000.00000,0000002000,0000000930,0000002930,0000005720,0000002660,0000008380,"N"
"R72 08704T0025",06-APR-10,000009700.00,"JOHNSON ROBERT L JR","HALL REGINALD H","201 S BROADWAY ST","JOHNSON ROBERT L JR","","P O BOX 5221","","NEW BEDFORD MA 02742","E",0000.00000,0000000000,0000037740,0000037740,0000000000,0000107820,0000107820,"N"
"R72 08706T0071",02-DEC-10,000065000.00,"HOME BUILDERS FOUNDATION, INC","THOMPSON STACY M","105 S WILLIAMS ST","THOMPSON STACY M","","105 S WILLIAMS ST","","DAYTON OH 45402","E",0000.21500,0000000000,0000023040,0000023040,0000000000,0000065840,0000065840,"N"
"R72 08706T0076",03-NOV-10,000089900.00,"SHOUSE KENNETH W","HURLEY KAMERON M","19 MERCER AVE","SHOUSE KENNETH W","","6930 GILLEN LN","","MIAMISBURG OH 45342","E",0000.09400,0000000000,0000029350,0000029350,0000000000,0000083850,0000083850,"N"
"R72 09708 0007",23-AUG-10,000000000.00,"CITY OF DAYTON","DOUGLASS JOE","725 CLEMENT AVE","DOUGLAS JOE","","728 CLEMENT AVE","","DAYTON OH 45408","E",0000.00000,0000000350,0000000000,0000000350,0000001000,0000000000,0000001000,"N"
"R72 09708 0007",29-OCT-10,000000000.00,"DOUGLASS JOE","DOUGLAS JOE","725 CLEMENT AVE","DOUGLAS JOE","","728 CLEMENT AVE","","DAYTON OH 45408","E",0000.00000,0000000350,0000000000,0000000350,0000001000,0000000000,0000001000,"N"
"R72 10001 0001",13-JUL-10,000135000.00,"BROWNFIELD CHARITIES INC","GARRETT DAY LLC","115 COLUMBIA ST","GARRETT DAY LLC","","3505 CASTLEGATE CT","","LEXINGTON KY 40502","E",0000.00000,0000023550,0000225110,0000248660,0000067290,0000643170,0000710460,"N"
"R72 10002 0012",13-JUL-10,000135000.00,"BROWNFIELD CHARITIES INC","GARRETT DAY LLC","124 COLUMBIA ST","BROWNFIELD CHARITIES INC","","130 LYONS DR","","DAYTON OH 45459","E",0000.00000,0000000630,0000000000,0000000630,0000001800,0000000000,0000001800,"N"
"R72 10002 0013",13-JUL-10,000135000.00,"BROWNFIELD CHARITIES INC","GARRETT DAY LLC","120 COLUMBIA ST","BROWNFIELD CHARITIES INC","","130 LYONS DR","","DAYTON OH 45459","E",0000.00000,0000000690,0000000000,0000000690,0000001980,0000000000,0000001980,"N"
"R72 10002 0014",13-JUL-10,000135000.00,"BROWNFIELD CHARITIES INC","GARRETT DAY LLC","116 COLUMBIA ST","BROWNFIELD CHARITIES INC","","130 LYONS DR","","DAYTON OH 45459","E",0000.00000,0000000860,0000000000,0000000860,0000002450,0000000000,0000002450,"N"
"R72 10002 0015",13-JUL-10,000135000.00,"BROWNFIELD CHARITIES INC","GARRETT DAY LLC","CINCINNATI ST","BROWNFIELD CHARITIES INC","","130 LYONS DR","","DAYTON OH 45459","E",0000.00000,0000002410,0000000000,0000002410,0000006880,0000000000,0000006880,"N"
"R72 10002 0031",13-JUL-10,000135000.00,"DAYTON CITY OF","CITY OF DAYTON","GARST ST","CITY OF DAYTON OHIO","","PO BOX 22","","DAYTON OH 45401-0022","E",0000.00000,0000000000,0000000000,0000000000,0000000000,0000000000,0000000000,"N"
"R72 10002 0032",13-JUL-10,000135000.00,"DAYTON CITY OF","CITY OF DAYTON","GARST ST","CITY OF DAYTON OHIO","","PO BOX 22","","DAYTON OH 45401-0022","E",0000.00000,0000000000,0000000000,0000000000,0000000000,0000000000,0000000000,"N"
"R72 10002 0033",13-JUL-10,000135000.00,"BROWNFIELD CHARITIES INC","GARRETT DAY LLC","GARST ST","BROWNFIELD CHARITIES INC","","130 LYONS DR","","DAYTON OH 45459","E",0000.00000,0000000290,0000000000,0000000290,0000000830,0000000000,0000000830,"N"
"R72 10002 0034",13-JUL-10,000135000.00,"BROWNFIELD CHARITIES INC","GARRETT DAY LLC","GARST ST","BROWNFIELD CHARITIES INC","","130 LYONS DR","","DAYTON OH 45459","E",0000.00000,0000000360,0000000000,0000000360,0000001020,0000000000,0000001020,"N"
"R72 10002 0035",13-JUL-10,000135000.00,"BROWNFIELD CHARITIES INC","GARRETT DAY LLC","103 GARST ST","BROWNFIELD CHARITIES INC","","130 LYONS DR","","DAYTON OH 45459","E",0000.00000,0000000270,0000000000,0000000270,0000000770,0000000000,0000000770,"N"
"R72 10002 0047",13-JUL-10,000135000.00,"BROWNFIELD CHARITIES INC","GARRETT DAY LLC","COLUMBIA ST","GARRETT DAY LLC","","3505 CASTLEGATE CT","","LEXINGTON KY 40502","E",0000.00000,0000001790,0000000000,0000001790,0000005120,0000000000,0000005120,"N"
"R72 10506 0025",30-AUG-10,000000000.00,"DAYTON METRO HSE AUTHORITY","HAYES KIMBERLY M","1816 DITZEL AVE","HAYES KIMBERLY M","","1816 DITZEL AVE","","DAYTON OH 45417","E",0000.00000,0000002570,0000012860,0000015430,0000007340,0000036740,0000044080,"N"
"R72 11509 0066",12-APR-10,000000000.00,"ROBINSON JIMMY","DAYTON CITY OF","2116 2120 SALEM AVE","DAYTON CITY OF","LAND REUTILIZATION PROGRAM","101 THIRD ST","","DAYTON OH 45402","E",0000.12040,0000002400,0000007720,0000010120,0000006860,0000022060,0000028920,"N"
"R72 11509 0066",20-JAN-10,000014460.00,"EDMONDS DEWON AND","ROBINSON JIMMY","2116 2120 SALEM AVE","DAYTON CITY OF","LAND REUTILIZATION PROGRAM","101 THIRD ST","","DAYTON OH 45402","E",0000.12040,0000002400,0000007720,0000010120,0000006860,0000022060,0000028920,"N"
"R72 13318 0013",29-OCT-10,000000000.00,"DAYTON CITY OF","LOVELACE DEAN","ETHEL AVE","CITY OF DAYTON","","MUNICIPAL BG","","DAYTON OH 45402","E",0000.00000,0000000600,0000000000,0000000600,0000001700,0000000000,0000001700,"N"
"R72 13404 0009",14-JAN-10,000000000.00,"DAYTON MET HOUSING AUTH","RODGERS LEROY","942 GARD AVE","RODGERS LEROY","","942 GARD AVE","","DAYTON OH 45408","E",0000.00000,0000002120,0000012580,0000014700,0000006070,0000035940,0000042010,"N"
"R72 13407 0056",12-JUL-10,000000000.00,"BARWICK VERONICA","RANKIN BRANDI N","1114 RANDOLPH ST","RANKIN BRANDI N","","1114 RANDOLPH ST","","DAYTON OH 45417","E",0000.00000,0000002140,0000017400,0000019540,0000006120,0000049720,0000055840,"N"
"R72 13407 0056",28-JAN-10,000007000.00,"DAYTON MET HOUSING AUTH","BARWICK VERONICA","1114 RANDOLPH ST","RANKIN BRANDI N","","1114 RANDOLPH ST","","DAYTON OH 45417","E",0000.00000,0000002140,0000017400,0000019540,0000006120,0000049720,0000055840,"N"
"R72 13607 0001",23-SEP-10,000000000.00,"BULLET SYSTEMS INC","UNITED STATES OF AMERICA","1645 1647 DIETZEN AVE","UNITED STATES OF AMERICA","","85 MARCONI BLVD RM 460","","COLUMBUS OH 43215-1337","E",0000.00000,0000000840,0000022370,0000023210,0000002390,0000063900,0000066290,"N"
"R72 13607 0002",23-SEP-10,000000000.00,"BULLET SYSTEMS INC","UNITED STATES OF AMERICA","1641 DIETZEN AVE","UNITED STATES OF AMERICA","","85 MARCONI BLVD RM 460","","COLUMBUS OH 43215-1337","E",0000.00000,0000000790,0000000000,0000000790,0000002270,0000000000,0000002270,"N"
"R72 14605 0052",12-MAR-10,000030000.00,"CHEECHEE ROSE MNINISTRIES","ACTIVE ANGELS INC","608 610 WATERVLIET AVE","ACTIVE ANGELS INC","","3225 SOUTHDALE 12","","DAYTON OH 45409","E",0000.00000,0000004630,0000020520,0000025150,0000013220,0000058640,0000071860,"N"
"R72 14713 0078",04-FEB-10,000060000.00,"MIAMI VALLEY IN-OVATIONS","LEE JIMMY E","4530 READING RD","LEE JIMMY E","","6625 CALDERO CT","","DAYTON OH 45415","E",0000.00000,0000006590,0000022290,0000028880,0000018840,0000063690,0000082530,"N"
"R72 15602 0015",30-JUN-10,000000000.00,"UNITED STATES POSTAL","KBK FIVE PROPERTIES LTD","2002 WEBSTER ST","KBK FIVE PROPERTIES LTD","","2122 WINNERS CIR","","DAYTON OH 45404","E",0007.84600,0000101610,0000492800,0000594410,0000290300,0001408010,0001698310,"N"
"R72 15912 0061",26-JAN-10,000105000.00,"GREATER DAMASCUS BAPTIST","LANDMARK CAPITAL","2559 N GETTYSBURG AVE","FAITH BIBLE FELLOWSHIP","MINISTRIES","2559 N GETTYSBURG AVE","","DAYTON OH 45406","E",0000.00000,0000008250,0000044170,0000052420,0000023570,0000126190,0000149760,"N"
"R72 15912 0061",19-MAR-10,000110000.00,"LANDMARK CAPITAL","FAITH BIBLE FELLOWSHIP","2559 N GETTYSBURG AVE","FAITH BIBLE FELLOWSHIP","MINISTRIES","2559 N GETTYSBURG AVE","","DAYTON OH 45406","E",0000.00000,0000008250,0000044170,0000052420,0000023570,0000126190,0000149760,"N"
"R72 16806T0039",11-JUN-10,000071910.00,"WELLS FARGO FINANCIAL OHIO","DAVIS DONNA L","1048 BUNCHE DR","WELLS FARGO FINANCIAL OHIO","","1 HOME CAMPUS","","DAYTON OH 45417","E",0000.00000,0000000000,0000000000,0000000000,0000000000,0000000000,0000000000,"N"
"R72 16806T0039",12-APR-10,000094000.00,"CARTER KEVIN C AND","WELLS FARGO FINANCIAL OHIO","1048 BUNCHE DR","WELLS FARGO FINANCIAL OHIO","","1 HOME CAMPUS","","DAYTON OH 45417","E",0000.00000,0000000000,0000000000,0000000000,0000000000,0000000000,0000000000,"N"
"R72 16811 0014",14-MAY-10,000000000.00,"DAYTON CITY OF","HARRISON BOT","YOLANDA DR","HARRISON BOT","","2400 YOLANDA DR","","DAYTON OH 45417","E",0000.00000,0000001910,0000000000,0000001910,0000005460,0000000000,0000005460,"N"
"R72 51205T0001",08-FEB-10,000000000.00,"GRAHAM R WILLIAM","GRAHAM ROBERT WILLIAM","20 S ST CLAIR ST","R WILLIAM GRAHAM","","P.O. BOX 332","","DAYTON OH 45440","E",0000.00000,0000000000,0000000000,0000000000,0000000000,0000000000,0000000000,"N"
"R72 51205T0003",08-FEB-10,000000000.00,"GRAHAM R WILLIAM","GRAHAM ROBERT WILLIAM","22 S ST CLAIR ST","R WILLIAM GRAHAM","","P.O. BOX 332","","DAYTON OH 45440","E",0000.00000,0000000000,0000000000,0000000000,0000000000,0000000000,0000000000,"N"
"R72 51413T0051",06-OCT-10,000196000.00,"HAPER ETHAN A AND","ARNETT MARY L","109 N MAIN ST","ARNETT MARY L","","109 N MAIN ST 1103","","DAYTON OH 45402","E",0000.00000,0000008210,0000032960,0000041170,0000023450,0000094180,0000117630,"N"
"R72 51413T0054",10-MAY-10,000300000.00,"","SCOTT FRANK H","109 N MAIN ST","STAYNER WILLIAM A","","109 N MAIN ST SUITE 1602","","DAYTON OH 45402","E",0000.00000,0000009260,0000073490,0000082750,0000026470,0000209980,0000236450,"N"
"R72 51419T0001",15-OCT-10,000230000.00,"NORTH FACE INVESTMENTS LLC","HAMER AARON C AND","111 HARRIES ST","HAMER AARON C AND","LAUREN E","111 HARRIES ST #101","","DAYTON OH 45402","E",0000.00000,0000000000,0000065860,0000065860,0000000000,0000188180,0000188180,"N"
"R72351410T0003",03-MAR-10,000080000.00,"WASHINGTON GRACE B","ST MARY DEVELOPMENT","5412 JOSHUA TRL","WASHINGTON GRACE B","","5412 JOSHUA TRL","","DAYTON OH 45427","E",0000.00000,0000000000,0000030730,0000030730,0000000000,0000087810,0000087810,"N"
"R72351410T0005",09-MAR-10,000000000.00,"GOGGINS ROBERT AND","GOGGINS PAULINE","5411 JOSHUA TRL","GOGGINS ROBERT AND","PAULINE","5411 JOSHUA TRL","","DAYTON OH 45427","E",0000.00000,0000000000,0000030730,0000030730,0000000000,0000087810,0000087810,"N"
