"PARID","CONVNUM","SALEDTE","PRICE","OLDOWN","OWNERNAME1","PARCELLOCATION","MAILINGNAME1","MAILINGNAME2","PADDR1","PADDR2","PADDR3","CLS","ACRES","TAXLAND","TAXBLDG","TAXTOTAL","ASMTLAND","ASMTBLDG","ASMTTOTL","SALETYPE","SALEVALIDITY","DYTNCRDT","DEEDREFERENCE"
"A01 00101 0028",8687,04-JUN-13,000494000.00,"KELLER BONNIE S AND","THIES RICHARD P AND","OLD SPRINGFIELD RD","THIES RICHARD P AND","DEBRA","7847 ST RT 48","","ENGLEWOOD OH 45322","A",0001.92610,0000000000,0000000000,0000000000,0000000000,0000000000,0000000000,"LAND ONLY","NOT VALIDATED","N","201300039118"
"A01 00106 0017",7859,21-MAY-13,000000000.00,"HERTLEIN LORI A ET AL 6","HGHERITAGE LLC","3111 W NATIONAL RD","HGHERITAGE LLC","","714 DAMIAN ST","","VANDALIA OH 45377","A",0027.04300,0000010720,0000001450,0000012170,0000030640,0000004140,0000034780,"LAND AND BUILDING","NOT VALIDATED","N","201300035637"
"A01 00106 0018",7859,21-MAY-13,000000000.00,"HERTLEIN LORI A ET AL 6","HGHERITAGE LLC","W NATIONAL RD","HGHERITAGE LLC","","714 DAMIAN ST","","VANDALIA OH 45377","A",0026.44300,0000009870,0000000000,0000009870,0000028200,0000000000,0000028200,"LAND AND BUILDING","NOT VALIDATED","N","201300035637"
"A01 00106 0019",7859,21-MAY-13,000000000.00,"HERTLEIN LORI A ET AL 6","HGHERITAGE LLC","W NATIONAL RD","HGHERITAGE LLC","","714 DAMIAN ST","","VANDALIA OH 45377","A",0020.55000,0000007700,0000000000,0000007700,0000022000,0000000000,0000022000,"LAND AND BUILDING","NOT VALIDATED","N","201300035637"
"A01 00106 0020",7859,21-MAY-13,000000000.00,"HERTLEIN LORI A ET AL 6","HGHERITAGE LLC","3111 W NATIONAL RD","HGHERITAGE LLC","","714 DAMIAN ST","","VANDALIA OH 45377","A",0030.01000,0000009350,0000000000,0000009350,0000026710,0000000000,0000026710,"LAND AND BUILDING","NOT VALIDATED","N","201300035637"
"A01 00202 0113",2934,27-FEB-13,000000000.00,"DOUBLEDAY FARM II LLC","DOUBLEDAY FARM II LLC","SYCAMORE HOLLOW","DOUBLEDAY FARM II LLC","","6450 SAND LAKE RD STE 200","","DAYTON OH 45414 5427","A",0045.21700,0000051590,0000000000,0000051590,0000147390,0000000000,0000147390,"LAND ONLY","RELATED INDIVIDUALS OR CORPORATIONS","N","201300013513"
"A01 00205 0006",8856,06-JUN-13,000500521.00,"GISH MARVIN E + JOYCE J","THIES RICHARD P AND","11744 DOG LEG RD","THIES RICHARD P AND","DEBRA L","7847 STATE ROUTE 48","","ENGLEWOOD OH 45322","A",0071.50300,0000043450,0000067750,0000111200,0000124130,0000193570,0000317700,"LAND AND BUILDING","NOT VALIDATED","N","201300039767"
"A01 00205 0011",433,10-JAN-13,000000000.00,"HORATIO ENTERPRISES, LLC","HORATIO ENTERPRISES, LLC","OLD SPRINGFIELD RD","THIES RICHARD P AND","DEBRA L","7847 STATE ROUTE 48","","UNION OH 45322","A",0076.87800,0000032320,0000000000,0000032320,0000092350,0000000000,0000092350,"LAND ONLY","NOT VALIDATED","N","201300002421"
"A01 00205 0011",434,10-JAN-13,000574663.00,"HORATIO ENTERPRISES, LLC","THIES RICHARD P AND","OLD SPRINGFIELD RD","THIES RICHARD P AND","DEBRA L","7847 STATE ROUTE 48","","UNION OH 45322","A",0076.87800,0000032320,0000000000,0000032320,0000092350,0000000000,0000092350,"LAND ONLY","VALID SALE","N","201300002423"
"A01 00206 0001",2684,21-FEB-13,000000000.00,"HART JERRY L ET AL 4","HART BETTY E ET AL 4","DOG LEG RD","THIES RICHARD P AND","DEBRA","7847 ST RTE 48","","ENGLEWOOD OH 45322","A",0069.53100,0000044630,0000030080,0000074710,0000127520,0000085940,0000213460,"LAND AND BUILDING","RELATED INDIVIDUALS OR CORPORATIONS","N","201300012541"
"A01 00206 0001",2688,21-FEB-13,000642648.00,"HART BETTY E ET AL 4","THIES RICHARD P AND","DOG LEG RD","THIES RICHARD P AND","DEBRA","7847 ST RTE 48","","ENGLEWOOD OH 45322","A",0069.53100,0000044630,0000030080,0000074710,0000127520,0000085940,0000213460,"LAND AND BUILDING","SALE INVOLVING MULTIPLE PARCELS","N",""
"A01 00206 0002",2688,21-FEB-13,000642648.00,"HART BETTY E ET AL 4","THIES RICHARD P AND","DOG LEG RD","THIES RICHARD P AND","DEBRA","7847 ST RTE 48","","ENGLEWOOD OH 45322","A",0010.00000,0000005830,0000000000,0000005830,0000016670,0000000000,0000016670,"LAND AND BUILDING","SALE INVOLVING MULTIPLE PARCELS","N",""
"A01 00206 0002",2684,21-FEB-13,000000000.00,"HART JERRY L ET AL","HART BETTY E ET AL 4","DOG LEG RD","THIES RICHARD P AND","DEBRA","7847 ST RTE 48","","ENGLEWOOD OH 45322","A",0010.00000,0000005830,0000000000,0000005830,0000016670,0000000000,0000016670,"LAND AND BUILDING","RELATED INDIVIDUALS OR CORPORATIONS","N","201300012541"
"B02 01013 0004",7859,21-MAY-13,000000000.00,"HERTLEIN LORI A ET AL 6","HGHERITAGE LLC","9105 PETERS PIKE","HGHERITAGE LLC","","714 DAMIAN ST","","VANDALIA OH 45377","A",0055.06900,0000037650,0000011130,0000048780,0000107580,0000031790,0000139370,"LAND AND BUILDING","NOT VALIDATED","N","201300035637"
"B02 01014 0001",691,16-JAN-13,000330000.00,"MARTINEZ CHARLOTTE LOUISE TR","NEFF MICHAEL G AND","9100 DOG LEG RD","NEFF MICHAEL G AND","KATHLEEN A JOSEPH","11000 FREDERICK PIKE","","VANDALIA OH 45377","A",0059.76200,0000024140,0000000000,0000024140,0000068980,0000000000,0000068980,"LAND ONLY","VALID SALE","N","201300003302"
"B02 01015 0021",7859,21-MAY-13,000000000.00,"HERTLEIN LORI A ET AL 6","HGHERITAGE LLC","DOG LEG RD","HGHERITAGE LLC","","714 DAMIAN ST","","VANDALIA OH 45377","A",0037.69500,0000020130,0000000000,0000020130,0000057510,0000000000,0000057510,"LAND AND BUILDING","NOT VALIDATED","N","201300035637"
"C04 00511 0009",3537,11-MAR-13,000000000.00,"SATTERTHWAITE JERRY L","SATTERTHWAITE MARY R","NATIONAL RD","SATTERTHWAITE MARY R","","11629 PUTNAM RD","","ENGLEWOOD OH 45322","A",0078.73700,0000038970,0000000000,0000038970,0000111350,0000000000,0000111350,"LAND ONLY","SALE INVOLVING MULTIPLE PARCELS","N","201300016366"
"C06 00401 0002",3537,11-MAR-13,000000000.00,"SATTERTHWAITE JERRY L","SATTERTHWAITE MARY R","COUNTY LINE RD","SATTERTHWAITE MARY R","","11629 PUTNAM RD","","ENGLEWOOD OH 45322","A",0066.13900,0000033300,0000000000,0000033300,0000095130,0000000000,0000095130,"LAND ONLY","SALE INVOLVING MULTIPLE PARCELS","N","201300016366"
"C06 00401 0003",3537,11-MAR-13,000000000.00,"SATTERTHWAITE JERRY L","SATTERTHWAITE MARY R","11857 N DIAMOND MILL RD","SATTERTHWAITE MARY R","","11629 PUTNAM RD","","ENGLEWOOD OH 45322","A",0168.83000,0000091680,0000043950,0000135630,0000261940,0000125580,0000387520,"LAND ONLY","SALE INVOLVING MULTIPLE PARCELS","N","201300016366"
"C06 00401 0019",3537,11-MAR-13,000000000.00,"SATTERTHWAITE JERRY L","SATTERTHWAITE MARY R","PANSING RD","SATTERTHWAITE MARY R","","11629 PUTNAM RD","","ENGLEWOOD OH 45322","A",0001.02300,0000000600,0000000000,0000000600,0000001700,0000000000,0000001700,"LAND ONLY","SALE INVOLVING MULTIPLE PARCELS","N","201300016366"
"C06 00412 0009",8156,28-MAY-13,000335000.00,"WEBSTER MATTHEW T ETAL 4","DITMER MICHAEL F AND","PHILLIPSBURG UNION RD","DITMER MICHAEL F AND","ANGELA M","9911 GRUBBS-REX RD","","LAURA OH 45337","A",0043.13000,0000020080,0000000000,0000020080,0000057360,0000000000,0000057360,"LAND AND BUILDING","VALID SALE","N","201300037192"
"C06 00412 0020",3537,11-MAR-13,000000000.00,"SATTERTHWAITE JERRY L","SATTERTHWAITE MARY R","PANSING RD","SATTERTHWAITE MARY R","","11629 PUTNAM RD","","ENGLEWOOD OH 45322","A",0040.39300,0000019380,0000000000,0000019380,0000055380,0000000000,0000055380,"LAND ONLY","SALE INVOLVING MULTIPLE PARCELS","N","201300016366"
"C06 00412 0077",8156,28-MAY-13,000335000.00,"WEBSTER MATTHEW T ETAL 4","DITMER MICHAEL F AND","PHILLIPSBURG UNION RD","DITMER MICHAEL F AND","ANGELA M","9911 GRUBBS-REX RD","","LAURA OH 45337","A",0000.49600,0000000060,0000000000,0000000060,0000000180,0000000000,0000000180,"LAND AND BUILDING","VALID SALE","N","201300037192"
"C06 00501 0038",1479,31-JAN-13,000186666.00,"GETTER JERRY LEE AND","FIRST BANK RICHMOND NA","6257 WENGERLAWN RD","FIRST BANK RICHMOND NA","","P O BOX 937","","RICHMOND IN 47375 1814","A",0032.24400,0000022460,0000037580,0000060040,0000064170,0000107360,0000171530,"LAND AND BUILDING","LIQUIDATION/FORECLOSURE","N","201300007037"
"D14 00805 0009",8407,31-MAY-13,000000000.00,"ROBERTS SIDNEY JAMES AND","ROBERTS JAMES SIDNEY","12015 ST RT 725","ROBERTS JAMES SIDNEY","","12015 STATE ROUTE 725","","GERMANTOWN OH 45327","A",0027.40000,0000014250,0000024840,0000039090,0000040710,0000070960,0000111670,"LAND AND BUILDING","RELATED INDIVIDUALS OR CORPORATIONS","N","201300037929"
"D14 00805 0030",8407,31-MAY-13,000000000.00,"ROBERTS SIDNEY JAMES AND","ROBERTS JAMES SIDNEY","ST RT 725","ROBERTS JAMES SIDNEY","","12015 STATE ROUTE 725","","GERMANTOWN OH 45327","A",0002.24000,0000000230,0000000000,0000000230,0000000670,0000000000,0000000670,"LAND AND BUILDING","RELATED INDIVIDUALS OR CORPORATIONS","N","201300037929"
"D14 00806 0010",5980,22-APR-13,000000000.00,"BURKHART JOHN LUKE AND","BURKHART JOHN LUKE AND","13667 OXFORD RD","BURKHART JOHN LUKE AND","SHANNON L","5808 SHEPHARD RD","","MIAMISBURG OH 45342","A",0006.07200,0000001950,0000000000,0000001950,0000005560,0000000000,0000005560,"LAND ONLY","NOT VALIDATED","N","201300027572"
"D14 00806 0050",5980,22-APR-13,000000000.00,"BURKHART JOHN LUKE AND","BURKHART JOHN LUKE AND","OXFORD RD","BURKHART JOHN LUKE AND","SHANNON L","7458 GERMANTOWN PIKE","","GERMANTOWN OH 45327","A",0005.57200,0000001800,0000000000,0000001800,0000005150,0000000000,0000005150,"LAND ONLY","NOT VALIDATED","N","201300027572"
"D14 00811 0015",692,16-JAN-13,000079000.00,"BOLDEN RONALD L","WILLIAMS TIMOTHY L AND","8490 BUTTER ST","WILLIAMS TIMOTHY L AND","CYNTHIA J","479 S BUTTER ST","","GERMANTOWN OH 45327","A",0019.81000,0000006760,0000000000,0000006760,0000019310,0000000000,0000019310,"LAND ONLY","VALID SALE","N","201300003304"
"D14 00901 0041",6667,01-MAY-13,000152500.00,"GILBERT LINDA L","LASH MEGAN K","13049 FRIEND RD","LASH MEGAN K ET AL 3","","13227 FRIEND RD","","GERMANTOWN OH 45327","A",0021.54400,0000010840,0000000000,0000010840,0000030960,0000000000,0000030960,"LAND ONLY","VALID SALE","N","201300030132"
"D14 00901 0041",6669,01-MAY-13,000000000.00,"LASH MEGAN K","LASH MEGAN K ET AL 3","13049 FRIEND RD","LASH MEGAN K ET AL 3","","13227 FRIEND RD","","GERMANTOWN OH 45327","A",0021.54400,0000010840,0000000000,0000010840,0000030960,0000000000,0000030960,"LAND ONLY","RELATED INDIVIDUALS OR CORPORATIONS","N","201300030133"
"D14 00904 0001",3357,07-MAR-13,000000000.00,"GUFFEY DONNA JEAN AND","GUFFEY DONNA JEAN","9815 GERMANTOWN MIDDLETOWN PIKE","GUFFEY DONNA JEAN","","9815 GERMANTOWN MIDDLETOWN RD","","GERMANTOWN OH 45327 2159","A",0152.08000,0000056840,0000030470,0000087310,0000162410,0000087070,0000249480,"LAND AND BUILDING","RELATED INDIVIDUALS OR CORPORATIONS","N",""
"D14 00904 0028",7137,08-MAY-13,000000000.00,"JOHNS DAVID S AND","JOHNS DAVID S","9680 GERMAN MIDDLETOWN PIKE","JOHNS DAVID S","","6200 CEDAR LN","","MIAMISBURG OH 45342 1906","A",0024.09200,0000065410,0000014590,0000080000,0000186890,0000041690,0000228580,"LAND AND BUILDING","RELATED INDIVIDUALS OR CORPORATIONS","N","201300032353"
"D14 00905 0028",1689,05-FEB-13,000141750.00,"FEDERAL NATIONAL MORTGAGE ASSOC","STROINIGG DIETER","10355 EBY RD","STROINIGG DIETER","","10355 EBY RD","","GERMANTOWN OH 45327","A",0017.61000,0000033890,0000053380,0000087270,0000096840,0000152520,0000249360,"LAND AND BUILDING","NOT VALIDATED","N","201300008220"
"D14 00906 0001",3782,14-MAR-13,000150000.00,"SELBY CAROL J","SANGER DAVID B AND","11962 FRIEND RD","SANGER DAVID B AND","CAROLYN S","11962 FRIEND RD","","GERMANTOWN OH 45327","A",0008.55400,0000020270,0000016180,0000036450,0000057920,0000046240,0000104160,"LAND AND BUILDING","VALID SALE","N","201300017508"
"D14 00906 0002",3782,14-MAR-13,000150000.00,"SELBY CAROL J","SANGER DAVID B AND","FRIEND RD","SANGER DAVID B AND","CAROLYN S","11962 FRIEND RD","","GERMANTOWN OH 45327","A",0005.00000,0000006360,0000000000,0000006360,0000018160,0000000000,0000018160,"LAND AND BUILDING","VALID SALE","N","201300017508"
"D14 00911 0008",6940,03-MAY-13,000000000.00,"PREGON MARY LEE","PREGON MARY LEE","10691 CARLISLE PIKE","PREGON MARY LEE","","1624 WINDEMERE DR","","DAYTON OH 45429 1701","A",0036.42400,0000030990,0000025980,0000056970,0000088550,0000074220,0000162770,"LAND AND BUILDING","NOT VALIDATED","N","201300031226"
"D15 00710 0017",7008,06-MAY-13,000000000.00,"SWENSON RICHARD D II AND","SWENSON RICHARD D II AND","15525 KIEFER RD","SWENSON RICHARD D II AND","RICHARD D III","15525 KIEFER RD","","GERMANTOWN OH 45327","A",0008.64000,0000021000,0000054600,0000075600,0000060000,0000156000,0000216000,"LAND AND BUILDING","RELATED INDIVIDUALS OR CORPORATIONS","N","201300031641"
"D15 00711 0007",6337,25-APR-13,000094000.00,"KRIMMER BRIAN AND","BANK OF AMERICA NA","15711 ST RT 725","BANK OF AMERICA NA","","450 AMERICAN ST MSNSV-35","","SIMI VALLEY CA 93065","A",0006.19600,0000012890,0000032680,0000045570,0000036820,0000093370,0000130190,"LAND AND BUILDING","LIQUIDATION/FORECLOSURE","N","201300030096"
"E21 01002 0020",2297,13-FEB-13,000000000.00,"WENG MILDRED K","WENG DOUGLAS A ET AL 3","5440 WAGNER FORD RD","WENG DOUGLAS A ET AL 3","","5440 WAGONER FORD RD","","DAYTON OH 45414","A",0035.98400,0000021080,0000036360,0000057440,0000060240,0000103880,0000164120,"LAND AND BUILDING","RELATED INDIVIDUALS OR CORPORATIONS","N","201300011836"
"F22 01309 0021",9245,12-JUN-13,000060000.00,"CORDES NORBERT D","SEARS ROBERT C AND","14000 DECHANT RD","CORDES NORBERT D","MARILYN A","14000 DECHANT RD","","FARMERSVILLE OH 45325","A",0008.00000,0000008700,0000030140,0000038840,0000024850,0000086120,0000110970,"LAND AND BUILDING","NOT VALIDATED","N","201300041135"
"F22 01310 0086",8506,03-JUN-13,000126000.00,"FULLMER LLOYD E AND","LOCH RICHARD J AND","EAGLE RD","LOCH RICHARD J AND","CORINNE","P O BOX 963 ST","","POWELL OH 43065","A",0020.49900,0000005360,0000000000,0000005360,0000015310,0000000000,0000015310,"LAND AND BUILDING","VALID SALE","N","201300038519"
"F22 01401 0005",1658,05-FEB-13,000090000.00,"BOLDEN  JERAMIE DALE","JOHNSON JAMES A AND","2409 S DIAMOND MILL RD","JOHNSON JAMES A AND","CONNIE L","14750 EATON PIKE","","FARMERSVILLE OH 45325","A",0024.65000,0000005110,0000000000,0000005110,0000014610,0000000000,0000014610,"LAND ONLY","VALID SALE","N","201300007973"
"F22 01401 0051",5639,17-APR-13,000150000.00,"BROWN ZANA JO AND","BROWN ZANA JO","2407 RHOADES RD","BROWN ZANA JO","","2407 RHOADES RD","","FARMERSVILLE OH 45325","A",0021.76800,0000014210,0000058740,0000072950,0000040610,0000167840,0000208450,"LAND AND BUILDING","NOT VALIDATED","N","201300026401"
"F22 01406 0001",27,02-JAN-13,000050000.00,"FULTZ GREGORY A AND","FULTZ GREGORY ET AL 3","2136 S PREBLE COUNTY LINE RD","LANDIS JEFFREY T ET AL 3","","2660 ZEHRING RD","","FARMERSVILLE OH 45325","A",0020.07200,0000007380,0000000000,0000007380,0000021080,0000000000,0000021080,"LAND ONLY","RELATED INDIVIDUALS OR CORPORATIONS","N","201300000376"
"F22 01406 0001",29,02-JAN-13,000050000.00,"FULTZ GREGORY ET AL 3","LANDIS JEFFREY T ET AL 3","2136 S PREBLE COUNTY LINE RD","LANDIS JEFFREY T ET AL 3","","2660 ZEHRING RD","","FARMERSVILLE OH 45325","A",0020.07200,0000007380,0000000000,0000007380,0000021080,0000000000,0000021080,"LAND ONLY","VALID SALE","N","201300000377"
"F22 01406 0025",719,16-JAN-13,000000000.00,"EUSTACHE TIMOTHY A","EUSTACHE TIMOTHY A","15125 CHICKEN BRISTLE RD","EUSTACHE TIMOTHY A","","15125 CHICKEN BRISTLE RD","","FARMERSVILLE OH 45325","A",0016.89400,0000009400,0000067040,0000076440,0000026870,0000191540,0000218410,"LAND AND BUILDING","NOT VALIDATED","N","201300003485"
"F22 01409 0001",4434,27-MAR-13,000000000.00,"MICHAEL EMMERT L AND","MICHAEL KATHRYN E","13500 CHICKEN BRISTLE RD","MICHAEL KATHRYN E","","13500 CHICKENBRISTLE RD","","FARMERSVILLE OH 45325 2909","A",0024.17400,0000012120,0000047710,0000059830,0000034630,0000136320,0000170950,"LAND AND BUILDING","RELATED INDIVIDUALS OR CORPORATIONS","N","201300020431"
"F22 01410 0002",1196,28-JAN-13,000000000.00,"LACY DIRSCHL C TR","LACY DIRSCHL C TR","3354 FARMERSVILLE JOHNSVILLE RD","LACY DIRSCHL C TR","","1110 E LONG PL","","LITTLETON CO 80122","A",0103.00000,0000048430,0000016720,0000065150,0000138370,0000047780,0000186150,"LAND AND BUILDING","NOT VALIDATED","N","201300005689"
"F22 01412 0007",8645,04-JUN-13,000000000.00,"MEARS RICHARD E AND","MEARS RICHARD E","3123 S DIAMOND MILL RD","RICHARD E MEARS","","3475 DIAMOND MILL RD","","GERMANTOWN OH 45327","A",0010.00000,0000009220,0000019280,0000028500,0000026350,0000055080,0000081430,"LAND AND BUILDING","NOT VALIDATED","N","201300039168"
"F22 01502 0008",315,09-JAN-13,000087013.00,"LONG TAMMIE","SEARS TREVIN E AND","HEMPLE RD","SEARS TREVIN E AND","MELISSA A","410 W CENTER ST","","FARMERSVILLE OH 45325","A",0015.67800,0000007480,0000000000,0000007480,0000021370,0000000000,0000021370,"LAND ONLY","VALID SALE","N","201300001570"
"F22 01510 0004",999,23-JAN-13,000000000.00,"MARION RICK","MARION RICK AND","ST RT 123","MARION RICK AND","KATHY L","12230 FARMERSVILLE-W CARROLLTON RD","","FARMERSVILLE OH 45325 1297","A",0027.27000,0000008420,0000000000,0000008420,0000024070,0000000000,0000024070,"LAND AND BUILDING","RELATED INDIVIDUALS OR CORPORATIONS","N","201300004555"
"F22 01510 0026",999,23-JAN-13,000000000.00,"MARION P RICKY","MARION RICK AND","12470 FARMERSVILLE WEST CARROLLTON RD","MARION RICK AND","KATHY L","12230 FARMERSVILLE-W CARROLLTON RD","","FARMERSVILLE OH 45325 1297","A",0001.53000,0000005380,0000032870,0000038250,0000015360,0000093900,0000109260,"LAND AND BUILDING","RELATED INDIVIDUALS OR CORPORATIONS","N","201300004555"
"F22 01511 0008",3207,05-MAR-13,000050000.00,"FLORY WARREN E AND","FLORY WARREN E","5415 VENUS RD","FLORY WARREN E","","5415 VENUS RD","","GERMANTOWN OH 45327 1925","A",0068.38700,0000028350,0000035440,0000063790,0000080990,0000101270,0000182260,"LAND AND BUILDING","VALID SALE","N","201300015081"
"F25 01301 0011",8752,05-JUN-13,000000000.00,"VOGE ROBERT J","VOGE DAVID J AND","10344 EATON PIKE","VOGE DAVID J AND","BARBARA A JOHNSON","10340 EATON PIKE","","NEW LEBANON OH 45345","A",0009.52000,0000010290,0000031030,0000041320,0000029410,0000088660,0000118070,"LAND AND BUILDING","RELATED INDIVIDUALS OR CORPORATIONS","N",""
"F25 01301 0013",8752,05-JUN-13,000000000.00,"VOGE ROBERT J","VOGE DAVID J AND","10340 EATON PIKE","VOGE DAVID J AND","BARBARA A JOHNSON","10340 EATON PIKE","","NEW LEBANON OH 45345","A",0003.15200,0000007720,0000020730,0000028450,0000022060,0000059230,0000081290,"LAND AND BUILDING","RELATED INDIVIDUALS OR CORPORATIONS","N",""
"F25 01301 0095",8752,05-JUN-13,000000000.00,"VOGE ROBERT","VOGE DAVID J AND","ST RT 35","VOGE DAVID J AND","BARBARA A JOHNSON","10340 EATON PIKE","","NEW LEBANON OH 45345","A",0007.02000,0000002490,0000000000,0000002490,0000007120,0000000000,0000007120,"LAND AND BUILDING","RELATED INDIVIDUALS OR CORPORATIONS","N",""
"F25 01301 0103",8752,05-JUN-13,000000000.00,"VOGE ROBERT J","VOGE DAVID J AND","10340 EATON PIKE","VOGE DAVID J AND","BARBARA A JOHNSON","10340 EATON PIKE","","NEW LEBANON OH 45345","A",0004.01000,0000001800,0000000000,0000001800,0000005140,0000000000,0000005140,"LAND AND BUILDING","RELATED INDIVIDUALS OR CORPORATIONS","N",""
"F25 01305 0024",4594,28-MAR-13,000164900.00,"FEDERAL NATIONAL MORTGAGE ASSOC","ROARK JOSHUA MICHAEL","272 BULL RD","ROARK JOSHUA MICHAEL","","272 BULL RD","","NEW LEBANON OH 45345","A",0022.36000,0000032650,0000039930,0000072580,0000093280,0000114090,0000207370,"LAND AND BUILDING","VALID SALE","N","201300021163"
"F25 01305 0027",4594,28-MAR-13,000164900.00,"FEDER5AL NATIONAL MORTGAGE ASSOC","ROARK JOSHUA MICHAEL","BULL RD","ROARK JOSHUA MICHAEL","","272 BULL RD","","NEW LEBANON OH 45345","A",0005.25000,0000007170,0000000000,0000007170,0000020480,0000000000,0000020480,"LAND AND BUILDING","VALID SALE","N","201300021163"
"F25 01309 0005",8604,04-JUN-13,000000000.00,"GLANTON THOMAS D AND","GLANTON THOMAS D TR","13343 DECHANT RD","GLANTON THOMAS D TR","","13343 DECHANT RD","","FARMERSVILLE OH 45325","A",0015.00000,0000013730,0000035290,0000049020,0000039240,0000100840,0000140080,"LAND AND BUILDING","RELATED INDIVIDUALS OR CORPORATIONS","N",""
"F25 01309 0006",8604,04-JUN-13,000000000.00,"GLANTON THOMAS D AND","GLANTON THOMAS D TR","DECHANT RD","GLANTON THOMAS D TR","","13343 DECHANT RD","","FARMERSVILLE OH 45325","A",0004.00000,0000005380,0000000000,0000005380,0000015370,0000000000,0000015370,"LAND AND BUILDING","RELATED INDIVIDUALS OR CORPORATIONS","N",""
"F25 01309 0030",8604,04-JUN-13,000000000.00,"GLANTON THOMAS D AND","GLANTON THOMAS D TR","DECHANT RD","GLANTON THOMAS D TR","","13343 DECHANT RD","","FARMERSVILLE OH 45325","A",0010.18000,0000001930,0000000000,0000001930,0000005500,0000000000,0000005500,"LAND AND BUILDING","RELATED INDIVIDUALS OR CORPORATIONS","N",""
"F25 01311 0022",1750,06-FEB-13,000000000.00,"GREEN OAK FARMS INC","GREEN OAK LAND LLC","S FULS RD","GREEN OAK FARMS","","5983 ORANGEBURG RD","","NEW PARIS OH 45347","A",0113.63200,0000051420,0000000000,0000051420,0000146920,0000000000,0000146920,"LAND AND BUILDING","NOT VALIDATED","N","201300008044"
"F25 01312 0025",2652,21-FEB-13,000000000.00,"PIERCE HAZEL D AND","SCOTT CHERYL ANNE","10477 HAVERMALE RD","SCOTT CHERYL ANNE","","910 W MAIN ST","","NEW LEBANON OH 45345","A",0020.99000,0000027690,0000030600,0000058290,0000079120,0000087430,0000166550,"LAND AND BUILDING","RELATED INDIVIDUALS OR CORPORATIONS","N","201300013417"
"F25 01312 0081",2982,28-FEB-13,000175000.00,"MARLOW ROBERT L AND","SEARS TREVIN E AND","HAVERMALE RD","TREVIN E AND MELISSA A SEARS","","410 W CENTER ST","","FARMERSVILLE OH 45325","A",0035.82600,0000018240,0000000000,0000018240,0000052110,0000000000,0000052110,"LAND AND BUILDING","VALID SALE","N","201300013807"
"G27 01607 0026",6029,22-APR-13,000203000.00,"YOUNG RICHARD S","LAMBROS MARY A AND","1760 DIAMOND MILL RD","LAMBROS MARY A AND","PAUL J HARDWICK","1760 DIAMOND MILL RD","","NEW LEBANON OH 45345 3544","A",0020.00000,0000016810,0000027690,0000044500,0000048020,0000079110,0000127130,"LAND AND BUILDING","VALID SALE","N","201300028584"
"G27 01703 0136",2554,20-FEB-13,000019200.00,"HALL REGINALD H","WILCOXSON RAY","OLT RD","WILCOXSON RAY","","6240 DAYTON-FARMERSVILLE RD","","DAYTON OH 45418","A",0012.68600,0000005310,0000000000,0000005310,0000015180,0000000000,0000015180,"LAND AND BUILDING","NOT VALIDATED","N","201300011620"
"G27 01705 0006",3702,13-MAR-13,000000000.00,"SIMPSON WILLIAM M AND","SIMPSON DEBRA L","LIBERTY ELLERTON RD","SIMPSON DEBRA L","","2506 LIBERTY ELLERTON RD","","DAYTON OH 45417 4361","A",0059.34000,0000023550,0000005230,0000028780,0000067280,0000014950,0000082230,"LAND AND BUILDING","SALE INVOLVING MULTIPLE PARCELS","N","201300016981"
"G27 01705 0040",3702,13-MAR-13,000000000.00,"SIMPSON WILLIAM M AND","SIMPSON DEBRA L","LIBERTY ELLERTON RD","SIMPSON DEBRA L","","2506 LIBERTY ELLERTON RD","","DAYTON OH 45417 4361","A",0010.52000,0000004730,0000000000,0000004730,0000013500,0000000000,0000013500,"LAND AND BUILDING","SALE INVOLVING MULTIPLE PARCELS","N","201300016981"
"G27 01705 0041",3702,13-MAR-13,000000000.00,"SIMPSON WILLIAM M AND","SIMPSON DEBRA L","2506 LIBERTY ELLERTON RD","SIMPSON DEBRA L","","2506 LIBERTY ELLERTON RD","","DAYTON OH 45417 4361","A",0018.58300,0000009930,0000038150,0000048080,0000028370,0000109010,0000137380,"LAND AND BUILDING","SALE INVOLVING MULTIPLE PARCELS","N","201300016981"
"G27 01705 0107",3702,13-MAR-13,000000000.00,"SIMPSON WILLIAM M AND","SIMPSON DEBRA L","LIBERTY ELLERTON RD","SIMPSON DEBRA L","","2506 LIBERTY ELLERTON RD","","DAYTON OH 45417 4361","A",0028.56000,0000011400,0000000000,0000011400,0000032580,0000000000,0000032580,"LAND AND BUILDING","SALE INVOLVING MULTIPLE PARCELS","N","201300016981"
"G27 01706 0003",2638,20-FEB-13,000470001.00,"HOFFMAN JAMES R AND","AMMERMAN ROBERT C","8660 HUFFMAN RD","AMMERMAN ROBERT C","","2138 LUTHERAN CHURCH RD","","NEW LEBANON OH 45345","A",0105.63000,0000031660,0000034550,0000066210,0000090470,0000098720,0000189190,"LAND AND BUILDING","VALID SALE","N","201300011618"
"G27 01706 0004",8754,05-JUN-13,000000000.00,"LOCKE SHIRLEY ET AL 6","LOCKE SHIRLEY","2327 GERMANTOWN LIBERTY RD","LOCKE SHIRLEY","","2327 GERMANTOWN LIBERTY RD","","NEW LEBANON OH 45345 3346","A",0078.86500,0000040550,0000017200,0000057750,0000115870,0000049130,0000165000,"LAND AND BUILDING","RELATED INDIVIDUALS OR CORPORATIONS","N",""
"G27 01706 0004",8090,24-MAY-13,000000000.00,"LOCKE RICHARD AND","LOCKE SHIRLEY ET AL 6","2327 GERMANTOWN LIBERTY RD","LOCKE SHIRLEY","","2327 GERMANTOWN LIBERTY RD","","NEW LEBANON OH 45345 3346","A",0078.86500,0000040550,0000017200,0000057750,0000115870,0000049130,0000165000,"LAND AND BUILDING","RELATED INDIVIDUALS OR CORPORATIONS","N","201300036479"
"G27 01706 0014",8755,05-JUN-13,000084000.00,"HOFFMAN HAROLD L","ROBERTS HENRY E III AND","8720 HUFFMAN RD","ROBERTS HENRY E III AND","ASHLEY","8720 HUFFMAN RD","","NEW LEBANON OH 45345","A",0006.00000,0000016510,0000021210,0000037720,0000047160,0000060610,0000107770,"LAND AND BUILDING","NOT VALIDATED","N","201300039327"
"G27 01807 0004",7846,21-MAY-13,000000000.00,"GADE DONALD L AND","GADE ROSALIE A","4100 GERMANTOWN LIBERTY RD","GADE ROSALIE A","","4120 GERMANTOWN LIBERTY RD","","GERMANTOWN OH 45327","A",0008.08200,0000006530,0000033550,0000040080,0000018670,0000095870,0000114540,"LAND AND BUILDING","RELATED INDIVIDUALS OR CORPORATIONS","N","201300035608"
"G27 01811 0040",7136,08-MAY-13,000000000.00,"WILLIAMS ESTHER LYNETTE","WILLIAMS CLIFTON","7691 GERMANTOWN PIKE","WILLIAMS CLIFTON","","7691 GERMANTOWN PIKE","","GERMANTOWN OH 45327","A",0010.86000,0000010560,0000037100,0000047660,0000030170,0000106010,0000136180,"LAND AND BUILDING","RELATED INDIVIDUALS OR CORPORATIONS","N","201300032348"
"G30 01808 0001",7491,15-MAY-13,000180000.00,"LUCAS MICHAEL HUGH AND","KSL FARMS LLC","4184 S DIAMOND MILL RD","KSL FARMS LLC","","5262 GERMANTOWN LIBERTY RD","","GERMANTOWN OH 45327","A",0038.11300,0000020040,0000019590,0000039630,0000057250,0000055960,0000113210,"LAND AND BUILDING","VALID SALE","N","201300034171"
"H33 00505 0006",5341,11-APR-13,000000000.00,"MCKINNEY STEVEN ET AL 9","MCKINNEY STEVEN ET AL 9","OLIVE RD","MCKINNEY STEVEN ET AL 9","","624 STORMS RD","","DAYTON OH 45429","A",0072.67200,0000034140,0000000000,0000034140,0000097550,0000000000,0000097550,"LAND AND BUILDING","NOT VALIDATED","N","201300024874"
"H33 02104 0005",5389,12-APR-13,000000000.00,"BRAUN JOSEPH P AND","BOSHINSKI THOMAS TR","5155 OAKES RD","BOSHINSKI THOMAS TR","","5155 OAKES RD","","DAYTON OH 45315","A",0043.18000,0000020840,0000021600,0000042440,0000059550,0000061720,0000121270,"LAND AND BUILDING","NOT VALIDATED","N","201300025265"
"H33 02104 0007",8920,07-JUN-13,000000000.00,"SMITH RUTH B AND","SMITH ROBERT W AND","5260 OAKES RD","SMITH ROBERT W AND","PAMELA SUE HOUNSHELL","4668 SHILOH SPRINGS RD","","CLAYTON OH 45315","A",0047.96000,0000022250,0000025110,0000047360,0000063580,0000071750,0000135330,"LAND AND BUILDING","NOT VALIDATED","N","201300039881"
"H33 02105 0049",8242,29-MAY-13,000082000.00,"MOORE GREGORY L","FEDERAL NATIONAL MORTGAGE ASSOC","5805 SHILOH SPRINGS RD","FEDERAL NATIONAL MORTGAGE ASSOC","","P O BOX 650043","","DALLAS TX 75265","A",0020.00400,0000015020,0000035090,0000050110,0000042920,0000100250,0000143170,"LAND AND BUILDING","LIQUIDATION/FORECLOSURE","N","201300039171"
"H33 02209 0005",2697,21-FEB-13,000000000.00,"KOESTERS RONALD L","KOESTERS RONALD L","7849 POST TOWN RD","KOESTERS RONALD L","JOANNE B TRS","7849 POST TOWN RD","","DAYTON OH 45426","A",0045.50000,0000016930,0000036050,0000052980,0000048360,0000102990,0000151350,"LAND AND BUILDING","RELATED INDIVIDUALS OR CORPORATIONS","N","201300013529"
"H33 02310 0008",6345,25-APR-13,000074000.00,"DOWNING NICOLE","FIFTH THIRD MORTGAGE COMPANY","830 N UNION RD","FIFTH THIRD MORTGAGE COMPANY","","5001 KINGSLEY DR","","CINCINNATI OH 45263 4722","A",0019.00000,0000010290,0000015050,0000025340,0000029400,0000043000,0000072400,"LAND AND BUILDING","LIQUIDATION/FORECLOSURE","N","201300028762"
"H33102106 0002",8976,07-JUN-13,000000000.00,"PRICE MARIE ELLEN","PRICE LINDA MAE","5608 N DIAMOND MILL RD","PRICE LINDA MAE","","5808 N DIAMOND MILL RD","","BROOKVILLE OH 45309","A",0084.00000,0000041100,0000050260,0000091360,0000117440,0000143610,0000261050,"LAND AND BUILDING","NOT VALIDATED","N","201300040065"
"K45 02502 0093",6654,30-APR-13,000453750.00,"YOUNG RICHARD S","MAHAFFEY CHERI K","7757 UPPER MIAMISBURG RD","MAHAFFEY CHERI K","","7757 UPPER MIAMISBURG RD","","MIAMISBURG OH 45342 5953","A",0026.00000,0000021700,0000137120,0000158820,0000061990,0000391760,0000453750,"LAND AND BUILDING","NOT VALIDATED","N","201300030068"
"K45 02511 0160",8798,06-JUN-13,000000000.00,"LEACH RICK D AND","PRENAT KEITH B","S UNION RD","LEACH RICK D AND","KIMBERLY K","5526 S UNION RD","","MIAMISBURG OH 45342 1330","A",0002.98600,0000002800,0000000000,0000002800,0000008000,0000000000,0000008000,"LAND AND BUILDING","RELATED INDIVIDUALS OR CORPORATIONS","N",""
"K45 02605 0067",7884,22-MAY-13,000000000.00,"BOARD OF COUNTY COMMISSION","BOARD OF TRUSTEES OF MIAMI TOWNSHIP","MIAMISBURG SPRINGBORO RD","","","","","","A",0000.14000,0000000000,0000000000,0000000000,0000000000,0000000000,0000000000,"LAND ONLY","NOT VALIDATED","N",""
"K45 02605 0068",7886,22-MAY-13,000000000.00,"BOARD OF COUNTY COMMISSION","BOARD OF TRUSTEES OF MIAMI TOWNSHIP","MIAMISBURG SPRINGBORO RD","","","","","","A",0000.21100,0000000000,0000000000,0000000000,0000000000,0000000000,0000000000,"LAND ONLY","NOT VALIDATED","N",""
"K45 02605 0069",7886,22-MAY-13,000000000.00,"BOARD OF COUNTY COMMISSION","BOARD OF TRUSTEES OF MIAMI TOWNSHIP","MIAMISBURG SPRINGBORO RD","","","","","","A",0000.13900,0000000000,0000000000,0000000000,0000000000,0000000000,0000000000,"LAND ONLY","NOT VALIDATED","N",""
"K45 02605 0076",7880,22-MAY-13,000000000.00,"MONTGOMERY COUNTY TRANSPORTATION","BOARD OF TRUSTEES OF MIAMI TOWNSHIP","MIAMISBURG SPRINGBORO RD","BOARD OF TRUSTEES OF MIAMI TOWNSHIP","","2700 LYONS RD","","MIAMISBURG OH 45342","A",0000.07400,0000000000,0000000000,0000000000,0000000000,0000000000,0000000000,"LAND ONLY","NOT VALIDATED","N",""
"K45 02608 0008",3951,18-MAR-13,000000000.00,"OBERER DEVELOPMENT CO","OBERER DEVELOPMENT CO","MIAMISBURG SPRINGBORO RD","OBERER DEVELOPMENT CO","","9080 SPRINGBORO PIKE STE 100","","MIAMISBURG OH 45342","A",0001.24520,0000002330,0000000000,0000002330,0000006650,0000000000,0000006650,"LAND AND BUILDING","NOT VALIDATED","N","201300018172"
"K45 02610 0008",1168,28-JAN-13,000000000.00,"RUFFNER MARTHA R","RUFFNER MARTHA R AND","4034 MAUE RD","MARTHA R RUFFNER","","4034 MAUE RD","","MIAMISBURG OH 45342 3916","A",0032.85800,0000054580,0000098000,0000152580,0000155950,0000280000,0000435950,"LAND AND BUILDING","RELATED INDIVIDUALS OR CORPORATIONS","N","201300005952"
"K45 02612 0020",1581,04-FEB-13,000330000.00,"EDWARDS DONALD C TR","GARRISON ORPHEUS L JR","5805 SHEPHARD RD","GARRISON ORPHEUS L JR","","5571 SHEPHARD RD","","MIAMISBURG OH 45342","A",0078.55500,0000098810,0000020780,0000119590,0000282320,0000059370,0000341690,"LAND AND BUILDING","NOT VALIDATED","N","201300015420"
"K45 02612 0082",4501,27-MAR-13,000000000.00,"MASTERS SCOTT J AND","MASTERS SCOTT J AND","4979 MEDLAR RD","MASTERS SCOTT J AND","GINGER G","PO BOX 262","","MIAMISBURG OH 45343","A",0010.71200,0000022060,0000115540,0000137600,0000063040,0000330110,0000393150,"LAND AND BUILDING","RELATED INDIVIDUALS OR CORPORATIONS","N","201300020599"
"K48 00918 0001",1287,29-JAN-13,000000000.00,"EBY MARVIN ETAL 8","WILSON ANGELIA","602 N MIAMI AVE","WILSON ANGELIA","","7 E SHANNON AVE","","DAYTON OH 45449","A",0016.35600,0000027100,0000055390,0000082490,0000077420,0000158270,0000235690,"LAND AND BUILDING","SALE INVOLVING MULTIPLE PARCELS","N","201300006116"
"K48200921 0013",6019,22-APR-13,000000000.00,"JERGENS JEROME J AND","JERGENS GERALDINE L","4612 SOLDIERS HOME MIAMISBURG RD","JERGENS GERALDINE L","","4612 SOLDIERS HOME MSBG RD","","MIAMISBURG OH 45342","A",0030.51400,0000048990,0000024320,0000073310,0000139960,0000069480,0000209440,"LAND AND BUILDING","RELATED INDIVIDUALS OR CORPORATIONS","N","201300027723"
"K50 02508 0009",8304,29-MAY-13,000000000.00,"CITIBANK","WILMINGTON TRUST NATIONAL","9627 CHAUTAUQUA RD","WILMINGTON TRUST NATIONAL","ASSOCIATION TRUSTEE","8480 STAGECOACH CIR","","FREDERICK MD 21701","A",0016.59800,0000033070,0000038180,0000071250,0000094480,0000109090,0000203570,"LAND AND BUILDING","NOT VALIDATED","N","201300037439"
"K50 02509 0008",6816,02-MAY-13,000088000.00,"DOEBLER KRISTINA G AND","HUDSON MATTHEW AND","CHAUTAUQUA RD","HUDSON MATTHEW AND","TARA","9349 JANE AVE","","MIAMISBURG OH 45342","A",0010.22400,0000026440,0000001090,0000027530,0000075540,0000003100,0000078640,"LAND AND BUILDING","VALID SALE","N","201300032199"
"K50 02510 0027",7573,16-MAY-13,000000000.00,"RED STONE GROUP INC","CINNABAR AG LLC","S UNION RD","CINNABAR AG LLC","","560 FAIRVIEW DR A","","CARLISLE OH 45005","A",0000.14800,0000000000,0000000000,0000000000,0000000000,0000000000,0000000000,"LAND ONLY","RELATED INDIVIDUALS OR CORPORATIONS","N","201300034415"
"K51 00107 0004",7573,16-MAY-13,000000000.00,"RED STONE GROUP INC","CINNABAR AG LLC","S UNION RD","CINNABAR AG LLC","","560 FAIRVIEW DR A","","CARLISLE OH 45005","A",0052.09200,0000025780,0000000000,0000025780,0000073670,0000000000,0000073670,"LAND ONLY","RELATED INDIVIDUALS OR CORPORATIONS","N","201300034415"
"L52 00109 0011",5266,10-APR-13,000000000.00,"DIEHL HAROLD E AND","DIEHL ELIZABETH S","ST RT 35","DIEHL ELIZABETH S","","321 N CLAYTON RD","","NEW LEBANON OH 45345","A",0008.05900,0000004240,0000000000,0000004240,0000012120,0000000000,0000012120,"LAND AND BUILDING","SALE INVOLVING MULTIPLE PARCELS","N","201300026024"
"L53 02807 0006",5462,15-APR-13,000000000.00,"MOHLER MERLIN E AND","MOHLER FAMILY FARM LLC","15374 AMITY RD","MOHLER FAMILY FARM LLC","","2929 N SULPHUR SPRINGS RD","","WEST ALEXANDRIA OH 45381","A",0040.50000,0000022170,0000000000,0000022170,0000063340,0000000000,0000063340,"LAND AND BUILDING","NOT VALIDATED","N","201300025825"
"L53 02807 0010",4844,02-APR-13,000000000.00,"MOHLER MERLIN E + ESTHER J","BOWMAN MELISSA S TR","2929 N SULPHUR SPRINGS RD","BOWMAN MELISSA S TR","","2929 N SULPHUR SPRINGS RD","","WEST ALEXANDRIA OH 45381 1915","A",0010.00000,0000011810,0000047340,0000059150,0000033740,0000135250,0000168990,"LAND AND BUILDING","NOT VALIDATED","N","201300024840"
"L53 02808 0016",4050,19-MAR-13,000000000.00,"BOWMAN RANDALL A ETAL 6","BOWMAN RANDALL A ETAL 6","AMITY RD","BOWMAN RANDALL A ETAL 6","","3424 SULPHUR SPRINGS RD","","WEST ALEXANDRIA OH 45381","A",0050.90300,0000026710,0000000000,0000026710,0000076300,0000000000,0000076300,"LAND ONLY","RELATED INDIVIDUALS OR CORPORATIONS","N","201300018878"
"L53 02808 0017",5462,15-APR-13,000000000.00,"MOHLER MERLIN E  AND","MOHLER FAMILY FARM LLC","2760 N SULPHUR SPRINGS RD","MOHLER FAMILY FARM LLC","","2929 N SULPHUR SPRINGS RD","","WEST ALEXANDRIA OH 45381","A",0057.31400,0000030010,0000004840,0000034850,0000085730,0000013820,0000099550,"LAND AND BUILDING","NOT VALIDATED","N","201300025825"
"L53 02810 0026",4461,27-MAR-13,000000000.00,"HARMS DIRK AND","HARMS DIRK","2692 JOHNSVILLE BROOKVILLE RD","FLORA DALE AND","ELAINE","2692 JOHNSVILLE-BROOKVILLE RD","","BROOKVILLE OH 45309","A",0002.01300,0000008180,0000031870,0000040050,0000023360,0000091060,0000114420,"LAND AND BUILDING","NOT VALIDATED","N","201300022519"
"L53 02810 0026",4463,27-MAR-13,000050298.00,"HARMS DIRK","FLORA DALE AND","2692 JOHNSVILLE BROOKVILLE RD","FLORA DALE AND","ELAINE","2692 JOHNSVILLE-BROOKVILLE RD","","BROOKVILLE OH 45309","A",0002.01300,0000008180,0000031870,0000040050,0000023360,0000091060,0000114420,"LAND AND BUILDING","VALID SALE","N","201300022520"
"L53 02901 0021",1415,31-JAN-13,000000000.00,"DIEHL DAVID L AND","DIEHL DAVID L AND","10436 LITTLE RICHMOND RD","DIEHL DAVID L AND","MARGARET K","10294 LITTLE RICHMOND RD","","BROOKVILLE OH 45309","A",0005.00000,0000008530,0000027970,0000036500,0000024370,0000079910,0000104280,"LAND AND BUILDING","RELATED INDIVIDUALS OR CORPORATIONS","N","201300006982"
"L53 02901 0066",7090,07-MAY-13,000000000.00,"DIEHL SCOTT D AND","DIEHL SCOTT D","10222 LITTLE RICHMOND RD","DIEHL SCOTT D","","10222 LITTLE RICHMOND RD","","BROOKVILLE OH 45309 2126","A",0003.06700,0000007890,0000036890,0000044780,0000022550,0000105410,0000127960,"LAND AND BUILDING","RELATED INDIVIDUALS OR CORPORATIONS","N","201300032433"
"L53 02911 0017",5266,10-APR-13,000000000.00,"DIEHL HAROLD E AND","DIEHL ELIZABETH S","321 N CLAYTON RD","DIEHL ELIZABETH S","","321 N CLAYTON RD","","NEW LEBANON OH 45345","A",0059.43500,0000030720,0000036900,0000067620,0000087760,0000105430,0000193190,"LAND AND BUILDING","SALE INVOLVING MULTIPLE PARCELS","N","201300026024"
"L53 02912 0001",1715,05-FEB-13,000000000.00,"DECKER LINDA","DECKER LINDA J AND","10948 OLD DAYTON RD","DECKER LINDA J AND","GERALD T","3090 VIOLA DR","","DAYTON OH 45434","A",0001.68000,0000003700,0000000000,0000003700,0000010560,0000000000,0000010560,"LAND ONLY","RELATED INDIVIDUALS OR CORPORATIONS","N","201300007954"
"L55 02701 0012",6406,26-APR-13,000000000.00,"CRABTREE ROGER J AND CONNIE S TRS","CRABTREE FARMS LLC","10615 AIR HILL RD","CRABTREE FARMS LLC","","10615 AIR HILL RD","","BROOKVILLE OH 45309","A",0045.00000,0000026360,0000032070,0000058430,0000075300,0000091640,0000166940,"LAND AND BUILDING","RELATED INDIVIDUALS OR CORPORATIONS","N","201300029247"
"L55 02702 0030",6867,03-MAY-13,000028611.00,"SETTLE TIMOTHY MITCHEL","BIHN JACOB J AND","11759 WOLF CREEK PIKE","BIHN JACOB J AND","JESSICA E","11759 S WOLF CREEK PIKE","","BROOKVILLE OH 45309 1903","A",0005.20200,0000006960,0000000000,0000006960,0000019890,0000000000,0000019890,"LAND AND BUILDING","VALID SALE","N","201300031073"
"L55 02702 0033",4669,29-MAR-13,000120000.00,"SETTLE TIMOTHY MITCHEL","HUMMEL ANDREW T AND","11803 WOLF CREEK PIKE","HUMMEL ANDREW T AND","CYNTHIA D","55 ROCK ST","","BROOKVILLE OH 45309 1812","A",0020.02700,0000039830,0000024100,0000063930,0000113800,0000068860,0000182660,"LAND ONLY","VALID SALE","N","201300021307"
"L55 02702 0033",4665,29-MAR-13,000000000.00,"SETTLE TIMOTHY MITCHEL","SETTLE TIMOTHY MITCHEL","11803 WOLF CREEK PIKE","HUMMEL ANDREW T AND","CYNTHIA D","55 ROCK ST","","BROOKVILLE OH 45309 1812","A",0020.02700,0000039830,0000024100,0000063930,0000113800,0000068860,0000182660,"LAND AND BUILDING","RELATED INDIVIDUALS OR CORPORATIONS","N","201300021305"
"L55 02709 0047",3660,12-MAR-13,000025000.00,"WYNN JOSEPH","FLORA BRUCE AND","PROVIDENCE RD","FLORA BRUCE AND","KAREN","14391 PROVIDENCE RD","","BROOKVILLE OH 45309","A",0005.49000,0000007540,0000000000,0000007540,0000021550,0000000000,0000021550,"LAND AND BUILDING","VALID SALE","N","201300017024"
"L55 02711 0112",2772,22-FEB-13,000560000.00,"PRATT STEPHEN M  AND","KUBIAK JOSEPH F JR AND","11200 WOLF CREEK PIKE","KUBIAK JOSEPH F JR AND","STACEY L","11200 S WOLF CREEK PIKE","","BROOKVILLE OH 45309","A",0037.70800,0000020390,0000074980,0000095370,0000058260,0000214240,0000272500,"LAND AND BUILDING","VALID SALE","N","201300013327"
"L55 02806 0009",425,10-JAN-13,000000000.00,"OSSWALD KEVIN R AND","OSSWALD KEVIN R AND","3085 N SULPHUR SPRINGS RD","OSSWALD RANDALL E AND","JOY","13352 UPPER LEWISBURG SALEM RD","","BROOKVILLE OH 45309 3217","A",0030.15000,0000019410,0000034450,0000053860,0000055460,0000098420,0000153880,"LAND AND BUILDING","NOT VALIDATED","N","201300003437"
"L55 02806 0009",429,10-JAN-13,000000000.00,"OSSWALD RANDALL E","OSSWALD RANDALL E AND","3085 N SULPHUR SPRINGS RD","OSSWALD RANDALL E AND","JOY","13352 UPPER LEWISBURG SALEM RD","","BROOKVILLE OH 45309 3217","A",0030.15000,0000019410,0000034450,0000053860,0000055460,0000098420,0000153880,"LAND AND BUILDING","RELATED INDIVIDUALS OR CORPORATIONS","N","201300003440"
"L55 02806 0009",427,10-JAN-13,000000000.00,"OSSWALD KEVIN R AND","OSSWALD MARCIA A AND","3085 N SULPHUR SPRINGS RD","OSSWALD RANDALL E AND","JOY","13352 UPPER LEWISBURG SALEM RD","","BROOKVILLE OH 45309 3217","A",0030.15000,0000019410,0000034450,0000053860,0000055460,0000098420,0000153880,"LAND AND BUILDING","NOT VALIDATED","N","201300003438"
"L55 02806 0009",428,10-JAN-13,000113000.00,"OSSWALD MARCIA A AND","OSSWALD RANDALL E","3085 N SULPHUR SPRINGS RD","OSSWALD RANDALL E AND","JOY","13352 UPPER LEWISBURG SALEM RD","","BROOKVILLE OH 45309 3217","A",0030.15000,0000019410,0000034450,0000053860,0000055460,0000098420,0000153880,"LAND AND BUILDING","VALID SALE","N","201300003439"
"L55 02809 0001",5,02-JAN-13,000597984.00,"OSSWALD RICHARD E AND","FLORA BYRON B","2870 CRAWFORD TOMS RUN RD","FLORA BYRON B","","12366 PROVIDENCE PIKE","","BROOKVILLE OH 45309","A",0010.38460,0000013630,0000037090,0000050720,0000038930,0000105980,0000144910,"LAND AND BUILDING","VALID SALE","N","201300000098"
"L55 02809 0002",00005,02-JAN-13,000597984.00,"OSSWALD RICHARD E TR AND","FLORA BYRON B","CRAWFORD TOMS RUN RD","FLORA BYRON B","","12366 PROVIDENCE PIKE","","BROOKVILLE OH 45309","A",0036.50040,0000021000,0000000000,0000021000,0000060000,0000000000,0000060000,"LAND AND BUILDING","SALE INVOLVING MULTIPLE PARCELS","N","201300000098"
"L55 16507 0001",9297,12-JUN-13,000137000.00,"FEDERAL NATIONAL MORTGAGE","WRIGHT AMY H","14789 PROVIDENCE RD","FEDERAL NATIONAL MORTGAGE","ASSOCIATION","0 P O BOX 650043","","DALLAS TX 75265","A",0010.00000,0000020520,0000038610,0000059130,0000058640,0000110300,0000168940,"LAND AND BUILDING","VALID SALE","N",""
"L55 16507 0001",7268,10-MAY-13,000150000.00,"HEETER JAIME AND","FEDERAL NATIONAL MORTGAGE","14789 PROVIDENCE RD","FEDERAL NATIONAL MORTGAGE","ASSOCIATION","0 P O BOX 650043","","DALLAS TX 75265","A",0010.00000,0000020520,0000038610,0000059130,0000058640,0000110300,0000168940,"LAND AND BUILDING","LIQUIDATION/FORECLOSURE","N","201300032919"
"M58 00213 0005",311,08-JAN-13,000000000.00,"SWARTZ DOUGLAS I AND","SWARTZ DOUGLAS I TR AND","406 ST RT 48","SWARTZ DOUGLAS I TR AND","CYNTHIA A TR","406 N MAIN ST","","UNION OH 45322","A",0010.00000,0000042210,0000086780,0000128990,0000120600,0000247940,0000368540,"LAND AND BUILDING","RELATED INDIVIDUALS OR CORPORATIONS","N","201300001974"
"M58 00219 0007",7519,16-MAY-13,000000000.00,"COMLEKCIOJLU ALEN","SMD CONSTRUCTION & CONSULTING LLC","PHILLIPSBURG UNION RD","SMD CONSTRUCTION & CONSULTING LLC","","7070 NW 84TH AVE","","POMPANO BEACH FL 33067","A",0040.76500,0000020350,0000000000,0000020350,0000058150,0000000000,0000058150,"LAND AND BUILDING","NOT VALIDATED","N","201300034211"
"M58100501 0011",8687,04-JUN-13,000494000.00,"KELLER BONNIE S AND","THIES RICHARD P AND","FREDERICK PIKE","THIES RICHARD P AND","DEBRA","7847 ST RT 48","","ENGLEWOOD OH 45322","A",0056.12860,0000020700,0000000000,0000020700,0000059150,0000000000,0000059150,"LAND ONLY","NOT VALIDATED","N","201300039118"
"M60 03002 0004",6128,23-APR-13,000518000.00,"WILLOW SPRINGS FAMILY FARM LLC","THIES RICHARD AND","RINEHART RD","WILLOW SPRINGS FAMILY FARM LLC","","1555 STOCKHAM DR","","PIQUA OH 45356","A",0024.71880,0000010190,0000000000,0000010190,0000029120,0000000000,0000029120,"LAND AND BUILDING","SALE INVOLVING MULTIPLE PARCELS","N","201300028174"
"M60 03004 0003",3537,11-MAR-13,000000000.00,"SATTERTHWAITE JERRY L","SATTERTHWAITE MARY R","PHILLIPSBURG UNION RD","SATTERTHWAITE MARY R","","11629 PUTNAM RD","","ENGLEWOOD OH 45322","A",0092.09000,0000041320,0000000000,0000041320,0000118050,0000000000,0000118050,"LAND ONLY","SALE INVOLVING MULTIPLE PARCELS","N","201300016366"
"M60 03004 0011",3537,11-MAR-13,000000000.00,"SATTERTHWAITE JERRY","SATTERTHWAITE MARY R","11419 PUTNAM RD","SATTERTHWAITE MARY R","","11629 PUTNAM RD","","ENGLEWOOD OH 45322","A",0015.32200,0000006690,0000000000,0000006690,0000019110,0000000000,0000019110,"LAND ONLY","SALE INVOLVING MULTIPLE PARCELS","N","201300016366"
"M60 03004 0019",3537,11-MAR-13,000000000.00,"SATTERTHWAITE JERRY L","SATTERTHWAITE MARY R","N COUNTY LINE RD","JERRY L SATTERTHWAITE","","11629 PUTNAM RD","","ENGLEWOOD OH 45322 9765","A",0031.94800,0000012980,0000000000,0000012980,0000037090,0000000000,0000037090,"LAND ONLY","SALE INVOLVING MULTIPLE PARCELS","N","201300016366"
"M60 03004 0022",3537,11-MAR-13,000000000.00,"SATTERTHWAITE JERRY L","SATTERTHWAITE MARY R","DIAMOND MILL RD","SATTERTHWAITE MARY R","","11629 PUTNAM RD","","ENGLEWOOD OH 45322","A",0050.44000,0000023950,0000000000,0000023950,0000068420,0000000000,0000068420,"LAND ONLY","SALE INVOLVING MULTIPLE PARCELS","N","201300016366"
"M60 03004 0024",7767,20-MAY-13,000085000.00,"LANDIS KENT E","DAY AIR CREDIT UNION INC","5592 N COUNTY LINE RD","DAY AIR CREDIT UNION INC","","425 PHILLIPS BLVD","","TRENTON NJ 08618","A",0000.98700,0000009670,0000034480,0000044150,0000027640,0000098500,0000126140,"LAND AND BUILDING","LIQUIDATION/FORECLOSURE","N","201300036758"
"M60 03006 0085",2699,21-FEB-13,000000000.00,"ANDERSON LYNDON S AND","ANDERSON LYNDON S AND","10581 HABER RD","ANDERSON LYNDON S AND","TRUDY M TRS","10581 HABER RD","","ENGLEWOOD OH 45322","A",0009.30960,0000013760,0000082670,0000096430,0000039300,0000236190,0000275490,"LAND AND BUILDING","RELATED INDIVIDUALS OR CORPORATIONS","N","201300012314"
"M60 03210 0363",1759,06-FEB-13,000112900.00,"HENCH CARL JAMES TR AND","SMITH DANNY E AND","6310 GARBER RD","","","","","","A",0001.07900,0000010920,0000028160,0000039080,0000031190,0000080470,0000111660,"LAND AND BUILDING","NOT VALIDATED","N","201300008278"
"O67 03801 0003",2560,20-FEB-13,000000000.00,"COOK MILTON E AND","COOK MILTON E","11161 ELM TREE RD","COOK MILTON E","","3611 E LOWER SPRINGBORO","PO BOX 731","WAYNESVILLE OH 45068 3224","A",0021.02200,0000008970,0000000000,0000008970,0000025630,0000000000,0000025630,"LAND AND BUILDING","RELATED INDIVIDUALS OR CORPORATIONS","N","201300012168"
"O67 03813 0066",666,15-JAN-13,000000000.00,"DIVIDED RIDGE LTD","WASHINGTON TOWNSHIP PARK DISTRICT","W SOCIAL ROW RD","WASHINGTON TOWNSHIP PARK DISTRICT","","221 N MAIN ST STE A","","DAYTON OH 45459","A",0023.20400,0000013660,0000000000,0000013660,0000039040,0000000000,0000039040,"LAND AND BUILDING","NOT VALIDATED","N","201300003142"
"P70 03908 0021",9287,12-JUN-13,000005416.00,"POTTER LEWIS JEFFREY ET AL 10","POTTER LEWIS JEFFREY ET AL 9","6795 FISHBURG RD","POTTER LEWIS JEFFREY ET AL 10","","1520 W LYNN RD","","DAYTON OH 45426","A",0025.00000,0000031420,0000016350,0000047770,0000089780,0000046720,0000136500,"LAND AND BUILDING","NOT VALIDATED","N","201300041268"
"P70 03910 0005",169,04-JAN-13,000000000.00,"LEHMAN EUGENE A","EUGENE LEHMAN FAMILY","8303 BRANDT PIKE","EUGENE LEHMAN FAMILY","LIMITED PARTNERSHIP","6886 WILLOW TREE LN","","HUBER HEIGHTS OH 45424","A",0051.59790,0000029720,0000027980,0000057700,0000084900,0000079950,0000164850,"LAND AND BUILDING","NOT VALIDATED","N","201300000922"
"R72317110 0005",7654,17-MAY-13,000000000.00,"SPURLOCK ROBERT M TR","SPURLOCK ROBERT DEREK","MILLER AVE","SPURLOCK ROBERT M TR","","P O BOX 17100","","DAYTON OH 45427","A",0003.80000,0000003190,0000000000,0000003190,0000009120,0000000000,0000009120,"LAND AND BUILDING","SALE INVOLVING MULTIPLE PARCELS","N","201300034844"
"R72317110 0015",7654,17-MAY-13,000000000.00,"SPURLOCK ROBERT M TR","SPURLOCK ROBERT DEREK","342 MILLER AVE","SPURLOCK ROBERT M TR","","P O BOX 17100","","DAYTON OH 45427","A",0023.88000,0000025450,0000006620,0000032070,0000072720,0000018900,0000091620,"LAND AND BUILDING","SALE INVOLVING MULTIPLE PARCELS","N","201300034844"
"R72517409 0017",1858,07-FEB-13,000000000.00,"HOLLIS CLARITA P","HOLLIS CHARLIE L AND","5035 GERMANTOWN PIKE","HOLLIS CHARLIE L AND","LEE ALTON SR","5035 GERMANTOWN PIKE","","DAYTON OH 45417","A",0009.81900,0000019240,0000012300,0000031540,0000054980,0000035150,0000090130,"LAND AND BUILDING","NOT VALIDATED","N","201300008797"
