"PARID","CONVNUM","SALEDTE","PRICE","OLDOWN","OWNERNAME1","PARCELLOCATION","MAILINGNAME1","MAILINGNAME2","PADDR1","PADDR2","PADDR3","CLS","ACRES","TAXLAND","TAXBLDG","TAXTOTAL","ASMTLAND","ASMTBLDG","ASMTTOTL","SALETYPE","SALEVALIDITY","DYTNCRDT","DEEDREFERENCE"
"B02 00102 0023",2306,14-FEB-13,000000000.00,"BD OF ED","VANDALIA CITY OF","W NATIONAL RD","VANDALIA CITY OF","","333 J E BOHANAN DR","","VANDALIA OH 45377","E",0001.59000,0000045770,0000000000,0000045770,0000130780,0000000000,0000130780,"LAND AND BUILDING","NOT VALIDATED","N","201300010687"
"B02 00201 0058",2306,14-FEB-13,000000000.00,"BD OF ED","VANDALIA CITY OF","231 W NATIONAL RD","VANDALIA CITY OF","","333 J E BOHANAN DR","","VANDALIA OH 45377","E",0007.80000,0000265810,0000791040,0001056850,0000759450,0002260120,0003019570,"LAND AND BUILDING","NOT VALIDATED","N","201300010687"
"B02 00201 0060",2306,14-FEB-13,000000000.00,"BD OF ED","VANDALIA CITY OF","W NATIONAL RD","BD OF ED","","306 S DIXIE DR","","VANDALIA OH 45377 2128","E",0000.61700,0000042330,0000000000,0000042330,0000120950,0000000000,0000120950,"LAND AND BUILDING","NOT VALIDATED","N","201300010687"
"D18 00811 0004",833,18-JAN-13,000030000.00,"NAZARENE CHURCH GERMANTOWN","LOWERY SANDRA G","8140 BUTTER ST","LOWERY SANDRA G","","8767 OAK DR","","GERMANTOWN OH 45327","E",0003.00000,0000022740,0000141610,0000164350,0000064980,0000404600,0000469580,"LAND AND BUILDING","NOT VALIDATED","N","201300003857"
"E20 01006 0081",8492,31-MAY-13,000400000.00,"LUTHERAN TRINITY EVAN CH","MISSIONARY BAPTIST CHURCH","6540 N MAIN ST","MISSIONARY BAPTIST CHURCH","FREEDOM FAITH","6540 N MAIN ST","","DAYTON OH 45415","E",0004.78200,0000054590,0000351290,0000405880,0000155970,0001003680,0001159650,"LAND AND BUILDING","VALID SALE","N","201300038297"
"E20 17001 0014",2740,22-FEB-13,000154000.00,"VICTORY DELIVERANCE","GREENWICH INVESTORS XXXV REO LLC","4101 N MAIN ST","GREENWICH INVESTORS XXXV REO LLC","","908 N THIRD ST PO BOX 38","","PRINSBURG MN 56281","E",0000.00000,0000029340,0000116480,0000145820,0000083830,0000332810,0000416640,"LAND AND BUILDING","SALE INVOLVING MULTIPLE PARCELS","N","201300012981"
"E20 17001 0017",2740,22-FEB-13,000154000.00,"VICTORY DELIVERANCE","GREENWICH INVESTORS XXXV REO LLC","19 W MELFORD AVE","GREENWICH INVESTORS XXXV REO LLC","","908 N THIRD ST PO BOX 38","","PRINSBURG MN 56281","E",0000.00000,0000011200,0000001410,0000012610,0000032000,0000004030,0000036030,"LAND AND BUILDING","SALE INVOLVING MULTIPLE PARCELS","N","201300012981"
"E21 01003 0008",3090,01-MAR-13,000000000.00,"BROWN ROBERT J AND","VINEYARD CHURCH OF","3110 STOP EIGHT RD","VINEYARD CHURCH OF","THE HARVEST","3110 STOP EIGHT RD","","DAYTON OH 45414","E",0000.96400,0000023870,0000033570,0000057440,0000068190,0000095920,0000164110,"LAND AND BUILDING","NOT VALIDATED","N","201300014440"
"H33 01323 0011",6156,23-APR-13,000000000.00,"MONTGOMERY COUNTY BOARD OF","MIAMI VALLEY IN-OVATIONS INC","5138 HEATHERTON DR","MIAMI VALLEY IN-OVATIONS INC","","5450 SALEM AVE","","DAYTON OH 45426","E",0000.00000,0000007830,0000033130,0000040960,0000022360,0000094670,0000117030,"LAND AND BUILDING","NOT VALIDATED","N","201300028231"
"H33 02103 0119",6155,23-APR-13,000000000.00,"MONTGOMERY COUNTY BOARD OF","MIAMI VALLEY IN-OVATIONS INC","5193 OLIVE RD","MIAMI VALLEY IN-OVATIONS INC","","5450 SALEM AVE","","DAYTON OH 45426","E",0001.00630,0000010190,0000059660,0000069850,0000029120,0000170460,0000199580,"LAND AND BUILDING","NOT VALIDATED","N","201300028232"
"J44104112 0030",2118,12-FEB-13,000000000.00,"ZION MEMORIAL UNITED CHURCH","ZIONS EVANGELICAL LUTHERAN AND","S DIXIE DR","ZIONS EVANGELICAL LUTHERAN AND","REFORMED CEMETERY ASSOC","4000 S DIXIE DR","","DAYTON OH 45439","E",0001.36000,0000006660,0000000000,0000006660,0000019040,0000000000,0000019040,"LAND ONLY","NOT VALIDATED","N","201300010747"
"J44104112 0030",2115,12-FEB-13,000000000.00,"ZIONS EVANGELICAL LUTHERAN","ZION MEMORIAL UNITED CHURCH","S DIXIE DR","ZIONS EVANGELICAL LUTHERAN AND","REFORMED CEMETERY ASSOC","4000 S DIXIE DR","","DAYTON OH 45439","E",0001.36000,0000006660,0000000000,0000006660,0000019040,0000000000,0000019040,"LAND AND BUILDING","NOT VALIDATED","N","201300010746"
"J44104112 0030",2113,12-FEB-13,000000000.00,"ZIONS MEMORIAL CH","ZIONS EVANGELICAL LUTHERAN","S DIXIE DR","ZIONS EVANGELICAL LUTHERAN AND","REFORMED CEMETERY ASSOC","4000 S DIXIE DR","","DAYTON OH 45439","E",0001.36000,0000006660,0000000000,0000006660,0000019040,0000000000,0000019040,"LAND ONLY","NOT VALIDATED","N","201300010748"
"J44104112 0032",2115,12-FEB-13,000000000.00,"ZION MEMORIAL E + R CH","ZION MEMORIAL UNITED CHURCH","4000 ST RT 25","ZION MEMORIAL UNITED CHURCH","OF CHRIST","4000 S DIXIE DR","","DAYTON OH 45439","E",0001.36000,0000028560,0000078960,0000107520,0000081600,0000225610,0000307210,"LAND AND BUILDING","NOT VALIDATED","N","201300010746"
"J44104112 0049",2113,12-FEB-13,000000000.00,"ZION MEMORIAL CH","ZIONS EVANGELICAL LUTHERAN","LAMME RD","ZIONS EVANGELICAL LUTHERAN","REFORMED CEMETERY ASSOC","4000 S DIXIE DR","","DAYTON OH 45439 4938","E",0001.03200,0000011680,0000000000,0000011680,0000033370,0000000000,0000033370,"LAND ONLY","NOT VALIDATED","N","201300010748"
"K45 02602 0074",7879,22-MAY-13,000000000.00,"MONTGOMERY COUNTY TRANSPORTATION","BOARD OF TRUSTEES OF MIAMI TOWNSHIP","AUSTIN RD","BOARD OF TRUSTEES OF MIAMI TOWNSHIP","","2700 LYONS RD","","MIAMISBURG OH 45342","E",0000.81400,0000000000,0000000000,0000000000,0000000000,0000000000,0000000000,"LAND ONLY","NOT VALIDATED","N",""
"K45 02605 0035",7882,22-MAY-13,000000000.00,"MONTGOMERY COUNTY","BOARD OF TRUSTEES OF MIAMI TOWNSHIP","10465 AUSTIN BLVD","BOARD OF TRUSTEES OF MIAMI TOWNSHIP","","2700 LYONS RD","","MIAMISBURG OH 45342 2209","E",0001.08000,0000024570,0000000000,0000024570,0000070200,0000000000,0000070200,"LAND ONLY","NOT VALIDATED","N",""
"K45 02605 0070",7889,22-MAY-13,000000000.00,"MONTGOMERY COUNTY TRANSPORTATION","BOARD OF TRUSTEES OF MIAMI TOWNSHIP","MIAMISBURG SPRINGBORO RD","BOARD OF TRUSTEES OF MIAMI TOWNSHIP","","2700 LYONS RD","","MIAMISBURG OH 45342 2224","E",0000.35700,0000001010,0000000000,0000001010,0000002880,0000000000,0000002880,"LAND ONLY","NOT VALIDATED","N",""
"K45 02605 0071",7890,22-MAY-13,000000000.00,"MONTGOMERY COUNTY TRANSPORTATION","BOARD OF TRUSTEES OF MIAMI TOWNSHIP","MIAMISBURG SPRINGBORO RD","BOARD OF TRUSTEES OF MIAMI TOWNSHIP","","2700 LYONS RD","","MIAMISBURG OH 45342","E",0002.54300,0000000000,0000000000,0000000000,0000000000,0000000000,0000000000,"LAND ONLY","NOT VALIDATED","N",""
"K45 02605 0072",7890,22-MAY-13,000000000.00,"MONTGOMERY COUNTY TRANSPORTATION","BOARD OF TRUSTEES OF MIAMI TOWNSHIP","MIAMISBURG SPRINGBORO RD","BOARD OF TRUSTEES OF MIAMI TOWNSHIP","","2700 LYONS RD","","MIAMISBURG OH 45342","E",0001.48200,0000000000,0000000000,0000000000,0000000000,0000000000,0000000000,"LAND ONLY","NOT VALIDATED","N",""
"K45 26629 0011",7876,22-MAY-13,000000000.00,"MONTGOMERY COUNTY TRANSPORTATION","BOARD OF TRUSTEES OF MIAMI TOWNSHIP","OLD OSPREY CIR","BOARD OF TRUSTEES OF MIAMI TOWNSHIP","","2700 LYONS RD","","MIAMISBURG OH 45342","E",0000.07500,0000000000,0000000000,0000000000,0000000000,0000000000,0000000000,"LAND ONLY","NOT VALIDATED","N",""
"K45100102 0001",281,08-JAN-13,000000000.00,"SPRINGBORO CITY OF","RG/BG AUSTIN SOUTH LTD","STECH BLVD","SPRINGBORO LANDING ASSOCIATES LTD","","10050 INNOVATION DR STE 100","","MIAMISBURG OH 45342","E",0014.20010,0000089460,0000000000,0000089460,0000255600,0000000000,0000255600,"LAND AND BUILDING","NOT VALIDATED","N","201300001514"
"K45100102 0001",3695,13-MAR-13,000000000.00,"RG/BG AUSTIN SOUTH LTD","SPRINGBORO LANDING ASSOCIATES LTD","STECH BLVD","SPRINGBORO LANDING ASSOCIATES LTD","","10050 INNOVATION DR STE 100","","MIAMISBURG OH 45342","E",0014.20010,0000089460,0000000000,0000089460,0000255600,0000000000,0000255600,"LAND AND BUILDING","NOT VALIDATED","N","201300016940"
"K46 01623 0001",7850,21-MAY-13,000000000.00,"MONT CTY TRANSPORT IMPROVE DIS","THE CITY OF MIAMISBURG","MIAMISBURG SPRINGBORO RD","THE CITY OF MIAMISBURG","","10 N FIRST ST","","MIAMISBURG OH 45342","E",0004.04800,0000000000,0000000000,0000000000,0000000000,0000000000,0000000000,"LAND AND BUILDING","NOT VALIDATED","N",""
"K46 01623 0014",7887,22-MAY-13,000000000.00,"MONTGOMERY COUNTY TRANSPORTATION","BOARD OF TRUSTEES OF MIAMI TOWNSHIP","MIAMISBURG SPRINGBORO RD","BOARD OF TRUSTEES OF MIAMI TOWNSHIP","","10 N FIRST ST","","MIAMISBURG OH 45342 2224","E",0000.25400,0000000000,0000000000,0000000000,0000000000,0000000000,0000000000,"LAND ONLY","NOT VALIDATED","N",""
"K48 00106 0052",7527,16-MAY-13,000000000.00,"MIAMI CONSERVANCY DISTRICT","OHIO DEPARTMENT OF NATURAL","DAYTON CINCINNATI PIKE","OHIO DEPARTMENT OF NATURAL","RESOURCES (ODNR)","2045 E MORSE RD","","COLUMBUS OH 43229","E",0012.89100,0000008860,0000000000,0000008860,0000025320,0000000000,0000025320,"LAND ONLY","NOT VALIDATED","N","201300034237"
"K48 00511 0183",3632,12-MAR-13,000000000.00,"FREEDOM MORTGAGE CORP","SECRETARY OF H U D","MANCHESTER RD","ASBERRY B ELLIS","","%","","","E",0000.00000,0000000000,0000000000,0000000000,0000000000,0000000000,0000000000,"LAND AND BUILDING","NOT VALIDATED","N",""
"K48 00511 0190",3632,12-MAR-13,000000000.00,"FREEDOM MORTGAGE CORP","SECRETARY OF H U D","MANCHESTER RD","CALVIN C NORRIS","","%","","","E",0000.00000,0000000000,0000000000,0000000000,0000000000,0000000000,0000000000,"LAND AND BUILDING","NOT VALIDATED","N",""
"K48 00511 0197",3632,12-MAR-13,000000000.00,"FREEDOM MORTGAGE CORP","SECRETARY OF H U D","MANCHESTER RD","EUGENE E BEACHLER","","%","","","E",0000.00000,0000000000,0000000000,0000000000,0000000000,0000000000,0000000000,"LAND AND BUILDING","NOT VALIDATED","N",""
"L53 02901 0014",3410,07-MAR-13,000000000.00,"BAPTIST GERMAN CHURCH","PERRY TOWNSHIP BOARD OF TRUSTEES","OLD DAYTON RD","PERRY TOWNSHIP BOARD OF TRUSTEES","","3025 JOHNSVILLE BROOKVILLE RD","","BROOKVILLE OH 45309 2632","E",0000.52000,0000000000,0000000000,0000000000,0000000000,0000000000,0000000000,"LAND ONLY","NOT VALIDATED","N","201300015640"
"L55 02702 0021",3409,07-MAR-13,000000000.00,"WOLF CREEK DUNKARD","PERRY TOWNSHIP BOARD OF TRUSTEES","AI-HILL RD","PERRY TOWNSHIP BOARD OF TRUSTEES","","3025 JOHNSVILLE BROOKVILLE RD","","BROOKVILLE OH 45309 2221","E",0001.50000,0000002140,0000000000,0000002140,0000006120,0000000000,0000006120,"LAND AND BUILDING","NOT VALIDATED","N","201300015641"
"M60 16323T0051",7811,21-MAY-13,000090000.00,"JEWSIKOW HOMES LLC","WIMBERLY JESSE L","8979 ANNELIESE WAY","WIMBERLY JESSE L","","8979 ANNELIESE WAY","","CLAYTON OH 45315","E",0000.20370,0000006800,0000044860,0000051660,0000019440,0000128170,0000147610,"LAND AND BUILDING","SALE INVOLVING MULTIPLE PARCELS","N","201300035694"
"N64 01401 0019",2142,12-FEB-13,000265000.00,"CH U B IN CHRIST","THE GATHERING PLACE BAPTIST CHURCH","3001 ACKERMAN BLVD","THE GATHERING PLACE BAPTIST CHURCH","","3001 ACKERMAN BLVD","","DAYTON OH 45429","E",0000.00000,0000060900,0000144080,0000204980,0000174000,0000411650,0000585650,"LAND AND BUILDING","VALID SALE","N","201300009876"
"N64 01401 9001",2142,12-FEB-13,000265000.00,"CH U B CHRIST AUGLAIZE","THE GATHERING PLACE BAPTIST CHURCH","3001 ACKERMAN BLVD","THE GATHERING PLACE BAPTIST CHURCH","","3001 ACKERMAN BLVD","","DAYTON OH 45429","E",0000.00000,0000042210,0000009920,0000052130,0000120600,0000028330,0000148930,"LAND AND BUILDING","VALID SALE","N","201300009876"
"N64 03305 0023",2115,12-FEB-13,000000000.00,"LUTHERAN EVANGELICAL","ZION MEMORIAL UNITED CHURCH","S DIXIE HWY","ZION MEMORIAL UNITED CH OF","CHRIST","4000 S DIXIE DR","","DAYTON OH 45439 2102","E",0000.45000,0000030190,0000000000,0000030190,0000086250,0000000000,0000086250,"LAND AND BUILDING","NOT VALIDATED","N","201300010746"
"O67 03710 0053",6262,24-APR-13,000650000.00,"CROSS CREEK COMMUNITY","PREMIER PHYSICIAN SERVICES INC","667 MIAMISBURG CENTERVILLE RD","PREMIER PHYSICIAN SERVICES INC","","667 MIAMISBURG-CTVLLE RD","","DAYTON OH 45459","E",0003.08480,0000197380,0000133400,0000330780,0000563940,0000381130,0000945070,"LAND AND BUILDING","VALID SALE","N","201300028606"
"O67 03711 0008",8105,24-MAY-13,000000000.00,"BD OF TRS WASHINGTON TWP","WASHINGTON TOWNSHIP","6588 MCEWEN RD","WASHINGTON TOWNSHIP","PARK DISTRICT","221 N MAIN ST","","DAYTON OH 45459","E",0001.56500,0000010880,0000000000,0000010880,0000031080,0000000000,0000031080,"LAND ONLY","NOT VALIDATED","N","201300036521"
"O67 03810 0058",2416,15-FEB-13,000625000.00,"HEALING WATERS MINISTRY INC","CHRIST UNITED METHODIST CHURCH","10227 DAYTON LEBANON PIKE","CHRIST UNITED METHODIST CHURCH","","10227 DAYTON LEBANON PIKE","","DAYTON OH 45458","E",0005.00000,0000042980,0000101560,0000144540,0000122800,0000290160,0000412960,"LAND AND BUILDING","VALID SALE","N","201300011061"
"O68 01108 0003",6157,23-APR-13,000000000.00,"MONTGOMERY COUNTY BOARD OF","MIAMI VALLEY IN-OVATIONS","9525 SHEEHAN RD","MIAMI VALLEY IN-OVATIONS","INC","5450 N SALEM AVE","","DAYTON OH 45426","E",0000.00000,0000000750,0000036030,0000036780,0000002150,0000102930,0000105080,"LAND AND BUILDING","NOT VALIDATED","N","201300030463"
"Q71 01607 0058",8773,05-JUN-13,000272000.00,"BRINN SION AND","MARTIN FREDERICK W AND","FAR HILLS","MARTIN FREDERICK W AND","LAURA K","4750 W WILEY POST WAY STE 200","","SALT LAKE CITY UT 84116 1514","E",0000.00000,0000000000,0000000000,0000000000,0000000000,0000000000,0000000000,"LAND AND BUILDING","VALID SALE","N","201300039374"
"R72 00303 0030",4058,19-MAR-13,000000000.00,"DAYTON METROPOLITAN HOUSING AUTHORITY","AL MADINA PROPERTY MGMT LLC","225 W 1ST ST","AL MADINA PROPERTY MGMT LLC","","1 ELIZABETH PL STE 170","","DAYTON OH 45417 1608","E",0000.00000,0000100990,0000125300,0000226290,0000288550,0000358000,0000646550,"LAND AND BUILDING","NOT VALIDATED","N","201300018964"
"R72 01707 0018",2214,13-FEB-13,000000000.00,"MIAMI VALLEY REG TRANSIT","PICKREL BROS INC","S PERRY ST","PICKREL BROS INC","","901 S PERRY ST","","DAYTON OH 45402","E",0000.19110,0000008740,0000000000,0000008740,0000024960,0000000000,0000024960,"LAND ONLY","NOT VALIDATED","N","201300010262"
"R72 02007 0055",5441,12-APR-13,000000000.00,"ST MARY`S DEVELOPMENT CORP","EAST END COMMUNITY SERVICES CORP","309 ALLEN ST","EAST END COMMUNITY SERVICES CORP","","624 XENIA AVE","","DAYTON OH 45410","E",0000.00000,0000001450,0000000000,0000001450,0000004140,0000000000,0000004140,"LAND AND BUILDING","SALE INVOLVING MULTIPLE PARCELS","N","201300025415"
"R72 02009 0015",2169,12-FEB-13,000015830.00,"EAST END COMMUNITY SERVICES","TWIN TOWERS FOUNDATIONS LLC","118 CHURCH ST","TWIN TOWERS FOUNDATIONS LLC","","624 XENIA AVE","","DAYTON OH 45410","E",0000.00000,0000001560,0000000000,0000001560,0000004450,0000000000,0000004450,"LAND ONLY","SALE INVOLVING MULTIPLE PARCELS","N","201300009680"
"R72 02512 0010",5441,12-APR-13,000000000.00,"ST MARY DEVELOPMENT CORP","EAST END COMMUNITY SERVICES CORP","NOEL CT","EAST END COMMUNITY SERVICES CORP","","624 XENIA AVE","","DAYTON OH 45410","E",0000.05500,0000003450,0000000090,0000003540,0000009860,0000000270,0000010130,"LAND AND BUILDING","SALE INVOLVING MULTIPLE PARCELS","N","201300025415"
"R72 02512 0014",5441,12-APR-13,000000000.00,"ST MARY DEVELOPMENT CORP","EAST END COMMUNITY SERVICES CORP","DOVER ST","EAST END COMMUNITY SERVICES CORP","","624 XENIA AVE","","DAYTON OH 45410","E",0000.02000,0000001470,0000000000,0000001470,0000004200,0000000000,0000004200,"LAND AND BUILDING","SALE INVOLVING MULTIPLE PARCELS","N","201300025415"
"R72 02512 0017",5441,12-APR-13,000000000.00,"ST MARY DEVELOPMENT CORP","EAST END COMMUNITY SERVICES CORP","21 DOVER ST","EAST END COMMUNITY SERVICES CORP","","624 XENIA AVE","","DAYTON OH 45410","E",0000.00000,0000003200,0000001380,0000004580,0000009150,0000003940,0000013090,"LAND AND BUILDING","SALE INVOLVING MULTIPLE PARCELS","N","201300025415"
"R72 02512 0018",5441,12-APR-13,000000000.00,"ST MARY DEVELOPMENT CORP","EAST END COMMUNITY SERVICES CORP","DOVER ST","EAST END COMMUNITY SERVICES CORP","","624 XENIA AVE","","DAYTON OH 45410","E",0000.00000,0000003200,0000001380,0000004580,0000009150,0000003940,0000013090,"LAND AND BUILDING","SALE INVOLVING MULTIPLE PARCELS","N","201300025415"
"R72 02512 0023",5441,12-APR-13,000000000.00,"ST MARY DEVELOPMENT CORP","EAST END COMMUNITY SERVICES CORP","NOEL CT","EAST END COMMUNITY SERVICES CORP","","624 XENIA AVE","","DAYTON OH 45410","E",0000.00000,0000000040,0000000000,0000000040,0000000120,0000000000,0000000120,"LAND AND BUILDING","SALE INVOLVING MULTIPLE PARCELS","N","201300025415"
"R72 02602 0052",5441,12-APR-13,000000000.00,"ST MARY DEVELOPMENT CORP","EAST END COMMUNITY SERVICES CORP","210 QUITMAN ST","EAST END COMMUNITY SERVICES CORP","","624 XENIA AVE","","DAYTON OH 45410","E",0000.00000,0000000830,0000000000,0000000830,0000002360,0000000000,0000002360,"LAND AND BUILDING","SALE INVOLVING MULTIPLE PARCELS","N","201300025415"
"R72 05303 0036",6348,25-APR-13,000005000.00,"LEDFORD JAMES","VAKHBIEVA GULNARA","LIGHT ST","VAKHBIEVA GULNARA","","38 LIGHT ST","","DAYTON OH 45404 4736","E",0000.00000,0000001360,0000000000,0000001360,0000003880,0000000000,0000003880,"LAND ONLY","NOT VALIDATED","N","201300028723"
"R72 06808 0022",294,08-JAN-13,000000000.00,"DAYTON CITY OF","HV ACQUISITIONS LLC","701 709 FIVE OAKS AVE","WELLSCORP LLC","","814 MANHATTAN AVE","","DAYTON OH 45406 1633","E",0000.00000,0000009560,0000041660,0000051220,0000027300,0000119040,0000146340,"LAND AND BUILDING","NOT VALIDATED","N","201300002290"
"R72 06808 0022",6290,25-APR-13,000008500.00,"HV ACQUISITIONS LLC","WELLSCORP LLC","701 709 FIVE OAKS AVE","WELLSCORP LLC","","814 MANHATTAN AVE","","DAYTON OH 45406 1633","E",0000.00000,0000009560,0000041660,0000051220,0000027300,0000119040,0000146340,"LAND AND BUILDING","NOT VALIDATED","N","201300028715"
"R72 07008 0035",5452,12-APR-13,000000000.00,"DAYTON CITY OF","PEAKE CHACARA","DELAWARE AVE","PEAKE CHACARA","","5542 AUTUMN LEAF DR APT 1","","DAYTON OH 45426 2240","E",0000.00000,0000001590,0000000000,0000001590,0000004550,0000000000,0000004550,"LAND AND BUILDING","NOT VALIDATED","N","201300028178"
"R72 07008 0036",5452,12-APR-13,000000000.00,"DAYTON CITY OF","PEAKE CHACARA","364 DELAWARE AVE","HURSTON ANTHONY F JR","","364 DELAWARE DR","","DAYTON OH 45406 9329","E",0000.00000,0000001590,0000024520,0000026110,0000004550,0000070060,0000074610,"LAND AND BUILDING","NOT VALIDATED","N","201300028178"
"R72 07008 0036",5822,18-APR-13,000003076.00,"PEAKE CHACARA","HURSTON ANTHONY F JR","364 DELAWARE AVE","HURSTON ANTHONY F JR","","364 DELAWARE DR","","DAYTON OH 45406 9329","E",0000.00000,0000001590,0000024520,0000026110,0000004550,0000070060,0000074610,"LAND AND BUILDING","NOT VALIDATED","N","201300026967"
"R72 08603T0041",8742,05-JUN-13,000000000.00,"LOCKWOOD SHEILA D","ALABADY CONNIE D","14 HAWTHORN ST","LOCKWOOD SHEILA D","","5712 BELLEFONTAINE RD","","DAYTON OH 45424 9602","E",0000.00000,0000000000,0000027540,0000027540,0000000000,0000078680,0000078680,"LAND AND BUILDING","RELATED INDIVIDUALS OR CORPORATIONS","N","201300039531"
"R72 08603T0062",3758,13-MAR-13,000036500.00,"FEDERAL NATIONAL MORTGAGE ASSOC","ADAMS MELVIN C","107 SHANNON ST","CORLEY JEFFREY K SR AND","LACRETA J","107 SHANNON ST","","DAYTON OH 45402","E",0000.00000,0000000000,0000004710,0000004710,0000000000,0000013460,0000013460,"LAND AND BUILDING","NOT VALIDATED","N","201300017363"
"R72 08804 0009",3426,07-MAR-13,000107310.00,"NEW PHILADELPHIA COMMUNITY","PARSON WILLIE F III","120 122 JAMES H MCGEE BLVD","PARSON WILLIE F III","","1835 INFIRMARY RD","","DAYTON OH 45418 2864","E",0000.00000,0000001160,0000036400,0000037560,0000003300,0000104010,0000107310,"LAND AND BUILDING","NOT VALIDATED","N","201300015676"
"R72 09706 0050",6756,02-MAY-13,000000000.00,"DAYTON MET HOUSING AUTH","DAYTON MET HOUSING AUTHORITY","621 RANDOLPH ST","DAYTON MET HOUSING AUTHORITY","","400 WAYNE AVE","","DAYTON OH 45410","E",0000.00000,0000000910,0000000000,0000000910,0000002610,0000000000,0000002610,"LAND ONLY","NOT VALIDATED","N","201300030462"
"R72 10016 0001",8361,30-MAY-13,000000000.00,"CITY OF DAYTON","FOODBANK INC","WASHINGTON ST","FOODBANK INC","","427 WASHINGTON ST","","DAYTON OH 45402","E",0007.64600,0000035430,0000028300,0000063730,0000101240,0000080860,0000182100,"LAND AND BUILDING","NOT VALIDATED","N","201300037729"
"R72 11201 0067",5447,12-APR-13,000000000.00,"UNITED STATES OF AMERICA","BRIGHTER DAYS ASSOCIATION INC","917 CHERRY DR","BRIGHTER DAYS ASSOCIATION INC","","1133 S EDWIN C MOSES BLVD","","DAYTON OH 45417 2228","E",0000.00000,0000004780,0000026710,0000031490,0000013650,0000076300,0000089950,"LAND AND BUILDING","NOT VALIDATED","N","201300026005"
"R72 11704 0002",2831,26-FEB-13,000000000.00,"UNITED STATES OF AMERICA","BRIGHTER DAYS ASSOCIATION","2038 EMERSON AVE","BRIGHTER DAYS ASSOCIATION","INC","1626 VIRGINIA AVE","","ATLANTA GA 30337 0000","E",0000.00000,0000003450,0000013520,0000016970,0000009870,0000038630,0000048500,"LAND AND BUILDING","NOT VALIDATED","N","201300013410"
"R72 11704 0004",7926,22-MAY-13,000000000.00,"UNITED STATES OF AMERICA","BRIGHTER DAYS ASSOCIATION INC","2032 EMERSON AVE","BRIGHTER DAYS ASSOCIATION INC","","1133 S EDWIN C MOSES BLVD","","DAYTON OH 45417 1528","E",0000.00000,0000004610,0000027670,0000032280,0000013160,0000079050,0000092210,"LAND AND BUILDING","NOT VALIDATED","N","201300036369"
"R72 11914 0001",6388,26-APR-13,000000000.00,"BD OF ED","DAYTON CITY OF","2826 CAMPUS DR","COLLEGE HILL COMMUNITY","HOUSING DEVELOPMENT CORP","1547 W PHILADELPHIA DR","","DAYTON OH 45406","E",0000.00000,0000077540,0000515470,0000593010,0000221550,0001472780,0001694330,"LAND AND BUILDING","NOT VALIDATED","N","201300028877"
"R72 11914 0001",8017,23-MAY-13,000000000.00,"DAYTON CITY OF","COLLEGE HILL COMMUNITY","2826 CAMPUS DR","COLLEGE HILL COMMUNITY","HOUSING DEVELOPMENT CORP","1547 W PHILADELPHIA DR","","DAYTON OH 45406","E",0000.00000,0000077540,0000515470,0000593010,0000221550,0001472780,0001694330,"LAND AND BUILDING","NOT VALIDATED","N","201300036454"
"R72 12706 0002",9046,10-JUN-13,000008500.00,"MONROE FEDERAL SAVINGS AND","VISION APOSTOLIC TEMPLE INC","207 BURLEIGH AVE","VISION APOSTOLIC TEMPLE INC","","207 BURLEIGH AVE","","DAYTON OH 45417","E",0000.00000,0000001200,0000011640,0000012840,0000003420,0000033260,0000036680,"LAND AND BUILDING","NOT VALIDATED","N","201300040433"
"R72 12810 0014",3080,01-MAR-13,000000000.00,"CITY OF DAYTON","HAYES SUSIE M","3719 W THIRD ST","HAYES SUSIE M","","1602 KAMMER AVE","","DAYTON OH 45417","E",0000.00000,0000002300,0000000000,0000002300,0000006560,0000000000,0000006560,"LAND AND BUILDING","NOT VALIDATED","N","201300016812"
"R72 13407 0053",8949,07-JUN-13,000000000.00,"DAYTON CITY OF","SOUTHWEST PRIORITY BOA","1100 1102 RANDOLPH ST","SOUTHWEST PRIORITY BOA","","1718 W THIRD ST","","DAYTON OH 45417","E",0000.00000,0000001210,0000000000,0000001210,0000003450,0000000000,0000003450,"LAND ONLY","SALE INVOLVING MULTIPLE PARCELS","N",""
"R72 13407 0054",8949,07-JUN-13,000000000.00,"DAYTON CITY OF","SOUTHWEST PRIORITY BOA","RANDOLPH ST","SOUTHWEST PRIORITY BOA","","1718 W THIRD ST","","DAYTON OH 45417","E",0000.00000,0000000540,0000000000,0000000540,0000001530,0000000000,0000001530,"LAND ONLY","SALE INVOLVING MULTIPLE PARCELS","N",""
"R72 13407 0055",8949,07-JUN-13,000000000.00,"DAYTON CITY OF","SOUTHWEST PRIORITY BOA","RANDOLPH ST","SOUTHWEST PRIORITY BOA","","1718 W THIRD ST","","DAYTON OH 45417","E",0000.00000,0000000540,0000000000,0000000540,0000001530,0000000000,0000001530,"LAND ONLY","SALE INVOLVING MULTIPLE PARCELS","N",""
"R72 14301 0055",702,16-JAN-13,000000000.00,"BOARD OF EDUCATION OF THE","STATE OF OHIO","2201 MAPLEVIEW AVE","STATE OF OHIO","","300 E BROAD ST","","COLUMBUS OH 43215 2612","E",0008.98800,0000159180,0005091030,0005250210,0000454790,0014545790,0015000580,"LAND AND BUILDING","NOT VALIDATED","N","201300003531"
"R72 14301 0057",698,16-JAN-13,000000000.00,"STATE OF OHIO","BOARD OF EDUCATION OF THE","WAYNE AVE","BOARD OF EDUCATION OF THE","DAYTON CITY SCHOOL DISTRICT","115 S LUDLOW ST","","DAYTON OH 45402","E",0044.08300,0000933460,0004898240,0005831700,0002667020,0013994970,0016661990,"LAND AND BUILDING","NOT VALIDATED","N","201300003530"
"R72 15702 0001",5277,10-APR-13,000075000.00,"NEW BEGINNING YOUTH","SUGAR CREEK PACKING CO","N GETTYSBURG AVE","SUGAR CREEK PACKING CO","","2101 KENSKILL AVE","","WASHINGTON COURT HOU OH 43160","E",0000.86000,0000030630,0000021910,0000052540,0000087500,0000062600,0000150100,"LAND ONLY","NOT VALIDATED","N","201300024591"
"R72 16308 0015",7964,22-MAY-13,005413596.00,"SCHOOLHOUSE FINANCE LLC","EDUCATION CAPITAL","3650 KLEPINGER RD","EDUCATION CAPITAL","SOLUTIONS LLC","909 WALNUT ST STE 200","","KANSAS CITY MO 64106","E",0004.41200,0000058060,0000714670,0000772730,0000165890,0002041920,0002207810,"LAND AND BUILDING","VALID SALE","N","201300035865"
"R72 16704 0063",8892,06-JUN-13,000000000.00,"DAYTON ASSOCIATION OF THE","DEAF COMMUNITY RESOURCE CENTER","2051 VALLEY ST","DEAF COMMUNITY RESOURCE CENTER","","2051 VALLEY ST","","DAYTON OH 45404","E",0000.00000,0000001610,0000031860,0000033470,0000004600,0000091030,0000095630,"LAND AND BUILDING","NOT VALIDATED","N","201300039811"
"R72 16812T0007",8392,31-MAY-13,000000000.00,"SANDERS ORLANDO","SANDERS ORLANDO AND","2531 YOLANDA DR","SANDERS ORLANDO AND","CHRISTINA","2531 YOLANDA DR","","DAYTON OH 45417 1648","E",0000.00000,0000000000,0000033010,0000033010,0000000000,0000094320,0000094320,"LAND AND BUILDING","RELATED INDIVIDUALS OR CORPORATIONS","N","201300038284"
"R72 51413T0042",09096,10-JUN-13,000000000.00,"MADDOX DEREK L AND","MADDOX DEREK L ET AL 3","109 N MAIN ST","MADDOX DEREK L AND","KRISTEN M","109 N MAIN ST UNIT 1506","","DAYTON OH 45402 1162","E",0000.00000,0000009250,0000051120,0000060370,0000026430,0000146060,0000172490,"LAND AND BUILDING","NOT VALIDATED","N",""
"R72117219 0005",3257,05-MAR-13,000042164.00,"MIAMI VALLEY COUNCIL BOY","HELPING HANDS COMMUNITY OUTREACH CENTER","4999 NORTHCUTT PL","HELPING HANDS COMMUNITY OUTREACH CENTER","AN OHIO CORPORATION","5499 W THIRD ST","","DAYTON OH 45417","E",0000.00000,0000032170,0000100050,0000132220,0000091920,0000285850,0000377770,"LAND AND BUILDING","NOT VALIDATED","N","201300015098"
