"PARID","CONVNUM","SALEDTE","PRICE","OLDOWN","OWNERNAME1","PARCELLOCATION","MAILINGNAME1","MAILINGNAME2","PADDR1","PADDR2","PADDR3","CLS","ACRES","TAXLAND","TAXBLDG","TAXTOTAL","ASMTLAND","ASMTBLDG","ASMTTOTL","SALETYPE","SALEVALIDITY","DYTNCRDT"
"B02 00102 0023",2306,14-FEB-13,000000000.00,"BD OF ED","VANDALIA CITY OF","W NATIONAL RD","VANDALIA CITY OF","","333 J E BOHANAN DR","","VANDALIA OH 45377","E",0001.59000,0000045770,0000000000,0000045770,0000130780,0000000000,0000130780,"LAND AND BUILDING","NOT VALIDATED","N"
"B02 00201 0058",2306,14-FEB-13,000000000.00,"BD OF ED","VANDALIA CITY OF","231 W NATIONAL RD","VANDALIA CITY OF","","333 J E BOHANAN DR","","VANDALIA OH 45377","E",0007.80000,0000265810,0000791040,0001056850,0000759450,0002260120,0003019570,"LAND AND BUILDING","NOT VALIDATED","N"
"B02 00201 0060",2306,14-FEB-13,000000000.00,"BD OF ED","VANDALIA CITY OF","W NATIONAL RD","BD OF ED","","306 S DIXIE DR","","VANDALIA OH 45377 2128","E",0000.61700,0000042330,0000000000,0000042330,0000120950,0000000000,0000120950,"LAND AND BUILDING","NOT VALIDATED","N"
"D18 00811 0004",833,18-JAN-13,000030000.00,"NAZARENE CHURCH GERMANTOWN","LOWERY SANDRA G","8140 BUTTER ST","LOWERY SANDRA G","","8767 OAK DR","","GERMANTOWN OH 45327","E",0003.00000,0000022740,0000141610,0000164350,0000064980,0000404600,0000469580,"LAND AND BUILDING","NOT VALIDATED","N"
"E20 17001 0014",2740,22-FEB-13,000154000.00,"VICTORY DELIVERANCE","GREENWICH INVESTORS XXXV REO LLC","4101 N MAIN ST","GREENWICH INVESTORS XXXV REO LLC","","908 N THIRD ST PO BOX 38","","PRINSBURG MN 56281","E",0000.00000,0000029340,0000116480,0000145820,0000083830,0000332810,0000416640,"LAND AND BUILDING","SALE INVOLVING MULTIPLE PARCELS","N"
"E20 17001 0017",2740,22-FEB-13,000154000.00,"VICTORY DELIVERANCE","GREENWICH INVESTORS XXXV REO LLC","19 W MELFORD AVE","GREENWICH INVESTORS XXXV REO LLC","","908 N THIRD ST PO BOX 38","","PRINSBURG MN 56281","E",0000.00000,0000011200,0000001410,0000012610,0000032000,0000004030,0000036030,"LAND AND BUILDING","SALE INVOLVING MULTIPLE PARCELS","N"
"E21 01003 0008",3090,01-MAR-13,000000000.00,"BROWN ROBERT J AND","VINEYARD CHURCH OF","3110 STOP EIGHT RD","VINEYARD CHURCH OF","THE HARVEST","3110 STOP EIGHT RD","","DAYTON OH 45414","E",0000.96400,0000023870,0000033570,0000057440,0000068190,0000095920,0000164110,"LAND AND BUILDING","NOT VALIDATED","N"
"J44104112 0030",2118,12-FEB-13,000000000.00,"ZION MEMORIAL UNITED CHURCH","ZIONS EVANGELICAL LUTHERAN AND","S DIXIE DR","ZIONS EVANGELICAL LUTHERAN AND","REFORMED CEMETERY ASSOC","4000 S DIXIE DR","","DAYTON OH 45439","E",0001.36000,0000006660,0000000000,0000006660,0000019040,0000000000,0000019040,"LAND ONLY","NOT VALIDATED","N"
"J44104112 0030",2113,12-FEB-13,000000000.00,"ZIONS MEMORIAL CH","ZIONS EVANGELICAL LUTHERAN","S DIXIE DR","ZIONS EVANGELICAL LUTHERAN AND","REFORMED CEMETERY ASSOC","4000 S DIXIE DR","","DAYTON OH 45439","E",0001.36000,0000006660,0000000000,0000006660,0000019040,0000000000,0000019040,"LAND ONLY","NOT VALIDATED","N"
"J44104112 0030",2115,12-FEB-13,000000000.00,"ZIONS EVANGELICAL LUTHERAN","ZION MEMORIAL UNITED CHURCH","S DIXIE DR","ZIONS EVANGELICAL LUTHERAN AND","REFORMED CEMETERY ASSOC","4000 S DIXIE DR","","DAYTON OH 45439","E",0001.36000,0000006660,0000000000,0000006660,0000019040,0000000000,0000019040,"LAND AND BUILDING","NOT VALIDATED","N"
"J44104112 0032",2115,12-FEB-13,000000000.00,"ZION MEMORIAL E + R CH","ZION MEMORIAL UNITED CHURCH","4000 ST RT 25","ZION MEMORIAL UNITED CHURCH","OF CHRIST","4000 S DIXIE DR","","DAYTON OH 45439","E",0001.36000,0000028560,0000078960,0000107520,0000081600,0000225610,0000307210,"LAND AND BUILDING","NOT VALIDATED","N"
"J44104112 0049",2113,12-FEB-13,000000000.00,"ZION MEMORIAL CH","ZIONS EVANGELICAL LUTHERAN","LAMME RD","ZIONS EVANGELICAL LUTHERAN","REFORMED CEMETERY ASSOC","4000 S DIXIE DR","","DAYTON OH 45439 4938","E",0001.03200,0000011680,0000000000,0000011680,0000033370,0000000000,0000033370,"LAND ONLY","NOT VALIDATED","N"
"K45100102 0001",281,08-JAN-13,000000000.00,"SPRINGBORO CITY OF","RG/BG AUSTIN SOUTH LTD","STECH BLVD","SPRINGBORO LANDING ASSOCIATES LTD","","10050 INNOVATION DR STE 100","","MIAMISBURG OH 45342","E",0014.20010,0000089460,0000000000,0000089460,0000255600,0000000000,0000255600,"LAND AND BUILDING","NOT VALIDATED","N"
"K45100102 0001",3695,13-MAR-13,000000000.00,"RG/BG AUSTIN SOUTH LTD","SPRINGBORO LANDING ASSOCIATES LTD","STECH BLVD","SPRINGBORO LANDING ASSOCIATES LTD","","10050 INNOVATION DR STE 100","","MIAMISBURG OH 45342","E",0014.20010,0000089460,0000000000,0000089460,0000255600,0000000000,0000255600,"LAND AND BUILDING","NOT VALIDATED","N"
"K48 00511 0183",3632,12-MAR-13,000000000.00,"FREEDOM MORTGAGE CORP","SECRETARY OF H U D","MANCHESTER RD","ASBERRY B ELLIS","","%","","","E",0000.00000,0000000000,0000000000,0000000000,0000000000,0000000000,0000000000,"LAND AND BUILDING","NOT VALIDATED","N"
"K48 00511 0190",3632,12-MAR-13,000000000.00,"FREEDOM MORTGAGE CORP","SECRETARY OF H U D","MANCHESTER RD","CALVIN C NORRIS","","%","","","E",0000.00000,0000000000,0000000000,0000000000,0000000000,0000000000,0000000000,"LAND AND BUILDING","NOT VALIDATED","N"
"K48 00511 0197",3632,12-MAR-13,000000000.00,"FREEDOM MORTGAGE CORP","SECRETARY OF H U D","MANCHESTER RD","EUGENE E BEACHLER","","%","","","E",0000.00000,0000000000,0000000000,0000000000,0000000000,0000000000,0000000000,"LAND AND BUILDING","NOT VALIDATED","N"
"L53 02901 0014",3410,07-MAR-13,000000000.00,"BAPTIST GERMAN CHURCH","PERRY TOWNSHIP BOARD OF TRUSTEES","OLD DAYTON RD","PERRY TOWNSHIP BOARD OF TRUSTEES","","3025 JOHNSVILLE BROOKVILLE RD","","BROOKVILLE OH 45309 2632","E",0000.52000,0000000000,0000000000,0000000000,0000000000,0000000000,0000000000,"LAND ONLY","NOT VALIDATED","N"
"L55 02702 0021",3409,07-MAR-13,000000000.00,"WOLF CREEK DUNKARD","PERRY TOWNSHIP BOARD OF TRUSTEES","AI-HILL RD","PERRY TOWNSHIP BOARD OF TRUSTEES","","3025 JOHNSVILLE BROOKVILLE RD","","BROOKVILLE OH 45309 2221","E",0001.50000,0000002140,0000000000,0000002140,0000006120,0000000000,0000006120,"LAND AND BUILDING","NOT VALIDATED","N"
"N64 01401 0019",2142,12-FEB-13,000265000.00,"CH U B IN CHRIST","THE GATHERING PLACE BAPTIST CHURCH","3001 ACKERMAN BLVD","THE GATHERING PLACE BAPTIST CHURCH","","3001 ACKERMAN BLVD","","DAYTON OH 45429","E",0000.00000,0000060900,0000144080,0000204980,0000174000,0000411650,0000585650,"LAND AND BUILDING","VALID SALE","N"
"N64 01401 9001",2142,12-FEB-13,000265000.00,"CH U B CHRIST AUGLAIZE","THE GATHERING PLACE BAPTIST CHURCH","3001 ACKERMAN BLVD","THE GATHERING PLACE BAPTIST CHURCH","","3001 ACKERMAN BLVD","","DAYTON OH 45429","E",0000.00000,0000042210,0000009920,0000052130,0000120600,0000028330,0000148930,"LAND AND BUILDING","VALID SALE","N"
"N64 03305 0023",2115,12-FEB-13,000000000.00,"LUTHERAN EVANGELICAL","ZION MEMORIAL UNITED CHURCH","S DIXIE HWY","ZION MEMORIAL UNITED CH OF","CHRIST","4000 S DIXIE DR","","DAYTON OH 45439 2102","E",0000.45000,0000030190,0000000000,0000030190,0000086250,0000000000,0000086250,"LAND AND BUILDING","NOT VALIDATED","N"
"O67 03810 0058",2416,15-FEB-13,000625000.00,"HEALING WATERS MINISTRY INC","CHRIST UNITED METHODIST CHURCH","10227 DAYTON LEBANON PIKE","CHRIST UNITED METHODIST CHURCH","","10227 DAYTON LEBANON PIKE","","DAYTON OH 45458","E",0005.00000,0000042980,0000101560,0000144540,0000122800,0000290160,0000412960,"LAND AND BUILDING","VALID SALE","N"
"R72 01707 0018",2214,13-FEB-13,000000000.00,"MIAMI VALLEY REG TRANSIT","PICKREL BROS INC","S PERRY ST","PICKREL BROS INC","","901 S PERRY ST","","DAYTON OH 45402","E",0000.19100,0000008740,0000000000,0000008740,0000024960,0000000000,0000024960,"LAND ONLY","NOT VALIDATED","N"
"R72 02009 0015",2169,12-FEB-13,000015830.00,"EAST END COMMUNITY SERVICES","TWIN TOWERS FOUNDATIONS LLC","118 CHURCH ST","TWIN TOWERS FOUNDATIONS LLC","","624 XENIA AVE","","DAYTON OH 45410","E",0000.00000,0000001560,0000000000,0000001560,0000004450,0000000000,0000004450,"LAND ONLY","SALE INVOLVING MULTIPLE PARCELS","N"
"R72 06808 0022",294,08-JAN-13,000000000.00,"DAYTON CITY OF","HV ACQUISITIONS LLC","701 709 FIVE OAKS AVE","HV ACQUISITIONS LLC","","1201 E FAYETTE ST","","SYRACUSE NY 13210","E",0000.00000,0000009560,0000041660,0000051220,0000027300,0000119040,0000146340,"LAND AND BUILDING","NOT VALIDATED","N"
"R72 08804 0009",3426,07-MAR-13,000107310.00,"NEW PHILADELPHIA COMMUNITY","PARSON WILLIE F III","120 122 JAMES H MCGEE BLVD","PARSON WILLIE F III","","1835 INFIRMARY RD","","DAYTON OH 45418 2864","E",0000.00000,0000001160,0000036400,0000037560,0000003300,0000104010,0000107310,"LAND AND BUILDING","NOT VALIDATED","N"
"R72 11704 0002",2831,26-FEB-13,000000000.00,"UNITED STATES OF AMERICA","BRIGHTER DAYS ASSOCIATION","2038 EMERSON AVE","BRIGHTER DAYS ASSOCIATION","INC","1626 VIRGINIA AVE","","ATLANTA GA 30337 0000","E",0000.00000,0000003450,0000013520,0000016970,0000009870,0000038630,0000048500,"LAND AND BUILDING","NOT VALIDATED","N"
"R72 12810 0014",3080,01-MAR-13,000000000.00,"CITY OF DAYTON","HAYES SUSIE M","3719 W THIRD ST","HAYES SUSIE M","","1602 KAMMER AVE","","DAYTON OH 45417","E",0000.00000,0000002300,0000000000,0000002300,0000006560,0000000000,0000006560,"LAND AND BUILDING","NOT VALIDATED","N"
"R72 14301 0055",702,16-JAN-13,000000000.00,"BOARD OF EDUCATION OF THE","STATE OF OHIO","2201 MAPLEVIEW AVE","STATE OF OHIO","","300 E BROAD ST","","COLUMBUS OH 43215 2612","E",0008.98800,0000159180,0005091030,0005250210,0000454790,0014545790,0015000580,"LAND AND BUILDING","NOT VALIDATED","N"
"R72 14301 0057",698,16-JAN-13,000000000.00,"STATE OF OHIO","BOARD OF EDUCATION OF THE","WAYNE AVE","BOARD OF EDUCATION OF THE","DAYTON CITY SCHOOL DISTRICT","115 S LUDLOW ST","","DAYTON OH 45402","E",0044.08300,0000933460,0004898240,0005831700,0002667020,0013994970,0016661990,"LAND AND BUILDING","NOT VALIDATED","N"
"R72117219 0005",3257,05-MAR-13,000042164.00,"MIAMI VALLEY COUNCIL BOY","HELPING HANDS COMMUNITY OUTREACH CENTER","4999 NORTHCUTT PL","HELPING HANDS COMMUNITY OUTREACH CENTER","AN OHIO CORPORATION","5499 W THIRD ST","","DAYTON OH 45417","E",0000.00000,0000032170,0000100050,0000132220,0000091920,0000285850,0000377770,"LAND AND BUILDING","NOT VALIDATED","N"
