"PARID","CONVNUM","SALEDTE","PRICE","OLDOWN","OWNERNAME1","PARCELLOCATION","MAILINGNAME1","MAILINGNAME2","PADDR1","PADDR2","PADDR3","CLS","ACRES","TAXLAND","TAXBLDG","TAXTOTAL","ASMTLAND","ASMTBLDG","ASMTTOTL","SALETYPE","SALEVALIDITY","DYTNCRDT","DEEDREFERENCE"
"A01 00202 0086",8028,23-MAY-13,000000000.00,"SHOUP DONALD E AND","SHOUP DONALD E","4311 4377 OLD SPRINGFIELD RD","SHOUP DONALD E","","7181 PETERS PIKE","","DAYTON OH 45414 3019","I",0003.93800,0000027070,0000298470,0000325540,0000077350,0000852780,0000930130,"LAND AND BUILDING","RELATED INDIVIDUALS OR CORPORATIONS","N","201300036194"
"A01 00203 0069",222,04-JAN-13,000250000.00,"JD MARINE INC","SMITH GREGREY S AND","LIGHTNER RD","SMITH GREGREY S AND","STEPHANIE M","5486 WORLEY RD","","TIPP CITY OH 45371","I",0001.00000,0000014320,0000000000,0000014320,0000040920,0000000000,0000040920,"LAND AND BUILDING","VALID SALE","N","201300001508"
"B02 01206 0021",4950,03-APR-13,000726000.00,"IRON WORKERS DIST CNC STHR","STOP EIGHT VANDALIA LLC","3345 STOP EIGHT RD","STOP EIGHT VANDALIA LLC","","360 E HIGHLAND RD","","MACEDONIA OH 44056 2122","I",0009.71200,0000203910,0000592340,0000796250,0000582600,0001692400,0002275000,"LAND AND BUILDING","VALID SALE","N","201300024063"
"E20 01007 0088",3076,01-MAR-13,000000000.00,"TIME WARNER ENTERTAINMENT","TIME WARNER CABLE MIDWEST LLC","3691 TURNER RD","TIME WARNER CABLE MIDWEST LLC","","7820 CRESCENT EXECUTIVE DR","","CHARLOTTE NC 28217","I",0015.47500,0000106160,0000000000,0000106160,0000303310,0000000000,0000303310,"LAND AND BUILDING","NOT VALIDATED","N","201300014430"
"E21 01010 0222",6269,24-APR-13,000000000.00,"INDUSTRIAL ELECTRIC","HARRISON TOWNSHIP TRS","5131 WEBSTER ST","HARRISON TOWNSHIP TRS","","5945 N DIXIE DR","","DAYTON OH 45414 2173","I",0000.78200,0000011990,0000000000,0000011990,0000034250,0000000000,0000034250,"LAND ONLY","LIQUIDATION/FORECLOSURE","N","201300028875"
"E21 01010 0223",6268,24-APR-13,000000000.00,"INDUSTRIAL ELECTRIC","HARRISON TOWNSHIP TRS","5131 WEBSTER ST","HARRISON TOWNSHIP TRS","","5945 N DIXIE DR","","DAYTON OH 45414","I",0000.33300,0000006430,0000003190,0000009620,0000018380,0000009100,0000027480,"LAND AND BUILDING","LIQUIDATION/FORECLOSURE","N","201300028834"
"J44 04103 0018",890,18-JAN-13,000225000.00,"RAJKOVICH THOMAS R","2220 DOROTHY LLC","1900 W DOROTHY LN","2220 DOROTHY LLC","","2475 ARBOR BLVD","","DAYTON OH 45439","I",0000.57300,0000006460,0000000000,0000006460,0000018450,0000000000,0000018450,"LAND AND BUILDING","NOT OPEN MARKET","N","201300004167"
"J44 04103 0019",4621,29-MAR-13,000205000.00,"ATHERTON FAMILY LTD PARTNERSHIP","THREE SISTERS INVESTMENTS LLC","3220 ENCRETE LN","THREE SISTERS INVESTMENTS LLC","","4517 RIDGEWOOD AVE","","SAINT LOUIS MO 63116 9332","I",0000.81700,0000022390,0000056630,0000079020,0000063980,0000161800,0000225780,"LAND AND BUILDING","VALID SALE","N","201300021254"
"J44 04103 0097",890,18-JAN-13,000225000.00,"RAJKOVICH THOMAS R","2220 DOROTHY LLC","2220 W DOROTHY LN","2220 DOROTHY LLC","","2475 ARBOR BLVD","","DAYTON OH 45439","I",0000.68400,0000023610,0000119510,0000143120,0000067450,0000341470,0000408920,"LAND AND BUILDING","NOT OPEN MARKET","N","201300004167"
"J44 04105 0002",1804,06-FEB-13,000000000.00,"CITY OF MORAINE","CENTRAL READY MIX LLC","EAST RIVER RD","CENTRAL READY MIX LLC","","5989 BRIERLY RIDGE","","CINCINNATI OH 45247 1118","I",0018.39210,0000138090,0000000000,0000138090,0000394540,0000000000,0000394540,"LAND ONLY","NOT VALIDATED","N","201300008249"
"K45100102 0003",291,08-JAN-13,000000000.00,"VICTORY 4 LLC ET AL 3","VICTORY 4 HOLDINGS LLC ET AL 3","AUSTIN BLVD","VICTORY 4 HOLDINGS LLC ET AL 3","","7810 MCEWEN RD","","DAYTON OH 45459","I",0049.54000,0000295760,0000000000,0000295760,0000845040,0000000000,0000845040,"LAND AND BUILDING","NOT VALIDATED","N","201300001519"
"K46 00102 0010",8375,30-MAY-13,000300000.00,"DEMPSEY FAMILY LTD","LANGDALE OF OHIO INC","828 N FOURTH ST","LANGDALE OF OHIO INC","","6918 ED PERKIE ST","","RIVERSIDE CA 92504","I",0000.00000,0000004760,0000000000,0000004760,0000013600,0000000000,0000013600,"LAND AND BUILDING","VALID SALE","N","201300037871"
"K46 00102 0032",8375,30-MAY-13,000300000.00,"THE DEMPSEY FAMILY LIMITED PARTNERSHIP","LANGDALE OF OHIO INC","N FOURTH ST","LANGDALE OF OHIO INC","","6918 ED PERKIE ST","","RIVERSIDE CA 92504","I",0000.83700,0000007900,0000000000,0000007900,0000022580,0000000000,0000022580,"LAND AND BUILDING","VALID SALE","N","201300037871"
"K46 00109 0001",8375,30-MAY-13,000300000.00,"DEMPSEY FAMILY LTD","LANGDALE OF OHIO INC","816 FOURTH ST","LANGDALE OF OHIO INC","","6918 ED PERKIE ST","","RIVERSIDE CA 92504","I",0000.00000,0000005470,0000012220,0000017690,0000015620,0000034920,0000050540,"LAND AND BUILDING","VALID SALE","N","201300037871"
"K46 00109 0002",8375,30-MAY-13,000300000.00,"DEMPSEY FAMILY LTD","LANGDALE OF OHIO INC","810 FOURTH ST","LANGDALE OF OHIO INC","","6918 ED PERKIE ST","","RIVERSIDE CA 92504","I",0000.00000,0000004660,0000008370,0000013030,0000013310,0000023910,0000037220,"LAND AND BUILDING","VALID SALE","N","201300037871"
"K46 00109 0003",8375,30-MAY-13,000300000.00,"DEMPSEY FAMILY LTD","LANGDALE OF OHIO INC","802 FOURTH ST","LANGDALE OF OHIO INC","","6918 ED PERKIE ST","","RIVERSIDE CA 92504","I",0000.00000,0000004660,0000018220,0000022880,0000013310,0000052050,0000065360,"LAND AND BUILDING","VALID SALE","N","201300037871"
"K46 00109 0004",8375,30-MAY-13,000300000.00,"DEMPSEY FAMILY LTD","LANGDALE OF OHIO INC","COTTAGE AVE","LANGDALE OF OHIO INC","","6918 ED PERKIE ST","","RIVERSIDE CA 92504","I",0000.27500,0000008660,0000026080,0000034740,0000024740,0000074520,0000099260,"LAND AND BUILDING","VALID SALE","N","201300037871"
"K46 00109 0006",8375,30-MAY-13,000300000.00,"DEMPSEY FAMILY LTD","LANGDALE OF OHIO INC","COTTAGE AVE","LANGDALE OF OHIO INC","","6918 ED PERKIE ST","","RIVERSIDE CA 92504","I",0001.23000,0000032790,0000042430,0000075220,0000093690,0000121240,0000214930,"LAND AND BUILDING","VALID SALE","N","201300037871"
"M57 00907 0027",771,17-JAN-13,000000000.00,"WENRICK JAROD D","WENRICK COMMERCIAL INVESTMENTS LLC","44 LAU PKWY","WENRICK COMMERCIAL INVESTMENTS LLC","","44 LAU PKWY","","CLAYTON OH 45315 2518","I",0002.62700,0000031360,0000000000,0000031360,0000089590,0000000000,0000089590,"LAND AND BUILDING","NOT VALIDATED","N","201300005693"
"M57 00907 0039",771,17-JAN-13,000000000.00,"WENRICK JAROD D","WENRICK COMMERCIAL INVESTMENTS LLC","METRO DR","WENRICK COMMERCIAL INVESTMENTS LLC","","44 LAU PKWY","","CLAYTON OH 45315 2518","I",0001.94200,0000005590,0000000000,0000005590,0000015980,0000000000,0000015980,"LAND AND BUILDING","NOT VALIDATED","N","201300005693"
"O68 01302 0002",453,11-JAN-13,000000000.00,"RENTZ RICHARD J","RENTZ PROPERTIES LLC","7985 S SUBURBAN RD","RENTZ PROPERTIES LLC","","759 GRANTS TR","","CENTERVILLE OH 45459","I",0000.69100,0000017630,0000047470,0000065100,0000050380,0000135620,0000186000,"LAND AND BUILDING","RELATED INDIVIDUALS OR CORPORATIONS","N","201300002292"
"P70 01217 0035",1456,31-JAN-13,000000000.00,"MEHMET PANAYIRCI","REED SHARON L","7900 TECHNOLOGY BLVD","REED SHARON L","","7900 TECHNOLOGY DR","","DAYTON OH 45424","I",0005.80100,0000095430,0000219300,0000314730,0000272650,0000626560,0000899210,"LAND AND BUILDING","NOT VALIDATED","N","201300006743"
"P70 01218 0016",5388,12-APR-13,000000000.00,"RC BUILDING INVESTMENT LLC ETAL 3","RC BUILDING INVESTMENT LLC AND","8261 ST RT 235","RC BUILDING INVESTMENT LLC AND","APACHE PROPERTIES LTD","8261 STATE RTE 235 DR","","DAYTON OH 45424 4335","I",0005.22600,0000091460,0000000000,0000091460,0000261300,0000000000,0000261300,"LAND AND BUILDING","NOT VALIDATED","N","201300025266"
"R72 00604 0003",7045,07-MAY-13,000000000.00,"HISPANIC EDUCATIONAL","URBAN PRESERVATION LTD","101 BAINBRIDGE ST","URBAN PRESERVATION LTD","","2312 FAR HILLS AVE 154","","DAYTON OH 45419 1241","I",0000.00000,0000017720,0000057650,0000075370,0000050620,0000164710,0000215330,"LAND AND BUILDING","SALE INVOLVING MULTIPLE PARCELS","N","201300031893"
"R72 00605 0001",1249,29-JAN-13,000000000.00,"H D SUPPLY HOLDINGS LLC","DAYTON CITY OF","210 WAYNE AVE","DAYTON CITY OF","","101 W THIRD ST FL 6","","DAYTON OH 45402","I",0000.00000,0000041990,0000351780,0000393770,0000119970,0001005080,0001125050,"LAND AND BUILDING","SALE INVOLVING MULTIPLE PARCELS","N","201300006044"
"R72 00605 0078",1249,29-JAN-13,000000000.00,"HD SUPPLY HOLDINGS LLC","DAYTON CITY OF","5TH & WALNUT ST","DAYTON CITY OF","","101 W THIRD ST FL 6","","DAYTON OH 45401","I",0000.00000,0000009600,0000002440,0000012040,0000027420,0000006960,0000034380,"LAND AND BUILDING","SALE INVOLVING MULTIPLE PARCELS","N","201300006044"
"R72 00609 0020",7045,07-MAY-13,000000000.00,"HISPANIC EDUCATIONAL FUND SA","URBAN PRESERVATION LTD","E 4TH ST","URBAN PRESERVATION LTD","","2312 FAR HILLS AVE 154","","DAYTON OH 45419 1241","I",0000.00000,0000001020,0000000000,0000001020,0000002920,0000000000,0000002920,"LAND AND BUILDING","SALE INVOLVING MULTIPLE PARCELS","N","201300031893"
"R72 00609 0021",8474,31-MAY-13,000000000.00,"EMOFF TODD TR","EMOFF MICHAEL","811 E 4TH ST","EMOFF MICHAEL","","811 E FOURTH ST","","DAYTON OH 45402","I",0000.00000,0000003550,0000001480,0000005030,0000010140,0000004220,0000014360,"LAND AND BUILDING","SALE INVOLVING MULTIPLE PARCELS","N","201300038229"
"R72 00609 0021",6447,26-APR-13,000000000.00,"EMOFF MARY JANE","EMOFF TODD TR","811 E 4TH ST","EMOFF MICHAEL","","811 E FOURTH ST","","DAYTON OH 45402","I",0000.00000,0000003550,0000001480,0000005030,0000010140,0000004220,0000014360,"LAND AND BUILDING","RELATED INDIVIDUALS OR CORPORATIONS","N","201300029200"
"R72 00609 0022",6447,26-APR-13,000000000.00,"EMOFF MARY JANE","EMOFF TODD TR","811 E 4TH ST","EMOFF MICHAEL","","811 E FOURTH ST","","DAYTON OH 45402","I",0000.00000,0000011810,0000083210,0000095020,0000033750,0000237730,0000271480,"LAND AND BUILDING","RELATED INDIVIDUALS OR CORPORATIONS","N","201300029200"
"R72 00609 0022",8474,31-MAY-13,000000000.00,"EMOFF TODD TR","EMOFF MICHAEL","811 E 4TH ST","EMOFF MICHAEL","","811 E FOURTH ST","","DAYTON OH 45402","I",0000.00000,0000011810,0000083210,0000095020,0000033750,0000237730,0000271480,"LAND AND BUILDING","SALE INVOLVING MULTIPLE PARCELS","N","201300038229"
"R72 00609 0023",6447,26-APR-13,000000000.00,"EMOFF MARY JANE","EMOFF TODD TR","813 E 4TH ST","EMOFF MICHAEL","","811 E FOURTH ST","","DAYTON OH 45402","I",0000.00000,0000010390,0000003260,0000013650,0000029690,0000009300,0000038990,"LAND AND BUILDING","RELATED INDIVIDUALS OR CORPORATIONS","N","201300029200"
"R72 00609 0023",8474,31-MAY-13,000000000.00,"EMOFF TODD TR","EMOFF MICHAEL","813 E 4TH ST","EMOFF MICHAEL","","811 E FOURTH ST","","DAYTON OH 45402","I",0000.00000,0000010390,0000003260,0000013650,0000029690,0000009300,0000038990,"LAND AND BUILDING","SALE INVOLVING MULTIPLE PARCELS","N","201300038229"
"R72 01707 0003",2217,13-FEB-13,000000000.00,"PICKREL BROS INC","PICKREL BROS INC","955 S PERRY ST","PICKREL BROS INC","","901 S PERRY ST","","DAYTON OH 45402","I",0000.61890,0000036160,0000000420,0000036580,0000103320,0000001210,0000104530,"LAND AND BUILDING","NOT VALIDATED","N","201300010264"
"R72 02207 0041",4422,26-MAR-13,000085000.00,"SIGN-ART OF DAYTON","EFE LLC","350 E HUFFMAN AVE","EFE LLC","","2571 ADIRONDACK TRL","","DAYTON OH 45409","I",0000.00000,0000006370,0000000000,0000006370,0000018210,0000000000,0000018210,"LAND ONLY","NOT VALIDATED","N","201300020367"
"R72 03008 0004",2043,11-FEB-13,000000000.00,"MJS VENTURES LLC","MJS VENTURES LLC","949 S PATTERSON BLVD","MJS VENTURES LLC","","1100 SALEM AVE","","DAYTON OH 45406 1339","I",0000.00000,0000019820,0000034380,0000054200,0000056640,0000098220,0000154860,"LAND AND BUILDING","NOT VALIDATED","N","201300009493"
"R72 03008 0004",1060,23-JAN-13,000165000.00,"UPDYKE HOWARD S JR AND","MJS VENTURES LLC","949 S PATTERSON BLVD","MJS VENTURES LLC","","1100 SALEM AVE","","DAYTON OH 45406 1339","I",0000.00000,0000019820,0000034380,0000054200,0000056640,0000098220,0000154860,"LAND AND BUILDING","SALE INVOLVING MULTIPLE PARCELS","N","201300004912"
"R72 03008 0024",1060,23-JAN-13,000165000.00,"UPDYKE HOWARD S JR AND","MJS VENTURES LLC","S PATTERSON BLVD","MJS VENTURES LLC","","1100 SALEM AVE","","DAYTON OH 45406 4619","I",0000.03500,0000001280,0000000000,0000001280,0000003660,0000000000,0000003660,"LAND AND BUILDING","SALE INVOLVING MULTIPLE PARCELS","N","201300004912"
"R72 05607 0006",5099,08-APR-13,000000000.00,"BRINKMAN JOHN R","KISER PROPERTIES LLC","325 KISER ST","KISER PROPERTIES LLC","","325 KISER ST","","DAYTON OH 45404 2210","I",0000.00000,0000019370,0000123030,0000142400,0000055330,0000351520,0000406850,"LAND AND BUILDING","RELATED INDIVIDUALS OR CORPORATIONS","N","201300023689"
"R72 05607 0007",5099,08-APR-13,000000000.00,"BRINKMAN JOHN R","KISER PROPERTIES LLC","KISER ST","KISER PROPERTIES LLC","","325 KISER ST","","DAYTON OH 45404 2210","I",0001.31900,0000021900,0000000000,0000021900,0000062570,0000000000,0000062570,"LAND AND BUILDING","RELATED INDIVIDUALS OR CORPORATIONS","N","201300023689"
"R72 13706 0001",2358,14-FEB-13,000000000.00,"IRG DAYTON 1 LLC","IRG DAYTON II LLC","EDWIN C MOSES BLVD","IRG DAYTON II LLC","","360 E HIGHLAND RD","","MACEDONIA OH 44056","I",0002.09800,0000005580,0000000000,0000005580,0000015940,0000000000,0000015940,"LAND ONLY","NOT VALIDATED","N","201300010478"
"R72 13706 0003",2358,14-FEB-13,000000000.00,"IRG DAYTON 1 LLC","IRG DAYTON II LLC","WISCONSIN BLVD","IRG DAYTON II LLC","","360 E HIGHLAND RD","","MACEDONIA OH 44056","I",0001.25400,0000003340,0000000000,0000003340,0000009530,0000000000,0000009530,"LAND ONLY","NOT VALIDATED","N","201300010478"
"R72 13706 0004",2358,14-FEB-13,000000000.00,"IRG DAYTON 1 LLC","IRG DAYTON II LLC","WISCONSIN BLVD","IRG DAYTON II LLC","","360 E HIGHLAND RD","","MACEDONIA OH 44056","I",0001.25000,0000003330,0000000000,0000003330,0000009500,0000000000,0000009500,"LAND ONLY","NOT VALIDATED","N","201300010478"
"R72 13706 0005",2358,14-FEB-13,000000000.00,"IRG DAYTON 1 LLC","IRG DAYTON II LLC","WISCONSIN BLVD","IRG DAYTON II LLC","","360 E HIGHLAND RD","","MACEDONIA OH 44056","I",0001.55500,0000004120,0000000000,0000004120,0000011780,0000000000,0000011780,"LAND ONLY","NOT VALIDATED","N","201300010478"
"R72 13706 0006",2358,14-FEB-13,000000000.00,"IRG DAYTON 1 LLC","IRG DAYTON II LLC","WISCONSIN BLVD","IRG DAYTON II LLC","","360 E HIGHLAND RD","","MACEDONIA OH 44056","I",0016.49600,0000013160,0000000000,0000013160,0000037610,0000000000,0000037610,"LAND ONLY","NOT VALIDATED","N","201300010478"
"R72 13706 0007",2358,14-FEB-13,000000000.00,"IRG DAYTON 1 LLC","IRG DAYTON II LLC","MIAMI CHAPEL RD","IRG DAYTON II LLC","","360 E HIGHLAND RD","","MACEDONIA OH 44056","I",0000.15100,0000000400,0000000000,0000000400,0000001150,0000000000,0000001150,"LAND ONLY","NOT VALIDATED","N","201300010478"
"R72 13706 0009",2358,14-FEB-13,000000000.00,"IRG DAYTON 1 LLC","IRG DAYTON II LLC","1420 CINCINNATI ST","IRG DAYTON II LLC","","360 E HIGHLAND RD","","MACEDONIA OH 44056","I",0007.70700,0000009840,0000000000,0000009840,0000028120,0000000000,0000028120,"LAND ONLY","NOT VALIDATED","N","201300010478"
"R72 16715 0002",5450,12-APR-13,000182000.00,"BAYVIEW LOAN SERVICING LLC","BAXTER BRENT","BRANDT PIKE","BAXTER BRENT","","181 SAUNDRA CT","","DAYTON OH 45430","I",0001.85000,0000034210,0000074870,0000109080,0000097730,0000213900,0000311630,"LAND AND BUILDING","VALID SALE","N","201300025468"
"R72 16715 0002",1777,06-FEB-13,000000000.00,"SEREX PROPERTIES LLC","BAYVIEW LOAN SERVICING LLC","BRANDT PIKE","BAXTER BRENT","","181 SAUNDRA CT","","DAYTON OH 45430","I",0001.85000,0000034210,0000074870,0000109080,0000097730,0000213900,0000311630,"LAND AND BUILDING","NOT VALIDATED","N","201300008188"
"R72117608 0010",7271,10-MAY-13,000000000.00,"MARLU PROPERTIES","NIZNY MARTIN H","5730 WEBSTER ST","NIZNY MARTIN H","","1356 WOODMAN DR","","DAYTON OH 45432","I",0000.78000,0000013910,0000042610,0000056520,0000039730,0000121750,0000161480,"LAND AND BUILDING","NOT VALIDATED","N","201300032903"
