"PARID","CONVNUM","SALEDTE","PRICE","OLDOWN","OWNERNAME1","PARCELLOCATION","MAILINGNAME1","MAILINGNAME2","PADDR1","PADDR2","PADDR3","CLS","ACRES","TAXLAND","TAXBLDG","TAXTOTAL","ASMTLAND","ASMTBLDG","ASMTTOTL","SALETYPE","SALEVALIDITY","DYTNCRDT"
"A01 00205 0011",433,10-JAN-13,000000000.00,"HORATIO ENTERPRISES, LLC","HORATIO ENTERPRISES, LLC","OLD SPRINGFIELD RD","THIES RICHARD P AND","DEBRA L","7847 STATE ROUTE 48","","ENGLEWOOD OH 45322 4124","A",0076.87800,0000032320,0000000000,0000032320,0000092350,0000000000,0000092350,"LAND ONLY","NOT VALIDATED","N"
"A01 00205 0011",434,10-JAN-13,000574663.00,"HORATIO ENTERPRISES, LLC","THIES RICHARD P AND","OLD SPRINGFIELD RD","THIES RICHARD P AND","DEBRA L","7847 STATE ROUTE 48","","ENGLEWOOD OH 45322 4124","A",0076.87800,0000032320,0000000000,0000032320,0000092350,0000000000,0000092350,"LAND ONLY","VALID SALE","N"
"B02 01014 0001",691,16-JAN-13,000330000.00,"MARTINEZ CHARLOTTE LOUISE TR","NEFF MICHAEL G AND","DOG LEG RD","NEFF MICHAEL G AND","KATHLEEN A JOSEPH","11000 FREDERICK PIKE","","VANDALIA OH 45377","A",0059.76200,0000024140,0000000000,0000024140,0000068980,0000000000,0000068980,"LAND ONLY","VALID SALE","N"
"C06 00501 0038",1479,31-JAN-13,000186666.00,"GETTER JERRY LEE AND","FIRST BANK RICHMOND NA","6257 WENGERLAWN RD","JERRY LEE GETTER","","6257 WENGERLAWN RD","","BROOKVILLE OH 45309 8214","A",0032.24400,0000022460,0000037580,0000060040,0000064170,0000107360,0000171530,"LAND AND BUILDING","LIQUIDATION/FORECLOSURE","N"
"D14 00811 0015",692,16-JAN-13,000079000.00,"BOLDEN RONALD L","WILLIAMS TIMOTHY L AND","8490 BUTTER ST","WILLIAMS TIMOTHY L AND","CYNTHIA J","479 S BUTTER ST","","GERMANTOWN OH 45327","A",0019.81000,0000006760,0000000000,0000006760,0000019310,0000000000,0000019310,"LAND ONLY","VALID SALE","N"
"D14 00905 0028",1689,05-FEB-13,000141750.00,"FEDERAL NATIONAL MORTGAGE ASSOC","STROINIGG DIETER","10355 EBY RD","FEDERAL NATIONAL MORTGAGE ASSOC","","1 S WACKER DR STE 3100","","GERMANTOWN OH 45327","A",0017.61000,0000033890,0000053380,0000087270,0000096840,0000152520,0000249360,"LAND AND BUILDING","NOT VALIDATED","N"
"F22 01401 0005",1658,05-FEB-13,000090000.00,"BOLDEN  JERAMIE DALE","JOHNSON JAMES A AND","2409 S DIAMOND MILL RD","JOHNSON JAMES A AND","CONNIE L","14750 EATON PIKE","","FARMERSVILLE OH 45325","A",0024.65000,0000005110,0000000000,0000005110,0000014610,0000000000,0000014610,"LAND ONLY","VALID SALE","N"
"F22 01406 0001",29,02-JAN-13,000050000.00,"FULTZ GREGORY ET AL 3","LANDIS JEFFREY T ET AL 3","2136 S PREBLE COUNTY LINE RD","LANDIS JEFFREY T ET AL 3","","2660 ZEHRING RD","","FARMERSVILLE OH 45325","A",0020.07200,0000007380,0000000000,0000007380,0000021080,0000000000,0000021080,"LAND AND BUILDING","VALID SALE","N"
"F22 01406 0001",27,02-JAN-13,000050000.00,"FULTZ GREGORY A AND","FULTZ GREGORY ET AL 3","2136 S PREBLE COUNTY LINE RD","LANDIS JEFFREY T ET AL 3","","2660 ZEHRING RD","","FARMERSVILLE OH 45325","A",0020.07200,0000007380,0000000000,0000007380,0000021080,0000000000,0000021080,"LAND ONLY","VALID SALE","N"
"F22 01406 0025",719,16-JAN-13,000000000.00,"EUSTACHE TIMOTHY A","EUSTACHE TIMOTHY A","15125 CHICKEN BRISTLE RD","EUSTACHE TIMOTHY A","","15125 CHICKEN BRISTLE RD","","FARMERSVILLE OH 45325","A",0016.89400,0000009400,0000067040,0000076440,0000026870,0000191540,0000218410,"LAND AND BUILDING","NOT VALIDATED","N"
"F22 01410 0002",1196,28-JAN-13,000000000.00,"LACY DIRSCHL C TR","LACY DIRSCHL C TR","3354 FARMERSVILLE JOHNSVILLE RD","LACY DIRSCHL C TR","","1110 E LONG PL","","LITTLETON CO 80122","A",0103.00000,0000048430,0000016720,0000065150,0000138370,0000047780,0000186150,"LAND AND BUILDING","NOT VALIDATED","N"
"F22 01502 0008",315,09-JAN-13,000087013.00,"LONG TAMMIE","SEARS TREVIN E AND","HEMPLE RD","SEARS TREVIN E AND","MELISSA A","410 W CENTER ST","","FARMERSVILLE OH 45325","A",0015.67800,0000007480,0000000000,0000007480,0000021370,0000000000,0000021370,"LAND ONLY","VALID SALE","N"
"F22 01510 0004",999,23-JAN-13,000000000.00,"MARION RICK","MARION RICK AND","ST RT 123","MARION RICK AND","KATHY L","12230 FARMERSVILLE-W CARROLLTON RD","","FARMERSVILLE OH 45325 1297","A",0027.27000,0000008420,0000000000,0000008420,0000024070,0000000000,0000024070,"LAND AND BUILDING","RELATED INDIVIDUALS OR CORPORATIONS","N"
"F22 01510 0026",999,23-JAN-13,000000000.00,"MARION P RICKY","MARION RICK AND","12470 FARMERSVILLE WEST CARROLLTON RD","MARION RICK AND","KATHY L","12230 FARMERSVILLE-W CARROLLTON RD","","FARMERSVILLE OH 45325 1297","A",0001.53000,0000005380,0000032870,0000038250,0000015360,0000093900,0000109260,"LAND AND BUILDING","RELATED INDIVIDUALS OR CORPORATIONS","N"
"F25 01311 0022",1750,06-FEB-13,000000000.00,"GREEN OAK FARMS INC","GREEN OAK LAND LLC","S FULS RD","GREEN OAK LAND LLC","","5908 ORANGEBURG RD","","NEW PARIS OH 45347","A",0113.63200,0000051420,0000000000,0000051420,0000146920,0000000000,0000146920,"LAND AND BUILDING","NOT VALIDATED","N"
"K45 02610 0008",1168,28-JAN-13,000000000.00,"RUFFNER MARTHA R","RUFFNER MARTHA R AND","4034 MAUE RD","MARTHA R RUFFNER","","4034 MAUE RD","","MIAMISBURG OH 45342 3916","A",0032.85800,0000054580,0000098000,0000152580,0000155950,0000280000,0000435950,"LAND AND BUILDING","RELATED INDIVIDUALS OR CORPORATIONS","N"
"K45 02612 0020",1581,04-FEB-13,000330000.00,"EDWARDS DONALD C TR","GARRISON ORPHEUS L JR","5805 SHEPHARD RD","EDWARDS DONALD C TR","","215 ICE AVE","","DAYTON OH 45402","A",0078.55500,0000098810,0000020780,0000119590,0000282320,0000059370,0000341690,"LAND AND BUILDING","NOT VALIDATED","N"
"K48 00918 0001",1287,29-JAN-13,000000000.00,"EBY MARVIN ETAL 8","WILSON ANGELIA","602 N MIAMI AVE","WILSON ANGELIA","","27 E SHANNON AVE","","DAYTON OH 45449","A",0016.35600,0000027100,0000055390,0000082490,0000077420,0000158270,0000235690,"LAND AND BUILDING","SALE INVOLVING MULTIPLE PARCELS","N"
"L53 02901 0021",1415,31-JAN-13,000000000.00,"DIEHL DAVID L AND","DIEHL DAVID L AND","10436 LITTLE RICHMOND RD","DAVID L & MARGARET K DIEHL","","10294 LITTLE RICHMOND RD","","BROOKVILLE OH 45309 9392","A",0005.00000,0000008530,0000027970,0000036500,0000024370,0000079910,0000104280,"LAND AND BUILDING","RELATED INDIVIDUALS OR CORPORATIONS","N"
"L53 02912 0001",1715,05-FEB-13,000000000.00,"DECKER LINDA","DECKER LINDA J AND","10948 OLD DAYTON RD","DECKER LINDA","","3090 VIOLA DR","","DAYTON OH 45434","A",0001.68000,0000003700,0000000000,0000003700,0000010560,0000000000,0000010560,"LAND ONLY","RELATED INDIVIDUALS OR CORPORATIONS","N"
"L55 02806 0009",427,10-JAN-13,000000000.00,"OSSWALD KEVIN R AND","OSSWALD MARCIA A AND","3085 N SULPHUR SPRINGS RD","OSSWALD RANDALL E AND","JOY","13352 UPPER LEWISBURG SALEM RD","","BROOKVILLE OH 45309 3217","A",0030.15000,0000019410,0000034450,0000053860,0000055460,0000098420,0000153880,"LAND AND BUILDING","NOT VALIDATED","N"
"L55 02806 0009",425,10-JAN-13,000000000.00,"OSSWALD KEVIN R AND","OSSWALD KEVIN R AND","3085 N SULPHUR SPRINGS RD","OSSWALD RANDALL E AND","JOY","13352 UPPER LEWISBURG SALEM RD","","BROOKVILLE OH 45309 3217","A",0030.15000,0000019410,0000034450,0000053860,0000055460,0000098420,0000153880,"LAND AND BUILDING","NOT VALIDATED","N"
"L55 02806 0009",428,10-JAN-13,000113000.00,"OSSWALD MARCIA A AND","OSSWALD RANDALL E","3085 N SULPHUR SPRINGS RD","OSSWALD RANDALL E AND","JOY","13352 UPPER LEWISBURG SALEM RD","","BROOKVILLE OH 45309 3217","A",0030.15000,0000019410,0000034450,0000053860,0000055460,0000098420,0000153880,"LAND AND BUILDING","VALID SALE","N"
"L55 02806 0009",429,10-JAN-13,000000000.00,"OSSWALD RANDALL E","OSSWALD RANDALL E AND","3085 N SULPHUR SPRINGS RD","OSSWALD RANDALL E AND","JOY","13352 UPPER LEWISBURG SALEM RD","","BROOKVILLE OH 45309 3217","A",0030.15000,0000019410,0000034450,0000053860,0000055460,0000098420,0000153880,"LAND AND BUILDING","RELATED INDIVIDUALS OR CORPORATIONS","N"
"L55 02809 0001",5,02-JAN-13,000597984.00,"OSSWALD RICHARD E AND","FLORA BYRON B","2870 CRAWFORD TOMS RUN RD","FLORA BYRON B","","12366 PROVIDENCE PIKE","","BROOKVILLE OH 45309","A",0010.38460,0000013630,0000037090,0000050720,0000038930,0000105980,0000144910,"LAND AND BUILDING","VALID SALE","N"
"L55 02809 0002",00005,02-JAN-13,000597984.00,"OSSWALD RICHARD E TR AND","FLORA BYRON B","CRAWFORD TOMS RUN RD","FLORA BYRON B","","12366 PROVIDENCE PIKE","","BROOKVILLE OH 45309","A",0036.50040,0000021000,0000000000,0000021000,0000060000,0000000000,0000060000,"LAND AND BUILDING","SALE INVOLVING MULTIPLE PARCELS","N"
"M58 00213 0005",311,08-JAN-13,000000000.00,"SWARTZ DOUGLAS I AND","SWARTZ DOUGLAS I TR AND","406 ST RT 48","SWARTZ DOUGLAS I TR AND","CYNTHIA A TR","406 N MAIN ST","","UNION OH 45322","A",0060.69100,0000042210,0000086780,0000128990,0000120600,0000247940,0000368540,"LAND AND BUILDING","RELATED INDIVIDUALS OR CORPORATIONS","N"
"M60 03210 0363",1759,06-FEB-13,000112900.00,"HENCH CARL JAMES TR AND","SMITH DANNY E AND","6310 GARBER RD","","","","","","A",0001.07900,0000010920,0000028160,0000039080,0000031190,0000080470,0000111660,"LAND AND BUILDING","NOT VALIDATED","N"
"O67 03813 0066",666,15-JAN-13,000000000.00,"DIVIDED RIDGE LTD","WASHINGTON TOWNSHIP PARK DISTRICT","W SOCIAL ROW RD","WASHINGTON TOWNSHIP PARK DISTRICT","","221 N MAIN ST STE A","","DAYTON OH 45459","A",0023.20400,0000013660,0000000000,0000013660,0000039040,0000000000,0000039040,"LAND AND BUILDING","NOT VALIDATED","N"
"P70 03910 0005",169,04-JAN-13,000000000.00,"LEHMAN EUGENE A","EUGENE LEHMAN FAMILY","8303 BRANDT PIKE","EUGENE LEHMAN FAMILY","LIMITED PARTNERSHIP","6886 WILLOW TREE LN","","HUBER HEIGHTS OH 45424","A",0051.59790,0000029720,0000027980,0000057700,0000084900,0000079950,0000164850,"LAND AND BUILDING","NOT VALIDATED","N"
"R72517409 0017",1858,07-FEB-13,000000000.00,"HOLLIS CLARITA P","HOLLIS CHARLIE L AND","5035 GERMANTOWN PIKE","HOLLIS CLARITA P","","9291 HERITAGE GLEN DR","","MIAMISBURG OH 45342","A",0009.81900,0000019240,0000012300,0000031540,0000054980,0000035150,0000090130,"LAND AND BUILDING","NOT VALIDATED","N"
