"PARID","CONVNUM","SALEDTE","PRICE","OLDOWN","OWNERNAME1","PARCELLOCATION","MAILINGNAME1","MAILINGNAME2","PADDR1","PADDR2","PADDR3","CLS","ACRES","TAXLAND","TAXBLDG","TAXTOTAL","ASMTLAND","ASMTBLDG","ASMTTOTL","SALETYPE","SALEVALIDITY","DYTNCRDT"
"A01 00203 0068",222,04-JAN-13,000250000.00,"JD MARINE INC","SMITH GREGREY S AND","3800 LIGHTNER RD","SMITH GREGREY S AND","STEPHANIE M","5486 WORLEY RD","","TIPP CITY OH 45371","C",0001.00000,0000013860,0000066750,0000080610,0000039600,0000190710,0000230310,"LAND AND BUILDING","VALID SALE","N"
"A01 21320 0001",28,02-JAN-13,002950000.00,"RBFFI DAYTON LLC","PH DAYTON LLC","6960 MILLER LN","PH DAYTON LLC","","601 OAKMONT LN STE 420","","WESTMONT IL 60559","C",0002.88700,0000263310,0000577680,0000840990,0000752320,0001650500,0002402820,"LAND AND BUILDING","NOT VALIDATED","N"
"A01 26024 0001",417,10-JAN-13,002045644.00,"DAYTON WINGS NORTH LLC","STORE MASTER FUNDING II LLC","6851 MILLER LN","STORE MASTER FUNDING II LLC","","8501 E PRINCESS DR 190","","SCOTTSDALE AZ 85255","C",0001.21000,0000149430,0000117090,0000266520,0000426930,0000334540,0000761470,"LAND AND BUILDING","NOT VALIDATED","N"
"B02 00705 0009",378,09-JAN-13,000178000.00,"BRUSMAN H DAVID AND","WOLFE PAUL D","1006 STONEY SPRINGS RD","WOLFE PAUL D","","2545 N HUNTINGTON RD","","MARION IN 46952 0000","C",0000.00000,0000009940,0000053010,0000062950,0000028390,0000151470,0000179860,"LAND AND BUILDING","LAND CONTRACT OR UNUSUAL FINANCING","N"
"B02 00720 0009",45,02-JAN-13,000062833.00,"HAROLD LLC","GEARHART JULIA A AND","152 158 BRUSMAN DR","HAROLD LLC","","P O BOX 644","","VANDALIA OH 45377","C",0000.00000,0000009940,0000047790,0000057730,0000028390,0000136540,0000164930,"LAND AND BUILDING","SALE INVOLVING MULTIPLE PARCELS","N"
"E20 01107 0055",386,09-JAN-13,000010000.00,"ABRAMS MARILYN A AND","DAT OPERATING COMPANY LLC","3586 SALEM AVE","DAT OPERATING COMPANY LLC","","P O BOX 670622","","DALLAS TX 75367 9325","C",0000.04100,0000002150,0000000490,0000002640,0000006150,0000001400,0000007550,"LAND AND BUILDING","NOT VALIDATED","N"
"E20 01107 0083",386,09-JAN-13,000010000.00,"ABRAMS MARILYN AND","DAT OPERATING COMPANY LLC","3586 SALEM AVE","DAT OPERATING COMPANY LLC","","P O BOX 670622","","DALLAS TX 75367 9325","C",0000.25700,0000012820,0000009800,0000022620,0000036620,0000028010,0000064630,"LAND AND BUILDING","NOT VALIDATED","N"
"E21 01004 0139",455,11-JAN-13,000140000.00,"COLEMAN BENJAMIN C AND","TANGY COURT LLC","2713 2725 TANGY CT","COLEMAN BENJAMIN C AND","KATHLEEN L","6622 ORANGEWOOD RD","","HIGHLAND CA 92346","C",0000.78200,0000030490,0000109000,0000139490,0000087120,0000311420,0000398540,"LAND AND BUILDING","VALID SALE","N"
"E21 24409 0002",296,08-JAN-13,000000000.00,"J & J PROPERTY","5700 WEBSTER LLC","5700 WEBSTER ST","5700 WEBSTER LLC","","8306 OLD WOODS CT","","SPRINGBORO OH 45066","C",0001.53700,0000019280,0000057570,0000076850,0000055090,0000164490,0000219580,"LAND AND BUILDING","NOT VALIDATED","N"
"H33 00602 0001",273,08-JAN-13,000317000.00,"RIVER HOLDING COMPANY LLC","PRIME PROPERTIES LLC","30 COFFMAN AVE","PRIME PROPERTIES LLC","","7299 1/2 DAYTON SPRINGFIELD RD","","ENON OH 45323","C",0000.40500,0000011340,0000052900,0000064240,0000032400,0000151130,0000183530,"LAND AND BUILDING","VALID SALE","N"
"H33 00602 0002",273,08-JAN-13,000317000.00,"RIVER HOLDING COMPANY LLC","PRIME PROPERTIES LLC","315 325 HILLVIEW CT","PRIME PROPERTIES LLC","","7299 1/2 DAYTON SPRINGFIELD RD","","ENON OH 45323","C",0000.90500,0000022680,0000105790,0000128470,0000064800,0000302260,0000367060,"LAND AND BUILDING","VALID SALE","N"
"H33 01711 0001",273,08-JAN-13,000317000.00,"RIVER HOLDING COMPANY LLC","PRIME PROPERTIES LLC","335 HILLVIEW CT","PRIME PROPERTIES LLC","","7299 1/2 DAYTON SPRINGFIELD RD","","ENON OH 45323","C",0000.69600,0000009450,0000044750,0000054200,0000027000,0000127870,0000154870,"LAND AND BUILDING","VALID SALE","N"
"H33 02111 0005",312,08-JAN-13,001250000.00,"KIMCO OF OHIO INC","GARRISON CENTRAL II SHILOH SPRINGS LLC","5111 SALEM AVE","GARRISON CENTRAL II SHILOH SPRINGS LLC","","1350 AVE OF THE AMERICAS 9TH FL","","NEW YORK NY 10019 1210","C",0021.89050,0000436150,0000457880,0000894030,0001246140,0001308230,0002554370,"LAND AND BUILDING","NOT VALIDATED","N"
"H33 02111 0050",314,08-JAN-13,002500000.00,"KIMCO COLUMBUS INC","GARRISON CENTRAL II","5114 SALEM AVE","GARRISON CENTRAL II","SALEM PLAZA LLC","1350 AVENUE OF THE AMERICAS STE 9TH FL","","NEW YORK NY 10019 1935","C",0016.85500,0000337790,0000573760,0000911550,0000965100,0001639310,0002604410,"LAND AND BUILDING","NOT VALIDATED","N"
"H33402307 0019",2,02-JAN-13,000146000.00,"PHILLIPS PHYLLIS J","MERTZ GEORGE","9005 ST RT 35","MERTZ GEORGE","","9057 W 3RD ST","","DAYTON OH 45417","C",0012.50400,0000017400,0000015880,0000033280,0000049710,0000045380,0000095090,"LAND AND BUILDING","VALID SALE","N"
"I39 01002 0060",139,03-JAN-13,000200000.00,"LSS PROPERTIES LTD","LSS PROPERTIES LTD","4321 4325 AIRWAY RD","LSS PROPERTIES LTD","","1408 WATERVLIET AVE","","DAYTON OH 45410 2263","C",0000.00000,0000008830,0000000000,0000008830,0000025230,0000000000,0000025230,"LAND AND BUILDING","VALID SALE","N"
"I39 01002 0061",139,03-JAN-13,000200000.00,"LSS PROPERTIES LTD","LSS PROPERTIES LTD","4323 4327 AIRWAY RD","LSS PROPERTIES LTD","","1408 WATERVLIET AVE","","DAYTON OH 45410 2263","C",0000.00000,0000006950,0000029690,0000036640,0000019860,0000084840,0000104700,"LAND AND BUILDING","VALID SALE","N"
"I39 01002 0062",139,03-JAN-13,000200000.00,"LSS PROPERTIES LTD","LSS PROPERTIES LTD","AIRWAY RD","LSS PROPERTIES LTD","","1408 WATERVLIET AVE","","DAYTON OH 45410 2263","C",0000.00000,0000001300,0000000000,0000001300,0000003720,0000000000,0000003720,"LAND AND BUILDING","VALID SALE","N"
"I39 01002 0063",139,03-JAN-13,000200000.00,"LSS PROPERTIES LTD","LSS PROPERTIES LTD","4313 AIRWAY RD","LSS PROPERTIES LTD","","1408 WATERVLIET AVE","","DAYTON OH 45410 2263","C",0000.00000,0000005310,0000024420,0000029730,0000015180,0000069760,0000084940,"LAND AND BUILDING","VALID SALE","N"
"I39 01002 0064",139,03-JAN-13,000200000.00,"LSS PROPERTIES LTD","LSS PROPERTIES LTD","AIRWAY RD","LSS PROPERTIES LTD","","1408 WATERVLIET AVE","","DAYTON OH 45410 2263","C",0000.00000,0000007490,0000000000,0000007490,0000021390,0000000000,0000021390,"LAND AND BUILDING","VALID SALE","N"
"J44 04103 0157",346,09-JAN-13,000485000.00,"MDJ INVESTMENTS LLC AND","KMSI INVESTMENTS LTD","KETTERING BLVD","KMSI INVESTMENTS LTD","","660 FAME RD","","DAYTON OH 45449","C",0000.82500,0000041290,0000080960,0000122250,0000117970,0000231310,0000349280,"LAND AND BUILDING","NOT VALIDATED","N"
"J44104112 0020",289,08-JAN-13,000000000.00,"DIALYSIS CENTERS OF DAYTON","MIAMI VALLEY HOSPITAL","4711 S DIXIE DR","MIAMI VALLEY HOSPITAL","","1 WYOMING ST","","DAYTON OH 45409","C",0000.50700,0000030820,0000004080,0000034900,0000088050,0000011660,0000099710,"LAND AND BUILDING","NOT VALIDATED","N"
"J44104112 0022",289,08-JAN-13,000000000.00,"DIALYSIS CENTERS OF DAYTON","MIAMI VALLEY HOSPITAL","SPRINGBORO PIKE","MIAMI VALLEY HOSPITAL","","1 WYOMING ST","","DAYTON OH 45409","C",0000.00000,0000006520,0000000000,0000006520,0000018620,0000000000,0000018620,"LAND AND BUILDING","NOT VALIDATED","N"
"K45 02605 0046",286,08-JAN-13,000000000.00,"MONTGOMERY COUNTY TRANSPORTATION","RG/BG AUSTIN SOUTH LTD","AUSTIN BLVD","RG/BG AUSTIN SOUTH LTD","","10050 INNOVATION DR STE 100","","MIAMISBURG OH 45342 9105","C",0003.46000,0000016500,0000000000,0000016500,0000047140,0000000000,0000047140,"LAND AND BUILDING","NOT VALIDATED","N"
"K45 02605 0094",283,08-JAN-13,000000000.00,"AUSTIN LANDING GARAGE LTD AND","AUSTIN LANDING GARAGE LTD","10200 INNOVATION DR","AUSTIN LANDING GARAGE LTD","","10050 INNOVATION DR STE 100","","MIAMISBURG OH 45342","C",0002.73990,0000089180,0000000000,0000089180,0000254810,0000000000,0000254810,"LAND AND BUILDING","NOT VALIDATED","N"
"K45 23025 0001",439,10-JAN-13,000000000.00,"T AND D SMITH CO LTD","T AND D SMITH CO LTD","10500 SPRINGBORO PIKE","T AND D SMITH CO LTD","","8300 YANKEE ST","","CENTERVILLE OH 45458","C",0005.18700,0000044570,0000364750,0000409320,0000127350,0001042130,0001169480,"LAND AND BUILDING","NOT VALIDATED","N"
"K46 01722 0004",292,08-JAN-13,000125000.00,"KIMCO MIAMISBURG 714 INC","GARRISON CENTRAL II MALLWOODS LLC","261 291 SPRINGBORO PKWY","GARRISON CENTRAL II MALLWOODS LLC","","1350 AVENUE OF THE AMERICAS STE 9TH FL","","NEW YORK NY 10019","C",0003.23600,0000278440,0000135630,0000414070,0000795540,0000387500,0001183040,"LAND AND BUILDING","NOT VALIDATED","N"
"K48 00715 0028",36,02-JAN-13,000000000.00,"CARLOCK HOLDINGS LLC","CARLOCK JUDITH R","1306 BLACK FOREST DR","CARLOCK JUDITH R","","1306 BLACK FOREST DR","","DAYTON OH 45449","C",0000.00000,0000009270,0000036790,0000046060,0000026490,0000105100,0000131590,"LAND AND BUILDING","NOT VALIDATED","N"
"M57 00108 0012",440,10-JAN-13,000068200.00,"CRJ INVESTMENTS LLC","TISCHLER LISA A","5 N WALNUT ST","TISCHLER LISA A","","904 LARRIWOOD AVE","","DAYTON OH 45429","C",0000.00000,0000011920,0000027150,0000039070,0000034060,0000077580,0000111640,"LAND AND BUILDING","VALID SALE","N"
"M57 00108 0013",440,10-JAN-13,000068200.00,"CRJ INVESTMENTS LLC","TISCHLER LISA A","JEFFERSON ST","TISCHLER LISA A","","904 LARRIWOOD AVE","","DAYTON OH 45429","C",0000.00000,0000008940,0000000000,0000008940,0000025540,0000000000,0000025540,"LAND AND BUILDING","VALID SALE","N"
"N64 00302 0003",341,09-JAN-13,000058000.00,"ROTH STEVEN E AND","STELAR PROPERTIES LLC","2263 W SCHANTZ AVE","STELAR PROPERTIES LLC","","2275 W SCHANTZ AVE","","DAYTON OH 45409","C",0000.00000,0000005580,0000018360,0000023940,0000015940,0000052450,0000068390,"LAND AND BUILDING","VALID SALE","N"
"N64 00309 0109",318,09-JAN-13,000000000.00,"BOSTON FRANK G AND","BOSTON GENEVA E","1101 W DOROTHY LN","BOSTON GENEVA E","","4080 JONATHON MOORE PIKE","","COLUMBUS IN 47201 1240","C",0000.10260,0000006330,0000000820,0000007150,0000018090,0000002340,0000020430,"LAND AND BUILDING","NOT VALIDATED","N"
"N64 00309 0110",333,09-JAN-13,000000000.00,"BOSTON FRANK G AND","BOSTON GENEVA E","1105 DOROTHY LN","BOSTON GENEVA E","","4080 JONATHON MOORE PIKE","","COLUMBUS IN 47201","C",0000.08490,0000005240,0000025410,0000030650,0000014970,0000072590,0000087560,"LAND AND BUILDING","NOT VALIDATED","N"
"N64 00804 0102",218,04-JAN-13,000000000.00,"DUKE BETH AND","PEASE RONALD K","2727 GAYLORD AVE","PEASE RONALD K","","2727 GAYLORD AVE","","DAYTON OH 45410","C",0000.00000,0000004610,0000000000,0000004610,0000013160,0000000000,0000013160,"LAND AND BUILDING","NOT VALIDATED","N"
"N64 00804 0151",218,04-JAN-13,000000000.00,"DUKE BETH AND","PEASE RONALD K","2727 GAYLORD AVE","PEASE RONALD K","","2727 GAYLORD AVE","","DAYTON OH 45410","C",0000.00000,0000004050,0000038240,0000042290,0000011580,0000109260,0000120840,"LAND AND BUILDING","NOT VALIDATED","N"
"N64 01009 0027",150,04-JAN-13,000000000.00,"REVIVAL PROPERTY GROUP LLC","BOEHMKE BRAD","527 WILTSHIRE BLVD","BOEHMKE BRAD","","1408 SCENIC RIVER DR","","DAYTON OH 45415","C",0000.00000,0000009770,0000027250,0000037020,0000027900,0000077870,0000105770,"LAND AND BUILDING","NOT VALIDATED","N"
"N64 01009 0034",149,04-JAN-13,000000000.00,"REVIVAL PROPERTY GROUP LLC","BOEHMKE BRAD","550 TELFORD AVE","BOEHMKE BRAD","","1408 SCENIC RIVER DR","","DAYTON OH 45415","C",0000.00000,0000009770,0000027250,0000037020,0000027900,0000077870,0000105770,"LAND AND BUILDING","NOT VALIDATED","N"
"N64 01009 0036",147,04-JAN-13,000000000.00,"REVIVAL PROPERTY GROUP LLC","BOEHMKE BRAD","538 TELFORD AVE","BOEHMKE BRAD","","1408 SCENIC RIVER DR","","DAYTON OH 45415","C",0000.00000,0000009770,0000027250,0000037020,0000027900,0000077870,0000105770,"LAND AND BUILDING","NOT VALIDATED","N"
"N64 01901 0059",197,04-JAN-13,000175000.00,"CAL-VENT INC","BARTEL V ANTHONY","1333 E STROOP RD","BARTEL V ANTHONY","","10661 FALLS CREEK LN","","DAYTON OH 45458","C",0000.00000,0000017780,0000080830,0000098610,0000050800,0000230930,0000281730,"LAND AND BUILDING","VALID SALE","N"
"N64 03309 0022",462,11-JAN-13,000330000.00,"DONNELLON MCCARTHY INC","LANCE ENTERPRISES LLC","2580 LANCE DR","DONNELLON MCCARTHY INC","","2580 LANCE DR","","DAYTON OH 45409 1512","C",0001.15100,0000026610,0000075560,0000102170,0000076040,0000215890,0000291930,"LAND AND BUILDING","VALID SALE","N"
"N64 04410 0003",387,09-JAN-13,002000000.00,"CENTERVILLE COMMERCIAL","S A MILLER MANAGEMENT LLC","1900 1976 WOODMAN CENTER DR","S A MILLER MANAGEMENT LLC","","1976 WOODMAN CENTER DR","","DAYTON OH 45420","C",0003.78900,0000120590,0000428540,0000549130,0000344550,0001224410,0001568960,"LAND AND BUILDING","VALID SALE","N"
"O67 22424 0001",266,07-JAN-13,000000000.00,"SPHERE INVESTMENTS LTD AND","SPHERE INVESTMENTS LTD ETAL 3","960 1008 MIAMISBURG CENTERVILLE PIKE","SPHERE INVESTMENTS LTD ETAL 3","","4241 MURRELL DR","","DAYTON OH 45429","C",0006.21330,0000327960,0000714950,0001042910,0000937040,0002042720,0002979760,"LAND AND BUILDING","NOT VALIDATED","N"
"O67 28525 0001",334,09-JAN-13,000000000.00,"HERITAGE SUITES OF PEORIA","MIDWEST HERITAGE INN OF DAYTON INC","8035 WASHINGTON VILLAGE DR","MIDWEST HERITAGE INN OF DAYTON INC","","1202 WESTRAC DR","","BIG BEND WI 53103","C",0002.00000,0000141920,0000773200,0000915120,0000405480,0002209130,0002614610,"LAND AND BUILDING","NOT VALIDATED","N"
"O67 28823 0001",39,02-JAN-13,012700000.00,"TOWNSHIP SQUARE ASSOC LTD","TOWNSHIP SQUARE SHOPPING CTR 12 LLC AND","1165 1195 MIAMISBURG CENTREVILLE RD","TOWNSHIP SQUARE SHOPPING CTR 12 LLC AND","TOWNSHIP SQARE SHOPPING CTR 12B LLC","8301 E PRENTICE AVE STE 210","","ENGLEWOOD CO 80111","C",0002.00200,0000189350,0000330730,0000520080,0000540990,0000944950,0001485940,"LAND AND BUILDING","SALE INVOLVING MULTIPLE PARCELS","N"
"O67 28823 0003",39,02-JAN-13,012700000.00,"TOWNSHIP SQUARE ASSOC LTD","TOWNSHIP SQUARE SHOPPING CTR 12 LLC AND","1045 1065 MIAMISBURG CENTERVILLE RD","TOWNSHIP SQUARE SHOPPING CTR 12 LLC AND","TOWNSHIP SQARE SHOPPING CTR 12B LLC","8301 E PRENTICE AVE STE 210","","ENGLEWOOD CO 80111","C",0003.80000,0000263060,0000628500,0000891560,0000751600,0001795710,0002547310,"LAND AND BUILDING","SALE INVOLVING MULTIPLE PARCELS","N"
"O68 00309 0004",89,03-JAN-13,000246176.00,"VOSS REALTY VII LLC","VOSS CHEVROLET INC","LOOP RD","VOSS CHEVROLET INC","","100 LOOP RD","","DAYTON OH 45459","C",0010.94700,0000030900,0000000000,0000030900,0000088280,0000000000,0000088280,"LAND AND BUILDING","VALID SALE","N"
"O68 00309 0012",313,08-JAN-13,011500000.00,"KIMCO COLUMBUS INC","GARRISON CENTRAL II CROSS","201 91 E ALEXANDERSVILLE BELLBROOK RD","GARRISON CENTRAL II CROSS","POINTE LLC","1350 AVENUE OF THE AMERICAS STE 9TH FL","","NEW YORK NY 10019 1935","C",0012.88700,0000248550,0001175740,0001424290,0000710130,0003359250,0004069380,"LAND AND BUILDING","NOT VALIDATED","N"
"O68 00603 0039",46,02-JAN-13,000430000.00,"FFF MANAGEMENT INC","CHICKEN LITTLE REAL","5501 WILMINGTON PIKE","CHICKEN LITTLE REAL","ESTATE LLC","6389 N QUAIL HOLLOW STE STE 101","","MEMPHIS TN 38120","C",0000.99500,0000220170,0000133740,0000353910,0000629070,0000382100,0001011170,"LAND AND BUILDING","VALID SALE","N"
"O68 01013 0020",79,03-JAN-13,000300000.00,"BRINKMAN PROPERTIES LLC","PANTHERA LEO LLC","190 196 LYONS DR","PANTHERA LEO LLC","","P O BOX 293144","","DAYTON OH 45429","C",0000.00000,0000011020,0000074590,0000085610,0000031490,0000213120,0000244610,"LAND AND BUILDING","VALID SALE","N"
"O68 50818 0003",231,07-JAN-13,000170000.00,"PEACOCK BEN AND","AYDELOTT HERBERT M AND","7917 S SUBURBAN RD","AYDELOTT HERBERT M AND","KAREN J","981 EAGLE RUN DR","","DAYTON OH 45458","C",0000.00000,0000028510,0000028440,0000056950,0000081460,0000081260,0000162720,"LAND AND BUILDING","VALID SALE","N"
"O68 50818 0004",236,07-JAN-13,000130000.00,"PEACOCK BENNY AND","AYDELOT HERBERT M AND","7919 S SUBURBAN RD","AYDELOT HERBERT M AND","KAREN J","3981 EAGLE RUN DR","","DAYTON OH 45458","C",0000.00000,0000014300,0000014250,0000028550,0000040850,0000040720,0000081570,"LAND AND BUILDING","VALID SALE","N"
"P70 01218 0012",442,10-JAN-13,000530000.00,"TRANSPORT INTERNATIONAL","STREAM'S EDGE PROPERTIES LLC","8251 EXPANSION WAY","STREAM'S EDGE PROPERTIES LLC","","6450 POE AVE DEPT","","DAYTON OH 45414","C",0005.49300,0000045210,0000220190,0000265400,0000129160,0000629100,0000758260,"LAND AND BUILDING","NOT VALIDATED","N"
"R72 01507 0023",159,04-JAN-13,000000000.00,"ATFH REAL PROPERTY LLC","WENTLAND NORMAN L AND","322 S PATTERSON BLVD","WENTLAND NORMAN L AND","JANET A","345 JUPITER LAKES BLVD","","JUPITER FL 33458","C",0000.00000,0000007760,0000001870,0000009630,0000022180,0000005340,0000027520,"LAND AND BUILDING","NOT VALIDATED","N"
"R72 01507 0024",159,04-JAN-13,000000000.00,"ATFH REAL PROPERTY LLC","WENTLAND NORMAN L AND","322 S PATTERSON BLVD","ATFH REAL PROPERTY LLC","","345 JUPITER LAKES BLVD","","JUPITER FL 33458","C",0000.00000,0000009000,0000188530,0000197530,0000025720,0000538670,0000564390,"LAND AND BUILDING","NOT VALIDATED","N"
"R72 01507 0024",164,04-JAN-13,000000000.00,"WENTLAND NORMAN L AND","ATFH REAL PROPERTY LLC","322 S PATTERSON BLVD","ATFH REAL PROPERTY LLC","","345 JUPITER LAKES BLVD","","JUPITER FL 33458","C",0000.00000,0000009000,0000188530,0000197530,0000025720,0000538670,0000564390,"LAND AND BUILDING","LIQUIDATION/FORECLOSURE","N"
"R72 01803 0073",306,08-JAN-13,000000000.00,"DOWELL TODD","DAYTON CITY OF","37 39 VINE ST","DAYTON CITY OF","LAND REUTILIZATION PROGRAM","101 W THIRD ST","","DAYTON OH 45402","C",0000.00000,0000006720,0000000000,0000006720,0000019200,0000000000,0000019200,"LAND ONLY","LIQUIDATION/FORECLOSURE","N"
"R72 04006 0057",350,09-JAN-13,000228000.00,"LUCKY STAR ENTERPRISES","PAP OIL COMPANY LLC","1035 LINDEN AVE","PAP OIL COMPANY LLC","","4365 LISA DR","","TIPP CITY OH 45371 1220","C",0000.00000,0000019050,0000061880,0000080930,0000054430,0000176800,0000231230,"LAND AND BUILDING","VALID SALE","N"
"R72 04804 0149",25,02-JAN-13,000120000.00,"HOEPER ROSEMARY F","ABUSHANAB SAED K","3420 3RD ST","ABUSHANAB SAED K","","955 BAKERSFIELD CT","","MIAMISBURG OH 45342","C",0000.00000,0000005670,0000031080,0000036750,0000016200,0000088810,0000105010,"LAND AND BUILDING","VALID SALE","N"
"R72 05110 0016",400,10-JAN-13,000000000.00,"HOTOPP RONALD R AND","HOTOPP RONALD R AND","VALLEY ST","RONALD HOTOPP AND BETTY","","3111 CARLTON DR","","VANDALIA OH 45404","C",0000.00000,0000003120,0000000000,0000003120,0000008910,0000000000,0000008910,"LAND AND BUILDING","RELATED INDIVIDUALS OR CORPORATIONS","N"
"R72 05110 0023",400,10-JAN-13,000000000.00,"HOTOPP RONALD R AND","HOTOPP BETTY M","1050 VALLEY ST","THE CHILDREN'S MEDICAL CTR","DAYTON OHIO","1 CHILDREN'S PLZ","","DAYTON OH 45404","C",0000.00000,0000005480,0000004380,0000009860,0000015660,0000012520,0000028180,"LAND AND BUILDING","RELATED INDIVIDUALS OR CORPORATIONS","N"
"R72 05110 0023",401,10-JAN-13,000075000.00,"HOTOPP BETTY M","THE CHILDREN'S MEDICAL CTR","1050 VALLEY ST","THE CHILDREN'S MEDICAL CTR","DAYTON OHIO","1 CHILDREN'S PLZ","","DAYTON OH 45404","C",0000.00000,0000005480,0000004380,0000009860,0000015660,0000012520,0000028180,"LAND AND BUILDING","VALID SALE","N"
"R72 05110 0035",400,10-JAN-13,000000000.00,"HOTOPP RONALD R AND","HOTOPP BETTY M","928 VALLEY ST","HOTOPP BETTY M","","3311 CARLTON DR","","DAYTON OH 45404","C",0000.00000,0000002500,0000006130,0000008630,0000007140,0000017500,0000024640,"LAND AND BUILDING","RELATED INDIVIDUALS OR CORPORATIONS","N"
"R72 06008 0022",152,04-JAN-13,000000000.00,"REVIVAL PROPERTY GROUP LLC","BOEHMKE BRAD","1501 1515 RIVERSIDE DR","BOEHMKE BRAD","","1408 SCENIC RIVER DR","","DAYTON OH 45415","C",0000.00000,0000011150,0000046240,0000057390,0000031850,0000132120,0000163970,"LAND AND BUILDING","NOT VALIDATED","N"
"R72 07010 0023",209,04-JAN-13,000000000.00,"WELLS SHANE","WELLSCORP LLC","229 VICTOR AVE","WELLSCORP LLC","","814 MANHATTAN AVE","","DAYTON OH 45406","C",0000.00000,0000003190,0000010970,0000014160,0000009100,0000031350,0000040450,"LAND AND BUILDING","RELATED INDIVIDUALS OR CORPORATIONS","N"
"R72 08207 0036",395,10-JAN-13,000000000.00,"BIGGS SCOTT WINSTON AND","BIGGS SCOTT WINSTON AND","1819 1841 W 3RD ST","BIGGS SCOTT WINSTON AND","D'ANNA STEPHENSON BIGGS TRUSTEES","28175 MYHRER WAY","","NEVADA CITY CA 95959 3006","C",0000.00000,0000016120,0000149650,0000165770,0000046070,0000427570,0000473640,"LAND AND BUILDING","RELATED INDIVIDUALS OR CORPORATIONS","N"
"R72 08207 0084",395,10-JAN-13,000000000.00,"BIGGS SCOTT WINSTON AND","BIGGS SCOTT WINSTON AND","3RD ST","BIGGS SCOTT WINSTON AND","D'ANNA STEPHENSON BIGGS TRUSTEES","28175 MYHRER WAY","","NEVADA CITY CA 95959 3006","C",0000.23100,0000002320,0000000000,0000002320,0000006640,0000000000,0000006640,"LAND AND BUILDING","RELATED INDIVIDUALS OR CORPORATIONS","N"
"R72 08313 0011",395,10-JAN-13,000000000.00,"BIGGS SCOTT WINSTON AND","BIGGS SCOTT WINSTON AND","JAMES H MCGEE BLVD","BIGGS SCOTT WINSTON AND","D'ANNA STEPHENSON BIGGS TRUSTEES","28175 MYHRER WAY","","NEVADA CITY CA 95959 3006","C",0000.00000,0000003400,0000000000,0000003400,0000009720,0000000000,0000009720,"LAND AND BUILDING","RELATED INDIVIDUALS OR CORPORATIONS","N"
"R72 08801 0050",237,07-JAN-13,000000000.00,"FREEMAN CHERLYN F ET AL 4","SURE FOUNDATION APOSTOLIC","1506 1510 W 3RD ST","SURE FOUNDATION APOSTOLIC","HOLINESS CHURCH","209 S KILMER ST","","DAYTON OH 45417","C",0000.00000,0000001380,0000002840,0000004220,0000003940,0000008120,0000012060,"LAND AND BUILDING","NOT VALIDATED","N"
"R72 13310 0043",513,11-JAN-13,000012500.00,"WELLS FARGO NA","JOHNSON ERICA R AND","1118 1120 CROCUS DR","WELLS FARGO NA","","15480 LAGUNA CANYON RD STE 100","","IRVINE CA 92618","C",0000.00000,0000004620,0000019810,0000024430,0000013200,0000056590,0000069790,"LAND AND BUILDING","NOT VALIDATED","N"
"R72 15603 0036",379,09-JAN-13,000450000.00,"KENNY PROPERTIES LLC","TRANK PROPERTIES LLC","2009 STANLEY","TRANK PROPERTIES LLC","","2009 STANLEY AVE","","DAYTON OH 45404","C",0001.17000,0000029300,0000084390,0000113690,0000083700,0000241110,0000324810,"LAND AND BUILDING","VALID SALE","N"
"R72 16208 0004",261,07-JAN-13,000005000.00,"MARITIME PROPERTIES LLC","CYRUS & TYLER INVESTMENTS INC","3537 OTTERBEIN AVE","CYRUS & TYLER INVESTMENTS INC","","P O BOX 5356","","OAKLAND CA 94605","C",0000.00000,0000004410,0000008610,0000013020,0000012600,0000024590,0000037190,"LAND AND BUILDING","NOT VALIDATED","N"
"R72 16903 0011",185,04-JAN-13,000070000.00,"LAW DOYLE G","ARJA LIMITED PARTNERSHIP I","1475 W RIVER RD","ARJA LIMITED PARTNERSHIP I","","1101 NEGLEY PL","","DAYTON OH 45402","C",0000.96600,0000006490,0000047680,0000054170,0000018550,0000136230,0000154780,"LAND AND BUILDING","VALID SALE","N"
