"PARID","CONVNUM","SALEDTE","PRICE","OLDOWN","OWNERNAME1","PARCELLOCATION","MAILINGNAME1","MAILINGNAME2","PADDR1","PADDR2","PADDR3","CLS","ACRES","TAXLAND","TAXBLDG","TAXTOTAL","ASMTLAND","ASMTBLDG","ASMTTOTL","SALETYPE","SALEVALIDITY","DYTNCRDT"
"D18 00811 0004",833,18-JAN-13,000030000.00,"NAZARENE CHURCH GERMANTOWN","LOWERY SANDRA G","8140 BUTTER ST","LOWERY SANDRA G","","8767 OAK DR","","GERMANTOWN OH 45327","E",0003.00000,0000022740,0000141610,0000164350,0000064980,0000404600,0000469580,"LAND AND BUILDING","NOT VALIDATED","N"
"K45100102 0001",281,08-JAN-13,000000000.00,"SPRINGBORO CITY OF","RG/BG AUSTIN SOUTH LTD","STECH BLVD","RG/BG AUSTIN SOUTH LTD","","10050 INNOVATION DR STE 100","","MIAMISBURG OH 45342 1130","E",0014.20010,0000089460,0000000000,0000089460,0000255600,0000000000,0000255600,"LAND AND BUILDING","NOT VALIDATED","N"
"R72 06808 0022",294,08-JAN-13,000000000.00,"DAYTON CITY OF","HV ACQUISITIONS LLC","701 709 FIVE OAKS AVE","HV ACQUISITIONS LLC","","1201 E FAYETTE ST","","SYRACUSE NY 13210","E",0000.00000,0000009560,0000041660,0000051220,0000027300,0000119040,0000146340,"LAND AND BUILDING","NOT VALIDATED","N"
"R72 14301 0055",702,16-JAN-13,000000000.00,"BOARD OF EDUCATION OF THE","STATE OF OHIO","2201 MAPLEVIEW AVE","STATE OF OHIO","","300 E BROAD ST","","COLUMBUS OH 43215 2612","E",0008.98800,0000159180,0005091030,0005250210,0000454790,0014545790,0015000580,"LAND AND BUILDING","NOT VALIDATED","N"
"R72 14301 0057",698,16-JAN-13,000000000.00,"STATE OF OHIO","BOARD OF EDUCATION OF THE","WAYNE AVE","BOARD OF EDUCATION OF THE","DAYTON CITY SCHOOL DISTRICT","115 S LUDLOW ST","","DAYTON OH 45402","E",0044.08300,0000933460,0004898240,0005831700,0002667020,0013994970,0016661990,"LAND AND BUILDING","NOT VALIDATED","N"
