"PARID","CONVNUM","SALEDTE","PRICE","OLDOWN","OWNERNAME1","PARCELLOCATION","MAILINGNAME1","MAILINGNAME2","PADDR1","PADDR2","PADDR3","CLS","ACRES","TAXLAND","TAXBLDG","TAXTOTAL","ASMTLAND","ASMTBLDG","ASMTTOTL","SALETYPE","SALEVALIDITY","DYTNCRDT"
"A01 00203 0068",222,04-JAN-13,000250000.00,"JD MARINE INC","SMITH GREGREY S AND","3800 LIGHTNER RD","SMITH GREGREY S AND","STEPHANIE M","5486 WORLEY RD","","TIPP CITY OH 45371","C",0001.00000,0000013860,0000066750,0000080610,0000039600,0000190710,0000230310,"LAND AND BUILDING","VALID SALE","N"
"A01 21320 0001",28,02-JAN-13,002950000.00,"RBFFI DAYTON LLC","PH DAYTON LLC","6960 MILLER LN","PH DAYTON LLC","","601 OAKMONT LN STE 420","","WESTMONT IL 60559","C",0002.88700,0000263310,0000577680,0000840990,0000752320,0001650500,0002402820,"LAND AND BUILDING","NOT VALIDATED","N"
"A01 26024 0001",417,10-JAN-13,002045644.00,"DAYTON WINGS NORTH LLC","STORE MASTER FUNDING II LLC","6851 MILLER LN","STORE MASTER FUNDING II LLC","","8501 E PRINCESS DR 190","","SCOTTSDALE AZ 85255","C",0001.21000,0000149430,0000117090,0000266520,0000426930,0000334540,0000761470,"LAND AND BUILDING","NOT VALIDATED","N"
"B02 00705 0009",378,09-JAN-13,000178000.00,"BRUSMAN H DAVID AND","WOLFE PAUL D","1006 STONEY SPRINGS RD","WOLFE PAUL D","","2545 N HUNTINGTON RD","","MARION IN 46952 0000","C",0000.00000,0000009940,0000053010,0000062950,0000028390,0000151470,0000179860,"LAND AND BUILDING","LAND CONTRACT OR UNUSUAL FINANCING","N"
"B02 00720 0009",45,02-JAN-13,000062833.00,"HAROLD LLC","GEARHART JULIA A AND","152 158 BRUSMAN DR","HAROLD LLC","","P O BOX 644","","VANDALIA OH 45377","C",0000.00000,0000009940,0000047790,0000057730,0000028390,0000136540,0000164930,"LAND AND BUILDING","SALE INVOLVING MULTIPLE PARCELS","N"
"C05 00201 0014",1630,05-FEB-13,000000000.00,"JONES DENNIS P","JONES DENNIS P AND","110 SALEM ST","JONES DENNIS P AND","LISA R TRUSTEES","13071 OLD DAYTON RD","","NEW LEBANON OH 45345","C",0000.00000,0000008060,0000038590,0000046650,0000023040,0000110250,0000133290,"LAND AND BUILDING","RELATED INDIVIDUALS OR CORPORATIONS","N"
"E20 01008 0069",1968,08-FEB-13,000120000.00,"NORTHTOWN CENTER LLC","AJR PARTHERS LLC","4301 N MAIN ST","NORTHTOWN CENTER LLC","","201 S THIRD ST","","QUINCY IL 62301","C",0000.80500,0000023560,0000016740,0000040300,0000067320,0000047820,0000115140,"LAND AND BUILDING","VALID SALE","N"
"E20 01106 0049",684,15-JAN-13,000000000.00,"TM FAMILY LIMITED PARTNERSHIP","MURPH THOMAS D TR","4245 4257 DORSET DR","MURPH THOMAS D TR","","4240 PHILADELPHIA DR","","DAYTON OH 45405","C",0000.46900,0000006550,0000026010,0000032560,0000018700,0000074320,0000093020,"LAND AND BUILDING","RELATED INDIVIDUALS OR CORPORATIONS","N"
"E20 01106 0153",1138,25-JAN-13,000115000.00,"3840 BRIAR INC","KINGDOM DEVELOPERS LLC","3840 3854 BRIAR PL","KINGDOM DEVELOPERS LLC","","4705 S DURANGO DR","100-A1","LAS VEGAS NV 89147","C",0000.39400,0000013090,0000068310,0000081400,0000037400,0000195160,0000232560,"LAND AND BUILDING","NOT VALIDATED","N"
"E20 01107 0033",1481,31-JAN-13,000000000.00,"GLASER-ATKINS CAROL J TR ET AL 8","GLASER-ATKINS CAROL J TR ET AL 8","3930 3934 SALEM","MARJORIE GLASER","","2812 STRATON CT","","DAYTON OH 45458","C",0000.88200,0000025650,0000025330,0000050980,0000073280,0000072370,0000145650,"LAND AND BUILDING","RELATED INDIVIDUALS OR CORPORATIONS","N"
"E20 01107 0033",1488,31-JAN-13,000000000.00,"GLASER-ATKINS CAROL J TR ET AL 8","GLASER-ATKINS CAROL J TR ET AL 8","3930 3934 SALEM","MARJORIE GLASER","","2812 STRATON CT","","DAYTON OH 45458","C",0000.88200,0000025650,0000025330,0000050980,0000073280,0000072370,0000145650,"LAND AND BUILDING","RELATED INDIVIDUALS OR CORPORATIONS","N"
"E20 01107 0055",386,09-JAN-13,000010000.00,"ABRAMS MARILYN A AND","DAT OPERATING COMPANY LLC","3586 SALEM AVE","DAT OPERATING COMPANY LLC","","P O BOX 670622","","DALLAS TX 75367 9325","C",0000.04100,0000002150,0000000490,0000002640,0000006150,0000001400,0000007550,"LAND AND BUILDING","NOT VALIDATED","N"
"E20 01107 0083",386,09-JAN-13,000010000.00,"ABRAMS MARILYN AND","DAT OPERATING COMPANY LLC","3586 SALEM AVE","DAT OPERATING COMPANY LLC","","P O BOX 670622","","DALLAS TX 75367 9325","C",0000.25700,0000012820,0000009800,0000022620,0000036620,0000028010,0000064630,"LAND AND BUILDING","NOT VALIDATED","N"
"E20 17004 0099",1539,01-FEB-13,000062500.00,"JACKSON REGINALD","PARKER JAMES L","400 WAMPLER AVE","JACKSON REGINALD","","400 WAMPLER AVE","","DAYTON OH 45405","C",0000.00000,0000006550,0000024050,0000030600,0000018700,0000068710,0000087410,"LAND AND BUILDING","LIQUIDATION/FORECLOSURE","N"
"E20 17101B0144",683,15-JAN-13,000035750.00,"SHNAYDER EDWARD S","ADAM KYCE LLC AND","3688 3694 SALEM AVE","ADAM KYCE LLC AND","8866 SHOURA DEERVALLEY LLC","534 S SMITHVILLE RD","","DAYTON OH 45403","C",0000.00000,0000014350,0000030860,0000045210,0000040990,0000088160,0000129150,"LAND AND BUILDING","VALID SALE","N"
"E20 17101B0149",1541,01-FEB-13,000025000.00,"DAVIS GILES J SR FAMILY TRUST","IBRAHIM FAHAD","3736 SALEM AVE","DAVIS GILES J SR FAMILY TRUST","","108 S MAIN STREET","","TIPP CITY OH 45371","C",0000.00000,0000014340,0000009730,0000024070,0000040960,0000027790,0000068750,"LAND AND BUILDING","VALID SALE","N"
"E20 24108 0010",1191,28-JAN-13,000036000.00,"152 CROMWELL INC","FEDERAL NATIONAL MORTGAGE ASS","152 CROMWELL PL","FEDERAL NATIONAL MORTGAGE ASS","","P O BOX 650043","","DALLAS TX 75265","C",0000.00000,0000006550,0000038440,0000044990,0000018700,0000109820,0000128520,"LAND AND BUILDING","LIQUIDATION/FORECLOSURE","N"
"E20 24319 0018",1802,06-FEB-13,000000000.00,"CRYSTAL COAST INVESTMENTS","DOWNS DARON L","4367 FAIR OAKS RD","DOWNS DARON L","","13141 TAMMY MARIE LN","","SAINT PARIS OH 43072 1118","C",0000.00000,0000009820,0000039020,0000048840,0000028050,0000111490,0000139540,"LAND AND BUILDING","NOT VALIDATED","N"
"E20 24319 0019",1801,06-FEB-13,000000000.00,"CRYSTAL COAST INVESTMENTS","DOWNS DARON L","4361 FAIR OAKS RD","DOWNS DARON L","","13141 TAMMY MARIE LN APT 109","","SAINT PARIS OH 43072 1118","C",0000.00000,0000009820,0000039430,0000049250,0000028050,0000112660,0000140710,"LAND AND BUILDING","NOT VALIDATED","N"
"E20 24319 0020",1800,06-FEB-13,000000000.00,"CRYSTAL COAST INVESTMENTS LLC","DOWNS DARON L","4355 FAIR OAKS RD","DOWNS DARON L","","13141 TAMMY MARIE LN APT 109","","SAINT PARIS OH 43072","C",0000.00000,0000009820,0000039430,0000049250,0000028050,0000112660,0000140710,"LAND AND BUILDING","NOT VALIDATED","N"
"E20 24414 0001",841,18-JAN-13,000000000.00,"QUALEY THOMAS K","GOOD SAMARITAN HOSPITAL","80 E WOODBURY DR","GOOD SAMARITAN HOSPITAL","","110 N MAIN ST STE 1200","","DAYTON OH 45402","C",0001.19000,0000022440,0000247010,0000269450,0000064110,0000705750,0000769860,"LAND AND BUILDING","NOT VALIDATED","N"
"E21 01003 0012",1969,08-FEB-13,000065000.00,"MULLINS CLEO TR","JAMROCH AUTOMOTIVE LLC","5950 N DIXIE DR","MULLINS CLEO TR","","7135 SALEM CROSSING PL","","ENGLEWOOD OH 45322","C",0000.89700,0000028620,0000017350,0000045970,0000081760,0000049560,0000131320,"LAND AND BUILDING","NOT VALIDATED","N"
"E21 01004 0139",455,11-JAN-13,000140000.00,"COLEMAN BENJAMIN C AND","TANGY COURT LLC","2713 2725 TANGY CT","TANGY COURT LLC","","20 W 20TH ST STE 901","","NEW YORK NY 10011","C",0000.78200,0000030490,0000109000,0000139490,0000087120,0000311420,0000398540,"LAND AND BUILDING","VALID SALE","N"
"E21 17302 0006",1095,24-JAN-13,000010000.00,"SITES FOR INDUSTRY INC","RIFE RICHARD L","KEARNS AVE","RIFE RICHARD L","","2391 KEARNS AVE","","DAYTON OH 45414","C",0000.00000,0000015710,0000000000,0000015710,0000044880,0000000000,0000044880,"LAND ONLY","NOT VALIDATED","N"
"E21 24409 0002",296,08-JAN-13,000000000.00,"J & J PROPERTY","5700 WEBSTER LLC","5700 WEBSTER ST","5700 WEBSTER LLC","","8306 OLD WOODS CT","","SPRINGBORO OH 45066","C",0001.53700,0000019280,0000057570,0000076850,0000055090,0000164490,0000219580,"LAND AND BUILDING","NOT VALIDATED","N"
"G27 01801 0099",1532,01-FEB-13,000035000.00,"WATTS ERICA","JJT AUTO SALES LLC","5800 GERMANTOWN PIKE","WATTS ERICA","","1343 BELLE GROVE CIR","","CHARLESTON SC 29410","C",0001.65000,0000003730,0000012940,0000016670,0000010670,0000036970,0000047640,"LAND AND BUILDING","VALID SALE","N"
"H33 00215 0007",1217,28-JAN-13,000062500.00,"BOEHMKE BRAD AND","SPARTAN REAL ESTATE INVESTMENTS LLC","408 414 BURMAN AVE","REVIVAL PROPERTY GROUP LLC","","PO BOX 5943","","DAYTON OH 45405","C",0000.00000,0000007560,0000018630,0000026190,0000021600,0000053240,0000074840,"LAND AND BUILDING","NOT VALIDATED","N"
"H33 00305 0015",686,15-JAN-13,000000000.00,"DAVEL SUNRISE PROPERTIES LLC","MONTGOMERY COUNTY LAND","MAIN & PERRY","DAYTON OHIO HABITAT FOR","HUMANITY INC","3534 LINDEN AVE","","DAYTON OH 45410","C",0000.00000,0000004610,0000011670,0000016280,0000013160,0000033340,0000046500,"LAND AND BUILDING","NOT VALIDATED","N"
"H33 00305 0015",687,15-JAN-13,000000000.00,"MONTGOMERY COUNTY LAND","DAYTON OHIO HABITAT FOR","MAIN & PERRY","DAYTON OHIO HABITAT FOR","HUMANITY INC","3534 LINDEN AVE","","DAYTON OH 45410","C",0000.00000,0000004610,0000011670,0000016280,0000013160,0000033340,0000046500,"LAND AND BUILDING","NOT VALIDATED","N"
"H33 00602 0001",273,08-JAN-13,000317000.00,"RIVER HOLDING COMPANY LLC","PRIME PROPERTIES LLC","30 COFFMAN AVE","PRIME PROPERTIES LLC","","7299 1/2 DAYTON SPRINGFIELD RD","","ENON OH 45323","C",0000.40500,0000011340,0000052900,0000064240,0000032400,0000151130,0000183530,"LAND AND BUILDING","VALID SALE","N"
"H33 00602 0002",273,08-JAN-13,000317000.00,"RIVER HOLDING COMPANY LLC","PRIME PROPERTIES LLC","315 325 HILLVIEW CT","PRIME PROPERTIES LLC","","7299 1/2 DAYTON SPRINGFIELD RD","","ENON OH 45323","C",0000.90500,0000022680,0000105790,0000128470,0000064800,0000302260,0000367060,"LAND AND BUILDING","VALID SALE","N"
"H33 01711 0001",273,08-JAN-13,000317000.00,"RIVER HOLDING COMPANY LLC","PRIME PROPERTIES LLC","335 HILLVIEW CT","PRIME PROPERTIES LLC","","7299 1/2 DAYTON SPRINGFIELD RD","","ENON OH 45323","C",0000.69600,0000009450,0000044750,0000054200,0000027000,0000127870,0000154870,"LAND AND BUILDING","VALID SALE","N"
"H33 02111 0005",312,08-JAN-13,001250000.00,"KIMCO OF OHIO INC","GARRISON CENTRAL II SHILOH SPRINGS LLC","5111 SALEM AVE","GARRISON CENTRAL II SHILOH SPRINGS LLC","","1350 AVE OF THE AMERICAS 9TH FL","","NEW YORK NY 10019 1210","C",0021.89050,0000436150,0000457880,0000894030,0001246140,0001308230,0002554370,"LAND AND BUILDING","NOT VALIDATED","N"
"H33 02111 0050",314,08-JAN-13,002500000.00,"KIMCO COLUMBUS INC","GARRISON CENTRAL II","5114 SALEM AVE","GARRISON CENTRAL II","SALEM PLAZA LLC","1350 AVENUE OF THE AMERICAS STE 9TH FL","","NEW YORK NY 10019 1935","C",0016.85500,0000337790,0000573760,0000911550,0000965100,0001639310,0002604410,"LAND AND BUILDING","NOT VALIDATED","N"
"H33300812 0054",750,16-JAN-13,000000000.00,"O'REGGIO ERROL AND","HAUGHTON KEVIN","W 3RD ST","HAUGHTON KEVIN","","6766 W SANDY DR","","DAYTON OH 45426","C",0000.00000,0000001870,0000000940,0000002810,0000005340,0000002690,0000008030,"LAND AND BUILDING","SALE INVOLVING MULTIPLE PARCELS","N"
"H33300812 0055",750,16-JAN-13,000000000.00,"O'REGGIO ERROL AND","HAUGHTON KEVIN","5683 W 3RD ST","DEBORAH AND ERROL O'REGGIO","","1034 W 1ST ST","","DAYTON OH 45402","C",0000.00000,0000001880,0000007000,0000008880,0000005380,0000019990,0000025370,"LAND AND BUILDING","SALE INVOLVING MULTIPLE PARCELS","N"
"H33300814 0048",627,15-JAN-13,000000000.00,"COE CARL","GABBARD DANNY J","W 3RD ST","GABBARD DANNY J","","6149 W THIRD ST","","DAYTON OH 45427","C",0000.00000,0000001350,0000000000,0000001350,0000003860,0000000000,0000003860,"LAND ONLY","SALE INVOLVING MULTIPLE PARCELS","N"
"H33402307 0019",2,02-JAN-13,000146000.00,"PHILLIPS PHYLLIS J","MERTZ GEORGE","9005 ST RT 35","MERTZ GEORGE","","9057 W 3RD ST","","DAYTON OH 45417","C",0012.50400,0000017400,0000015880,0000033280,0000049710,0000045380,0000095090,"LAND AND BUILDING","VALID SALE","N"
"I39 00123 0015",1322,29-JAN-13,000000000.00,"LYTLE JOHN H III AND","LYTLE JOHN H III AND","AIRWAY RD","LYTLE JOHN H III AND","TERESA L TR","1214 LYTLE RD","","DAYTON OH 45409 2854","C",0000.00000,0000008670,0000000000,0000008670,0000024760,0000000000,0000024760,"LAND AND BUILDING","NOT VALIDATED","N"
"I39 00123 0016",1322,29-JAN-13,000000000.00,"LYTLE JOHN H III AND","LYTLE JOHN H III AND","4814 4816 AIRWAY RD","LYTLE JOHN H III AND","TERESA L TR","1214 LYTLE RD","","DAYTON OH 45409 2854","C",0000.00000,0000011560,0000006050,0000017610,0000033020,0000017280,0000050300,"LAND AND BUILDING","NOT VALIDATED","N"
"I39 00124 0001",1322,29-JAN-13,000000000.00,"LYTLE JOHN H III AND","LYTLE JOHN H III AND","4816 AIRWAY RD","LYTLE JOHN H III AND","TERESA L TR","1214 LYTLE RD","","DAYTON OH 45409 2854","C",0000.00000,0000008670,0000000000,0000008670,0000024760,0000000000,0000024760,"LAND AND BUILDING","NOT VALIDATED","N"
"I39 00203 0053",558,14-JAN-13,000120000.00,"HARSHMAN PROPERTIES","2009 HARSHMAN ROAD LLC","VALLEY PIKE","2009 HARSHMAN ROAD LLC","","11930 KEMPER SPRINGS RD","","DAYTON OH 45404","C",0000.56800,0000016430,0000000000,0000016430,0000046950,0000000000,0000046950,"LAND AND BUILDING","VALID SALE","N"
"I39 00902 0012",1687,05-FEB-13,000000000.00,"AMERICAN LEGION POST 776","AMERICAN LEGION POST 776","5395 BURKHARDT RD","AMERICAN LEGION POST 776","","5350 BURKHARDT RD","","DAYTON OH 45431","C",0000.14300,0000003990,0000001180,0000005170,0000011390,0000003370,0000014760,"LAND AND BUILDING","RELATED INDIVIDUALS OR CORPORATIONS","N"
"I39 01002 0060",139,03-JAN-13,000200000.00,"LSS PROPERTIES LTD","LSS PROPERTIES LTD","4321 4325 AIRWAY RD","LSS PROPERTIES LTD","","1408 WATERVLIET AVE","","DAYTON OH 45410 2263","C",0000.00000,0000008830,0000000000,0000008830,0000025230,0000000000,0000025230,"LAND AND BUILDING","VALID SALE","N"
"I39 01002 0061",139,03-JAN-13,000200000.00,"LSS PROPERTIES LTD","LSS PROPERTIES LTD","4323 4327 AIRWAY RD","LSS PROPERTIES LTD","","1408 WATERVLIET AVE","","DAYTON OH 45410 2263","C",0000.00000,0000006950,0000029690,0000036640,0000019860,0000084840,0000104700,"LAND AND BUILDING","VALID SALE","N"
"I39 01002 0062",139,03-JAN-13,000200000.00,"LSS PROPERTIES LTD","LSS PROPERTIES LTD","AIRWAY RD","LSS PROPERTIES LTD","","1408 WATERVLIET AVE","","DAYTON OH 45410 2263","C",0000.00000,0000001300,0000000000,0000001300,0000003720,0000000000,0000003720,"LAND AND BUILDING","VALID SALE","N"
"I39 01002 0063",139,03-JAN-13,000200000.00,"LSS PROPERTIES LTD","LSS PROPERTIES LTD","4313 AIRWAY RD","LSS PROPERTIES LTD","","1408 WATERVLIET AVE","","DAYTON OH 45410 2263","C",0000.00000,0000005310,0000024420,0000029730,0000015180,0000069760,0000084940,"LAND AND BUILDING","VALID SALE","N"
"I39 01002 0064",139,03-JAN-13,000200000.00,"LSS PROPERTIES LTD","LSS PROPERTIES LTD","AIRWAY RD","LSS PROPERTIES LTD","","1408 WATERVLIET AVE","","DAYTON OH 45410 2263","C",0000.00000,0000007490,0000000000,0000007490,0000021390,0000000000,0000021390,"LAND AND BUILDING","VALID SALE","N"
"I39401506 0043",1578,04-FEB-13,000042000.00,"WALNUT GROVE COUNTRY CLUB","VIOLETTE MICHAEL AND","WENRICK DR","WALNUT GROVE COUNTRY CLUB","INC","5050 LINDEN AVE","","DAYTON OH 45432 1872","C",0000.58000,0000004190,0000000230,0000004420,0000011980,0000000650,0000012630,"LAND AND BUILDING","NOT VALIDATED","N"
"J44 04103 0157",346,09-JAN-13,000485000.00,"MDJ INVESTMENTS LLC AND","KMSI INVESTMENTS LTD","KETTERING BLVD","KMSI INVESTMENTS LTD","","660 FAME RD","","DAYTON OH 45449","C",0000.82500,0000041290,0000080960,0000122250,0000117970,0000231310,0000349280,"LAND AND BUILDING","NOT VALIDATED","N"
"J44104112 0020",289,08-JAN-13,000000000.00,"DIALYSIS CENTERS OF DAYTON","MIAMI VALLEY HOSPITAL","4711 S DIXIE DR","MIAMI VALLEY HOSPITAL","","1 WYOMING ST","","DAYTON OH 45409","C",0000.50700,0000030820,0000004080,0000034900,0000088050,0000011660,0000099710,"LAND AND BUILDING","NOT VALIDATED","N"
"J44104112 0022",289,08-JAN-13,000000000.00,"DIALYSIS CENTERS OF DAYTON","MIAMI VALLEY HOSPITAL","SPRINGBORO PIKE","MIAMI VALLEY HOSPITAL","","1 WYOMING ST","","DAYTON OH 45409","C",0000.00000,0000006520,0000000000,0000006520,0000018620,0000000000,0000018620,"LAND AND BUILDING","NOT VALIDATED","N"
"K45 02604 0006",1293,29-JAN-13,000000000.00,"CENTRO NP HOLDINGS","BRIXMOR HOLDINGS 10 SPE LLC","2004 2040 ST RT 725","BRIXMOR HOLDINGS 10 SPE LLC","","P O BOX 4900 FL 124","","SCOTTSDALE AZ 85261","C",0001.00000,0000132700,0000166830,0000299530,0000379140,0000476650,0000855790,"LAND AND BUILDING","NOT VALIDATED","N"
"K45 02604 0071",1293,29-JAN-13,000000000.00,"CENTRO NP HOLDINGS","BRIXMOR HOLDINGS 10 SPE LLC","2022 2278 MIAMISBURG CENTERVILLE RD","BRIXMOR HOLDINGS 10 SPE LLC","","P O BOX 4900 FL 124","","SCOTTSDALE AZ 85261","C",0026.74840,0001969530,0004315190,0006284720,0005627240,0012329100,0017956340,"LAND AND BUILDING","NOT VALIDATED","N"
"K45 02604 0090",1293,29-JAN-13,000000000.00,"CENTRO NP HOLDINGS","BRIXMOR HOLDINGS 10 SPE LLC","2240 MIAMISBURG CENTERVILLE RD","BRIXMOR HOLDINGS 10 SPE LLC","","P O BOX 4900 FL 124","","SCOTTSDALE AZ 85261","C",0000.60700,0000078660,0000002670,0000081330,0000224750,0000007640,0000232390,"LAND AND BUILDING","NOT VALIDATED","N"
"K45 02604 0097",1293,29-JAN-13,000000000.00,"CENTRO NP HOLDINGS","BRIXMOR HOLDINGS 10 SPE LLC","SOUTHWIND DR","BRIXMOR HOLDINGS 10 SPE LLC","","P O BOX 4900 FL 124","","SCOTTSDALE AZ 85261","C",0000.02400,0000000000,0000000000,0000000000,0000000000,0000000000,0000000000,"LAND AND BUILDING","NOT VALIDATED","N"
"K45 02605 0046",286,08-JAN-13,000000000.00,"MONTGOMERY COUNTY TRANSPORTATION","RG/BG AUSTIN SOUTH LTD","AUSTIN BLVD","RG/BG AUSTIN SOUTH LTD","","10050 INNOVATION DR STE 100","","MIAMISBURG OH 45342 9105","C",0003.46000,0000016500,0000000000,0000016500,0000047140,0000000000,0000047140,"LAND AND BUILDING","NOT VALIDATED","N"
"K45 02605 0094",283,08-JAN-13,000000000.00,"AUSTIN LANDING GARAGE LTD AND","AUSTIN LANDING GARAGE LTD","10200 INNOVATION DR","AUSTIN LANDING GARAGE LTD","","10050 INNOVATION DR STE 100","","MIAMISBURG OH 45342","C",0002.73990,0000089180,0000000000,0000089180,0000254810,0000000000,0000254810,"LAND AND BUILDING","NOT VALIDATED","N"
"K45 23025 0001",439,10-JAN-13,000000000.00,"T AND D SMITH CO LTD","T AND D SMITH CO LTD","10500 SPRINGBORO PIKE","T AND D SMITH CO LTD","","8300 YANKEE ST","","CENTERVILLE OH 45458","C",0005.18700,0000044570,0000364750,0000409320,0000127350,0001042130,0001169480,"LAND AND BUILDING","NOT VALIDATED","N"
"K46 00219 0074",780,17-JAN-13,000000000.00,"HARRISON JOE R","STAR CITY LAND DEVELOPMENT","130 N FIRST ST","STAR CITY LAND DEVELOPMENT","ENTERPRISES LLC","110 E LINDEN AVE","","MIAMISBURG OH 45342","C",0000.00000,0000001240,0000018020,0000019260,0000003550,0000051480,0000055030,"LAND AND BUILDING","NOT VALIDATED","N"
"K46 00326 0023",846,18-JAN-13,000000000.00,"HARRISON JOE R","JOE & RITA LLC","110 S SECOND ST","JOE & RITA LLC","","110 E LINDEN AVE","","MIAMISBURG OH 45342","C",0000.00000,0000007570,0000027450,0000035020,0000021630,0000078420,0000100050,"LAND AND BUILDING","NOT VALIDATED","N"
"K46 00326 0040",846,18-JAN-13,000000000.00,"HARRISON JOE R","JOE & RITA LLC","S THIRD ST","JOE & RITA LLC","","110 E LINDEN AVE","","MIAMISBURG OH 45342","C",0000.00000,0000004590,0000016340,0000020930,0000013100,0000046690,0000059790,"LAND AND BUILDING","NOT VALIDATED","N"
"K46 00327 0057",842,18-JAN-13,000000000.00,"HARRISON JOE R","JOE & RITA LLC","21 S MAIN ST","JOE & RITA LLC","","110 E LINDEN AVE","","MIAMISBURG OH 45342 2839","C",0000.00000,0000004440,0000013410,0000017850,0000012680,0000038310,0000050990,"LAND AND BUILDING","NOT VALIDATED","N"
"K46 00327 0059",844,18-JAN-13,000000000.00,"HARRISON JOE R","JOE & RITA LLC","23 27 MAIN ST","JOE & RITA LLC","","110 E LINDEN AVE","","MIAMISBURG OH 45342 2839","C",0000.00000,0000008670,0000000000,0000008670,0000024770,0000000000,0000024770,"LAND ONLY","NOT VALIDATED","N"
"K46 00327 0060",843,18-JAN-13,000000000.00,"HARRISON JOE R","JOE & RITA LLC","29 MAIN ST","JOE & RITA LLC","","110 E LINDEN AVE","","MIAMISBURG OH 45342","C",0000.00000,0000004020,0000000000,0000004020,0000011480,0000000000,0000011480,"LAND AND BUILDING","NOT VALIDATED","N"
"K46 00327 0061",777,17-JAN-13,000000000.00,"HARRISON JOE R","STAR CITY LAND DEVELOPMENT","33 S MAIN ST","STAR CITY LAND DEVELOPMENT","ENTERPRISES LLC","110 E LINDEN AVE","","MIAMISBURG OH 45342","C",0000.00000,0000012260,0000017670,0000029930,0000035030,0000050490,0000085520,"LAND AND BUILDING","RELATED INDIVIDUALS OR CORPORATIONS","N"
"K46 00327 0062",794,17-JAN-13,000000000.00,"HARRISON JOE R","JRKB LLC","41 MAIN ST","JRKB LLC","","110 E LINDEN AVE","","MIAMISBURG OH 45342 2841","C",0000.00000,0000008460,0000035670,0000044130,0000024160,0000101920,0000126080,"LAND AND BUILDING","NOT VALIDATED","N"
"K46 00327 0063",774,17-JAN-13,000000000.00,"HARRISON JOE R","STAR CITY LAND DEVELOPMENT","45 S MAIN ST","STAR CITY LAND DEVELOPMENT","ENTERPRISES LLC","110 E LINDEN AVE","","MIAMISBURG OH 45342","C",0000.00000,0000004020,0000018530,0000022550,0000011480,0000052950,0000064430,"LAND AND BUILDING","NOT VALIDATED","N"
"K46 00327 0065",782,17-JAN-13,000000000.00,"HARRISON JOE R","STAR CITY LAND DEVELOPMENT","57 59 S MAIN ST","STAR CITY LAND DEVELOPMENT","ENTERPRISES LLC","110 E LINDEN AVE","","MIAMISBURG OH 45342 1125","C",0000.00000,0000009300,0000043040,0000052340,0000026580,0000122980,0000149560,"LAND AND BUILDING","NOT VALIDATED","N"
"K46 00327 0146",774,17-JAN-13,000000000.00,"HARRISON JOE R","STAR CITY LAND DEVELOPMENT","MAIN ST","STAR CITY LAND DEVELOPMENT","ENTERPRISES LLC","110 E LINDEN AVE","","MIAMISBURG OH 45342","C",0000.00000,0000001410,0000000000,0000001410,0000004040,0000000000,0000004040,"LAND AND BUILDING","NOT VALIDATED","N"
"K46 00330 0019",840,18-JAN-13,000000000.00,"HARRISON JOE R","ALCOR PROPERTIES LLC","233 SECOND ST","ALCOR PROPERTIES LLC","","110 E LINDEN AVE","","MIAMISBURG OH 45342","C",0000.00000,0000019270,0000026790,0000046060,0000055060,0000076540,0000131600,"LAND AND BUILDING","NOT VALIDATED","N"
"K46 00330 0024",839,18-JAN-13,000000000.00,"HARRISON JOE R AND","ALCOR PROPERTIES LLC","110 E LINDEN AVE","ALCOR PROPERTIES LLC","","110 E LINDEN AVE","","MIAMISBURG OH 45342","C",0000.00000,0000004410,0000017480,0000021890,0000012610,0000049950,0000062560,"LAND AND BUILDING","NOT VALIDATED","N"
"K46 01015 0001",816,17-JAN-13,000145000.00,"US BANK NATIONAL ASSOC TR","COLLINS HELEN","621 CHERRY HILL DR","COLLINS HELEN","","632 LAKEWOOD CIR","","COLORADO SPRINGS CO 80910 4821","C",0000.00000,0000008820,0000037720,0000046540,0000025200,0000107770,0000132970,"LAND AND BUILDING","NOT VALIDATED","N"
"K46 01015 0002",816,17-JAN-13,000145000.00,"US BANK NATIONAL ASSOC TR","COLLINS HELEN","609 CHERRY HILL DR","COLLINS HELEN","","632 LAKEWOOD CIR","","COLORADO SPRINGS CO 80910 4821","C",0000.00000,0000008820,0000037720,0000046540,0000025200,0000107770,0000132970,"LAND AND BUILDING","NOT VALIDATED","N"
"K46 01722 0004",292,08-JAN-13,000125000.00,"KIMCO MIAMISBURG 714 INC","GARRISON CENTRAL II MALLWOODS LLC","261 291 SPRINGBORO PKWY","GARRISON CENTRAL II MALLWOODS LLC","","1350 AVENUE OF THE AMERICAS STE 9TH FL","","NEW YORK NY 10019","C",0003.23600,0000278440,0000135630,0000414070,0000795540,0000387500,0001183040,"LAND AND BUILDING","NOT VALIDATED","N"
"K48 00105 0076",1287,29-JAN-13,000000000.00,"EBY MARVIN A","WILSON ANGELIA","211 CENTRAL AVE","WILSON ANGELIA","","27 E SHANNON AVE","","DAYTON OH 45449","C",0000.00000,0000011800,0000001740,0000013540,0000033720,0000004970,0000038690,"LAND AND BUILDING","SALE INVOLVING MULTIPLE PARCELS","N"
"K48 00715 0028",36,02-JAN-13,000000000.00,"CARLOCK HOLDINGS LLC","CARLOCK JUDITH R","1306 BLACK FOREST DR","CARLOCK JUDITH R","","5572 OAK VALLEY RD","","DAYTON OH 45440","C",0000.00000,0000009270,0000036790,0000046060,0000026490,0000105100,0000131590,"LAND AND BUILDING","NOT VALIDATED","N"
"L52 00102 0014",1734,05-FEB-13,000000000.00,"JONES DENNIS P","JONES DENNIS P AND","201 207 WEAVER ST","JONES DENNIS P AND","LISA R JONES TRUSTEES","13071 OLD DAYTON RD","","NEW LEBANON OH 45345","C",0000.00000,0000006650,0000018360,0000025010,0000019000,0000052470,0000071470,"LAND AND BUILDING","RELATED INDIVIDUALS OR CORPORATIONS","N"
"L54 00403 0001",1630,05-FEB-13,000000000.00,"JONES DENNIS P","JONES DENNIS P AND","WESTBROOK RD","JONES DENNIS P AND","LISA R TRUSTEES","13071 OLD DAYTON RD","","NEW LEBANON OH 45345","C",0000.92600,0000003440,0000008850,0000012290,0000009820,0000025280,0000035100,"LAND AND BUILDING","RELATED INDIVIDUALS OR CORPORATIONS","N"
"M57 00108 0012",440,10-JAN-13,000068200.00,"CRJ INVESTMENTS LLC","TISCHLER LISA A","5 N WALNUT ST","TISCHLER LISA A","","904 LARRIWOOD AVE","","DAYTON OH 45429","C",0000.00000,0000011920,0000027150,0000039070,0000034060,0000077580,0000111640,"LAND AND BUILDING","VALID SALE","N"
"M57 00108 0013",440,10-JAN-13,000068200.00,"CRJ INVESTMENTS LLC","TISCHLER LISA A","JEFFERSON ST","TISCHLER LISA A","","904 LARRIWOOD AVE","","DAYTON OH 45429","C",0000.00000,0000008940,0000000000,0000008940,0000025540,0000000000,0000025540,"LAND AND BUILDING","VALID SALE","N"
"M58 00103 0089",1401,30-JAN-13,000966455.00,"MARTINDALE LTD","MEADOWS OF MARTINDALE UNION LLC","226 W MARTINDALE RD","OBERER COMPANIES","","3475 NEWMARK DR","","DAYTON OH 45342","C",0003.60100,0000047250,0000173880,0000221130,0000135000,0000496800,0000631800,"LAND AND BUILDING","NOT VALIDATED","N"
"N64 00302 0003",341,09-JAN-13,000058000.00,"ROTH STEVEN E AND","STELAR PROPERTIES LLC","2263 W SCHANTZ AVE","STELAR PROPERTIES LLC","","2275 W SCHANTZ AVE","","DAYTON OH 45409","C",0000.00000,0000005580,0000018360,0000023940,0000015940,0000052450,0000068390,"LAND AND BUILDING","VALID SALE","N"
"N64 00309 0109",318,09-JAN-13,000000000.00,"BOSTON FRANK G AND","BOSTON GENEVA E","1101 W DOROTHY LN","BOSTON GENEVA E","","4080 JONATHON MOORE PIKE","","COLUMBUS IN 47201 1240","C",0000.10260,0000006330,0000000820,0000007150,0000018090,0000002340,0000020430,"LAND AND BUILDING","NOT VALIDATED","N"
"N64 00309 0110",333,09-JAN-13,000000000.00,"BOSTON FRANK G AND","BOSTON GENEVA E","1105 DOROTHY LN","BOSTON GENEVA E","","4080 JONATHON MOORE PIKE","","COLUMBUS IN 47201","C",0000.08490,0000005240,0000025410,0000030650,0000014970,0000072590,0000087560,"LAND AND BUILDING","NOT VALIDATED","N"
"N64 00801 0087",1481,31-JAN-13,000000000.00,"GLASER-ATKINS CAROL J ET AL 8","GLASER-ATKINS CAROL J TR ET AL 8","2505 WILMINGTON PIKE","MARJORIE GLASER","","2812 STRATON CT","","DAYTON OH 45458","C",0000.00000,0000015470,0000072990,0000088460,0000044190,0000208530,0000252720,"LAND AND BUILDING","RELATED INDIVIDUALS OR CORPORATIONS","N"
"N64 00801 0087",1136,25-JAN-13,000000000.00,"GLASER-ATKINS CAROL J TR ET AL 7","GLASER-ATKINS CAROL J TR ET AL 6","2505 WILMINGTON PIKE","MARJORIE GLASER","","2812 STRATON CT","","DAYTON OH 45458","C",0000.00000,0000015470,0000072990,0000088460,0000044190,0000208530,0000252720,"LAND AND BUILDING","NOT VALIDATED","N"
"N64 00801 0087",1488,31-JAN-13,000000000.00,"GLASER-ATKINS CAROL J TR ET AL 8","GLASER-ATKINS CAROL J TR ET AL 8","2505 WILMINGTON PIKE","MARJORIE GLASER","","2812 STRATON CT","","DAYTON OH 45458","C",0000.00000,0000015470,0000072990,0000088460,0000044190,0000208530,0000252720,"LAND AND BUILDING","RELATED INDIVIDUALS OR CORPORATIONS","N"
"N64 00801 0102",1488,31-JAN-13,000000000.00,"GLASER-ATKINS CAROL J TR ET AL 8","GLASER-ATKINS CAROL J TR ET AL 8","CIRCLE VIEW DR","MARJORIE GLASER","","2812 STRATON CT","","DAYTON OH 45458","C",0000.00000,0000012030,0000001190,0000013220,0000034370,0000003400,0000037770,"LAND AND BUILDING","RELATED INDIVIDUALS OR CORPORATIONS","N"
"N64 00801 0102",1481,31-JAN-13,000000000.00,"GLASER-ATKINS CAROL J TR ET AL 8","GLASER-ATKINS CAROL J TR ET AL 8","CIRCLE VIEW DR","MARJORIE GLASER","","2812 STRATON CT","","DAYTON OH 45458","C",0000.00000,0000012030,0000001190,0000013220,0000034370,0000003400,0000037770,"LAND AND BUILDING","RELATED INDIVIDUALS OR CORPORATIONS","N"
"N64 00801 0103",1481,31-JAN-13,000000000.00,"GLASER-ATKINS CAROL J TR ET AL 8","GLASER-ATKINS CAROL J TR ET AL 8","CIRCLE VIEW DR","MARJORIE GLASER","","2812 STRATON CT","","DAYTON OH 45458","C",0000.00000,0000011140,0000001480,0000012620,0000031840,0000004230,0000036070,"LAND AND BUILDING","RELATED INDIVIDUALS OR CORPORATIONS","N"
"N64 00801 0103",1488,31-JAN-13,000000000.00,"GLASER-ATKINS CAROL J TR ET AL 8","GLASER-ATKINS CAROL J TR ET AL 8","CIRCLE VIEW DR","MARJORIE GLASER","","2812 STRATON CT","","DAYTON OH 45458","C",0000.00000,0000011140,0000001480,0000012620,0000031840,0000004230,0000036070,"LAND AND BUILDING","RELATED INDIVIDUALS OR CORPORATIONS","N"
"N64 00801 0104",1481,31-JAN-13,000000000.00,"GLASER-ATKINS CAROL J TR ET AL 8","GLASER-ATKINS CAROL J TR ET AL 8","CIRCLE VIEW DR","MARJORIE GLASER","","2812 STRATON CT","","DAYTON OH 45458","C",0000.00000,0000010100,0000001320,0000011420,0000028870,0000003760,0000032630,"LAND AND BUILDING","RELATED INDIVIDUALS OR CORPORATIONS","N"
"N64 00801 0104",1488,31-JAN-13,000000000.00,"GLASER-ATKINS CAROL J TR ET AL 8","GLASER-ATKINS CAROL J TR ET AL 8","CIRCLE VIEW DR","MARJORIE GLASER","","2812 STRATON CT","","DAYTON OH 45458","C",0000.00000,0000010100,0000001320,0000011420,0000028870,0000003760,0000032630,"LAND AND BUILDING","RELATED INDIVIDUALS OR CORPORATIONS","N"
"N64 00801 0105",1481,31-JAN-13,000000000.00,"GLASER-ATKINS CAROL J TR ET AL 8","GLASER-ATKINS CAROL J TR ET AL 8","CIRCLE VIEW DR","MARJORIE GLASER","","2812 STRATON CT","","DAYTON OH 45458","C",0000.00000,0000013880,0000001810,0000015690,0000039660,0000005180,0000044840,"LAND AND BUILDING","RELATED INDIVIDUALS OR CORPORATIONS","N"
"N64 00801 0105",1488,31-JAN-13,000000000.00,"GLASER-ATKINS CAROL J TR ET AL 8","GLASER-ATKINS CAROL J TR ET AL 8","CIRCLE VIEW DR","MARJORIE GLASER","","2812 STRATON CT","","DAYTON OH 45458","C",0000.00000,0000013880,0000001810,0000015690,0000039660,0000005180,0000044840,"LAND AND BUILDING","RELATED INDIVIDUALS OR CORPORATIONS","N"
"N64 00804 0102",218,04-JAN-13,000000000.00,"DUKE BETH AND","PEASE RONALD K","2727 GAYLORD AVE","PEASE RONALD K","","2727 GAYLORD AVE","","DAYTON OH 45410","C",0000.00000,0000004610,0000000000,0000004610,0000013160,0000000000,0000013160,"LAND AND BUILDING","NOT VALIDATED","N"
"N64 00804 0151",218,04-JAN-13,000000000.00,"DUKE BETH AND","PEASE RONALD K","2727 GAYLORD AVE","PEASE RONALD K","","2727 GAYLORD AVE","","DAYTON OH 45410","C",0000.00000,0000004050,0000038240,0000042290,0000011580,0000109260,0000120840,"LAND AND BUILDING","NOT VALIDATED","N"
"N64 00805 0087",1641,05-FEB-13,000000000.00,"BALSTER PATRICK J AND","BALSTER PATRICK J AND","2905 SAN RAE DR","BALSTER PATRICK J AND","LISA A TRUSTEES","1181 WESTRIDGE RD","","DAYTON OH 45459","C",0000.00000,0000009770,0000037460,0000047230,0000027900,0000107020,0000134920,"LAND AND BUILDING","RELATED INDIVIDUALS OR CORPORATIONS","N"
"N64 01009 0027",150,04-JAN-13,000000000.00,"REVIVAL PROPERTY GROUP LLC","BOEHMKE BRAD","527 WILTSHIRE BLVD","BOEHMKE BRAD","","1408 SCENIC RIVER DR","","DAYTON OH 45415","C",0000.00000,0000009770,0000027250,0000037020,0000027900,0000077870,0000105770,"LAND AND BUILDING","NOT VALIDATED","N"
"N64 01009 0034",149,04-JAN-13,000000000.00,"REVIVAL PROPERTY GROUP LLC","BOEHMKE BRAD","550 TELFORD AVE","BOEHMKE BRAD","","1408 SCENIC RIVER DR","","DAYTON OH 45415","C",0000.00000,0000009770,0000027250,0000037020,0000027900,0000077870,0000105770,"LAND AND BUILDING","NOT VALIDATED","N"
"N64 01009 0036",147,04-JAN-13,000000000.00,"REVIVAL PROPERTY GROUP LLC","BOEHMKE BRAD","538 TELFORD AVE","BOEHMKE BRAD","","1408 SCENIC RIVER DR","","DAYTON OH 45415","C",0000.00000,0000009770,0000027250,0000037020,0000027900,0000077870,0000105770,"LAND AND BUILDING","NOT VALIDATED","N"
"N64 01317 0001",630,15-JAN-13,000000000.00,"CLANCY'S INC","MERCEE LLC","4139 WILMINGTON PIKE","MERCEE LLC","","213 EDGEWATER DR","","NOBLESVILLE IN 46062","C",0001.63300,0000086580,0000192170,0000278750,0000247380,0000549060,0000796440,"LAND AND BUILDING","NOT VALIDATED","N"
"N64 01901 0059",197,04-JAN-13,000175000.00,"CAL-VENT INC","BARTEL V ANTHONY","1333 E STROOP RD","BARTEL V ANTHONY","","10661 FALLS CREEK LN","","DAYTON OH 45458","C",0000.00000,0000017780,0000080830,0000098610,0000050800,0000230930,0000281730,"LAND AND BUILDING","VALID SALE","N"
"N64 03309 0022",462,11-JAN-13,000330000.00,"DONNELLON MCCARTHY INC","LANCE ENTERPRISES LLC","2580 LANCE DR","LANCE ENTERPRISES LLC","","10855 MEDALLION DR","","DAYTON OH 45409","C",0001.15100,0000026610,0000075560,0000102170,0000076040,0000215890,0000291930,"LAND AND BUILDING","VALID SALE","N"
"N64 03712 0008",721,16-JAN-13,000000000.00,"HORWATH ANTON TR AND","HORWATH ANTON TR AND","4623 4629 CROFTSHIRE DR","HORWATH ANTON TR AND","ERICA HORWATH DOING","4411 SHADY CREST DR","","KETTERING OH 45429 2835","C",0000.00000,0000008820,0000040940,0000049760,0000025200,0000116980,0000142180,"LAND AND BUILDING","RELATED INDIVIDUALS OR CORPORATIONS","N"
"N64 03713 0004",721,16-JAN-13,000000000.00,"HORWATH ANTON TR AND","HORWATH ANTON TR AND","4693 4699 CROFTSHIRE DR","HORWATH ANTON TR AND","ERICA HORWATH DOING","4411 SHADY CREST DR","","KETTERING OH 45429 2835","C",0000.00000,0000008820,0000040940,0000049760,0000025200,0000116980,0000142180,"LAND AND BUILDING","RELATED INDIVIDUALS OR CORPORATIONS","N"
"N64 03713 0005",721,16-JAN-13,000000000.00,"HORWATH ANTON TR AND","HORWATH ANTON TR AND","4703 4709 CROFTSHIRE DR","HORWATH ANTON TR AND","ERICA HORWATH DOING","4411 SHADY CREST DR","","KETTERING OH 45429 2835","C",0000.00000,0000008820,0000040940,0000049760,0000025200,0000116980,0000142180,"LAND AND BUILDING","RELATED INDIVIDUALS OR CORPORATIONS","N"
"N64 03713 0013",721,16-JAN-13,000000000.00,"HORWATH ANTON TR AND","HORWATH ANTON TR AND","4702 4708 CROFTSHIRE DR","HORWATH ANTON TR AND","ERICA HORWATH DOING","4411 SHADY CREST DR","","KETTERING OH 45429 2835","C",0000.00000,0000008820,0000040940,0000049760,0000025200,0000116980,0000142180,"LAND AND BUILDING","RELATED INDIVIDUALS OR CORPORATIONS","N"
"N64 04410 0003",387,09-JAN-13,002000000.00,"CENTERVILLE COMMERCIAL","S A MILLER MANAGEMENT LLC","1900 1976 WOODMAN CENTER DR","S A MILLER MANAGEMENT LLC","","1976 WOODMAN CENTER DR","","DAYTON OH 45420","C",0003.78900,0000120590,0000428540,0000549130,0000344550,0001224410,0001568960,"LAND AND BUILDING","VALID SALE","N"
"O67 21718 0016",1459,31-JAN-13,001100000.00,"BRINKMAN PROPERTIES LLC","GRAETER NED R AND","7320 7326 ONYX WAY","BRINK PROPERTIES LLC","","PO BOX 488","","XENIA OH 45385","C",0000.00000,0000011460,0000063730,0000075190,0000032740,0000182090,0000214830,"LAND AND BUILDING","VALID SALE","N"
"O67 21718 0017",1459,31-JAN-13,001100000.00,"BRINKMAN PROPERTIES LLC","GRAETER NED R AND","7319 7323 ONYX WAY","BRINK PROPERTIES LLC","","PO BOX 488","","XENIA OH 45385","C",0000.00000,0000017190,0000104330,0000121520,0000049100,0000298080,0000347180,"LAND AND BUILDING","VALID SALE","N"
"O67 21718 0018",1459,31-JAN-13,001100000.00,"BRINKMAN PROPERTIES LLC","GRAETER NED R AND","7339 7343 ONYX WAY","BRINK PROPERTIES LLC","","PO BOX 488","","XENIA OH 45385","C",0000.00000,0000017190,0000104330,0000121520,0000049100,0000298080,0000347180,"LAND AND BUILDING","VALID SALE","N"
"O67 22424 0001",266,07-JAN-13,000000000.00,"SPHERE INVESTMENTS LTD AND","SPHERE INVESTMENTS LTD ETAL 3","960 1008 MIAMISBURG CENTERVILLE PIKE","SPHERE INVESTMENTS LTD ETAL 3","","4241 MURRELL DR","","DAYTON OH 45429","C",0006.21330,0000327960,0000714950,0001042910,0000937040,0002042720,0002979760,"LAND AND BUILDING","NOT VALIDATED","N"
"O67 28525 0001",334,09-JAN-13,000000000.00,"HERITAGE SUITES OF PEORIA","MIDWEST HERITAGE INN OF DAYTON INC","8035 WASHINGTON VILLAGE DR","MIDWEST HERITAGE INN OF DAYTON INC","","1202 WESTRAC DR","","BIG BEND WI 53103","C",0002.00000,0000141920,0000773200,0000915120,0000405480,0002209130,0002614610,"LAND AND BUILDING","NOT VALIDATED","N"
"O67 28823 0001",39,02-JAN-13,012700000.00,"TOWNSHIP SQUARE ASSOC LTD","TOWNSHIP SQUARE SHOPPING CTR 12 LLC AND","1165 1195 MIAMISBURG CENTREVILLE RD","TOWNSHIP SQUARE SHOPPING CTR 12 LLC AND","TOWNSHIP SQARE SHOPPING CTR 12B LLC","8301 E PRENTICE AVE STE 210","","ENGLEWOOD CO 80111","C",0002.00200,0000189350,0000330730,0000520080,0000540990,0000944950,0001485940,"LAND AND BUILDING","SALE INVOLVING MULTIPLE PARCELS","N"
"O67 28823 0003",39,02-JAN-13,012700000.00,"TOWNSHIP SQUARE ASSOC LTD","TOWNSHIP SQUARE SHOPPING CTR 12 LLC AND","1045 1065 MIAMISBURG CENTERVILLE RD","TOWNSHIP SQUARE SHOPPING CTR 12 LLC AND","TOWNSHIP SQARE SHOPPING CTR 12B LLC","8301 E PRENTICE AVE STE 210","","ENGLEWOOD CO 80111","C",0003.80000,0000263060,0000628500,0000891560,0000751600,0001795710,0002547310,"LAND AND BUILDING","SALE INVOLVING MULTIPLE PARCELS","N"
"O68 00309 0004",89,03-JAN-13,000246176.00,"VOSS REALTY VII LLC","VOSS CHEVROLET INC","LOOP RD","VOSS CHEVROLET INC","","100 LOOP RD","","DAYTON OH 45459","C",0010.94700,0000030900,0000000000,0000030900,0000088280,0000000000,0000088280,"LAND AND BUILDING","VALID SALE","N"
"O68 00309 0012",313,08-JAN-13,011500000.00,"KIMCO COLUMBUS INC","GARRISON CENTRAL II CROSS","201 91 E ALEXANDERSVILLE BELLBROOK RD","GARRISON CENTRAL II CROSS","POINTE LLC","1350 AVENUE OF THE AMERICAS STE 9TH FL","","NEW YORK NY 10019 1935","C",0012.88700,0000248550,0001175740,0001424290,0000710130,0003359250,0004069380,"LAND AND BUILDING","NOT VALIDATED","N"
"O68 00603 0039",46,02-JAN-13,000430000.00,"FFF MANAGEMENT INC","CHICKEN LITTLE REAL","5501 WILMINGTON PIKE","CHICKEN LITTLE REAL","ESTATE LLC","6389 N QUAIL HOLLOW STE STE 101","","MEMPHIS TN 38120","C",0000.99500,0000220170,0000133740,0000353910,0000629070,0000382100,0001011170,"LAND AND BUILDING","VALID SALE","N"
"O68 01013 0020",79,03-JAN-13,000300000.00,"BRINKMAN PROPERTIES LLC","PANTHERA LEO LLC","190 196 LYONS DR","PANTHERA LEO LLC","","P O BOX 293144","","DAYTON OH 45429","C",0000.00000,0000011020,0000074590,0000085610,0000031490,0000213120,0000244610,"LAND AND BUILDING","VALID SALE","N"
"O68 50810 0061",1457,31-JAN-13,000140000.00,"DIANA L DOENCH INVESTMENTS LLC","JUNGDAHL PROPERTIES LLC","6700 LOOP RD","DIANA L DOENCH INVESTMENTS LLC","","600 MCBEE RD","","BELLBROOK OH 45305","C",0000.00000,0000008480,0000028230,0000036710,0000024230,0000080650,0000104880,"LAND AND BUILDING","VALID SALE","N"
"O68 50818 0003",231,07-JAN-13,000170000.00,"PEACOCK BEN AND","AYDELOTT HERBERT M AND","7917 S SUBURBAN RD","AYDELOTT HERBERT M AND","KAREN J","981 EAGLE RUN DR","","DAYTON OH 45458","C",0000.00000,0000028510,0000028440,0000056950,0000081460,0000081260,0000162720,"LAND AND BUILDING","VALID SALE","N"
"O68 50818 0004",236,07-JAN-13,000130000.00,"PEACOCK BENNY AND","AYDELOT HERBERT M AND","7919 S SUBURBAN RD","AYDELOT HERBERT M AND","KAREN J","3981 EAGLE RUN DR","","DAYTON OH 45458","C",0000.00000,0000014300,0000014250,0000028550,0000040850,0000040720,0000081570,"LAND AND BUILDING","VALID SALE","N"
"P70 00115 0006",1892,07-FEB-13,000000000.00,"TRIMBLE LLOYD E JR AND","TRIMBLE LLOYD E JR","5342 5348 HILGEFORD DR","LLOYD E TRIMBLE JR","","591 CLAYTON RD","","NEW LEBANON OH 45345","C",0000.00000,0000007900,0000038300,0000046200,0000022560,0000109420,0000131980,"LAND AND BUILDING","RELATED INDIVIDUALS OR CORPORATIONS","N"
"P70 00115 0007",1892,07-FEB-13,000000000.00,"TRIMBLE LLOYD E JR AND","TRIMBLE LLOYD E JR","5352 5358 HILGEFORD DR","LLOYD E TRIMBLE JR","","591 N CLAYTON RD","","NEW LEBANON OH 45345","C",0000.00000,0000007900,0000038300,0000046200,0000022560,0000109420,0000131980,"LAND AND BUILDING","RELATED INDIVIDUALS OR CORPORATIONS","N"
"P70 00115 0013",1904,07-FEB-13,000000000.00,"TRIMBLE LLOYD E JR AND","TRIMBLE LLOYD E JR","5441 5447 LOFINO CT","LLOYD E TRIMBLE JR","","591 N CLAYTON RD","","NEW LEBANON OH 45345","C",0000.00000,0000007900,0000038300,0000046200,0000022560,0000109420,0000131980,"LAND AND BUILDING","RELATED INDIVIDUALS OR CORPORATIONS","N"
"P70 00115 0028",614,15-JAN-13,000000000.00,"BYRD DANNY C AND","THARP JULIE A TRUSTEE","5461 5467 BELLEFONTAINE RD","THARP JULIE A TRUSTEE","","5136 STONEMONT CT","","YELLOW SPRINGS OH 45387","C",0000.00000,0000007900,0000035990,0000043890,0000022560,0000102820,0000125380,"LAND AND BUILDING","NOT VALIDATED","N"
"P70 01218 0012",442,10-JAN-13,000530000.00,"TRANSPORT INTERNATIONAL","STREAM'S EDGE PROPERTIES LLC","8251 EXPANSION WAY","STREAM'S EDGE PROPERTIES LLC","","6450 POE AVE DEPT","","DAYTON OH 45414","C",0005.49300,0000045210,0000220190,0000265400,0000129160,0000629100,0000758260,"LAND AND BUILDING","NOT VALIDATED","N"
"P70 01410 0034",1442,31-JAN-13,000000000.00,"HUBER INVEST CORP","TJH HOLDINGS LLC","5939 BRANDT PIKE","C H HUBER ENT INC","","5550 HUBER RD","","DAYTON OH 45424 2001","C",0000.00000,0000030700,0000076200,0000106900,0000087710,0000217700,0000305410,"LAND AND BUILDING","NOT VALIDATED","N"
"P70 01922 0001",1439,31-JAN-13,000000000.00,"HUBER PROPERTIES INC","TJH HOLDINGS LLC","MIDDLETON CT","C H HUBER ENT INC","","5550 HUBER RD","","DAYTON OH 45424 2001","C",0008.12000,0000038200,0000000000,0000038200,0000109130,0000000000,0000109130,"LAND AND BUILDING","NOT VALIDATED","N"
"P70 04002 0048",1444,31-JAN-13,000000000.00,"HUBER PROPERTIES INC","TJH HOLDINGS LLC","EXECUTIVE BLVD","C H HUBER ENT INC","","5550 HUBER RD","","DAYTON OH 45424 2001","C",0016.53400,0000225400,0000000000,0000225400,0000644010,0000000000,0000644010,"LAND ONLY","NOT VALIDATED","N"
"Q71 00304 0001",1476,31-JAN-13,000163000.00,"NAYLES RODNEY L","BOEHMER JASON M AND","401 PATTERSON RD","RODNEY L NAYLES","","1812 NUGGET CT","","DAYTON OH 45432","C",0000.00000,0000013580,0000062510,0000076090,0000038800,0000178600,0000217400,"LAND AND BUILDING","SALE INVOLVING MULTIPLE PARCELS","N"
"Q71 00304 0002",1476,31-JAN-13,000163000.00,"NAYLES RODNEY L","BOEHMER JASON M AND","PATTERSON RD","RODNEY L NAYLES","","1812 NUGGET CT","","DAYTON OH 45432","C",0000.00000,0000013580,0000000000,0000013580,0000038800,0000000000,0000038800,"LAND AND BUILDING","SALE INVOLVING MULTIPLE PARCELS","N"
"Q71 01305 0017",1872,07-FEB-13,000000000.00,"LOUISE ANDERSON LLC","SLUSHER WILLIAM M","CORONA AVE","LOUISE ANDERSON LLC","","3525 MEADOW LN","","DAYTON OH 45419","C",0000.00000,0000008490,0000000000,0000008490,0000024250,0000000000,0000024250,"LAND AND BUILDING","RELATED INDIVIDUALS OR CORPORATIONS","N"
"Q71 01305 0018",1872,07-FEB-13,000000000.00,"LOUISE ANDERSON LLC","SLUSHER WILLIAM M","235 241 CORONA AVE","LOUISE ANDERSON LLC","","3525 MEADOW LN","","DAYTON OH 45419","C",0000.00000,0000008490,0000054920,0000063410,0000024250,0000156910,0000181160,"LAND AND BUILDING","RELATED INDIVIDUALS OR CORPORATIONS","N"
"R72 01507 0023",159,04-JAN-13,000000000.00,"ATFH REAL PROPERTY LLC","WENTLAND NORMAN L AND","322 S PATTERSON BLVD","WENTLAND NORMAN L AND","JANET A","11 TECUMSEH ST","","DAYTON OH 45402","C",0000.00000,0000007760,0000001870,0000009630,0000022180,0000005340,0000027520,"LAND AND BUILDING","NOT VALIDATED","N"
"R72 01507 0024",164,04-JAN-13,000000000.00,"WENTLAND NORMAN L AND","ATFH REAL PROPERTY LLC","322 S PATTERSON BLVD","ATFH REAL PROPERTY LLC","","345 JUPITER LAKES BLVD","","JUPITER FL 33458","C",0000.00000,0000009000,0000188530,0000197530,0000025720,0000538670,0000564390,"LAND AND BUILDING","LIQUIDATION/FORECLOSURE","N"
"R72 01507 0024",159,04-JAN-13,000000000.00,"ATFH REAL PROPERTY LLC","WENTLAND NORMAN L AND","322 S PATTERSON BLVD","ATFH REAL PROPERTY LLC","","345 JUPITER LAKES BLVD","","JUPITER FL 33458","C",0000.00000,0000009000,0000188530,0000197530,0000025720,0000538670,0000564390,"LAND AND BUILDING","NOT VALIDATED","N"
"R72 01803 0073",306,08-JAN-13,000000000.00,"DOWELL TODD","DAYTON CITY OF","37 39 VINE ST","DAYTON CITY OF","LAND REUTILIZATION PROGRAM","101 W THIRD ST","","DAYTON OH 45402","C",0000.00000,0000006720,0000000000,0000006720,0000019200,0000000000,0000019200,"LAND ONLY","LIQUIDATION/FORECLOSURE","N"
"R72 02602 0010",600,14-JAN-13,000025866.00,"SMALES CHARLES W","SMALES LAWRENCE D","210 XENIA AVE","SMALES LAWRENCE D","","210 XENIA AVE","","DAYTON OH 45410","C",0000.00000,0000003990,0000005000,0000008990,0000011400,0000014280,0000025680,"LAND AND BUILDING","NOT VALIDATED","N"
"R72 02607 0007",1408,30-JAN-13,000171000.00,"KILGORE JAMES B AND","GREENWOOD TED A","444 QUITMAN ST","JAMES B KILGORE","C/O TED A GREENWOOD","1838 S MAIN ST","","DAYTON OH 45409 2413","C",0000.00000,0000016130,0000034420,0000050550,0000046080,0000098340,0000144420,"LAND AND BUILDING","VALID SALE","N"
"R72 03502 0067",1627,05-FEB-13,000110000.00,"LONG'S APARTMENTS LLC","EMMERICH CHRIS AND","170 VIRGINIA AVE","EMMERICH CHRIS AND","KAREN","117 VIRGINIA AVE","","DAYTON OH 45410 4705","C",0000.00000,0000008060,0000039240,0000047300,0000023040,0000112120,0000135160,"LAND AND BUILDING","VALID SALE","N"
"R72 03502 0068",1627,05-FEB-13,000110000.00,"LONGS'S APARTMENTS LLC","EMMERICH CHRIS AND","VIRGINIA AVE","LONGS'S APARTMENTS LLC","","2358 WESTLAWN DR","","DAYTON OH 45440","C",0000.00000,0000003650,0000000000,0000003650,0000010430,0000000000,0000010430,"LAND AND BUILDING","VALID SALE","N"
"R72 04006 0057",350,09-JAN-13,000228000.00,"LUCKY STAR ENTERPRISES","PAP OIL COMPANY LLC","1035 LINDEN AVE","PAP OIL COMPANY LLC","","4365 LISA DR","","TIPP CITY OH 45371 1220","C",0000.00000,0000019050,0000061880,0000080930,0000054430,0000176800,0000231230,"LAND AND BUILDING","VALID SALE","N"
"R72 04804 0149",25,02-JAN-13,000120000.00,"HOEPER ROSEMARY F","ABUSHANAB SAED K","3420 3RD ST","SADCO BUSHNAB LLC","","955 BAKERSFIELD CT","","MIAMISBURG OH 45342","C",0000.00000,0000005670,0000031080,0000036750,0000016200,0000088810,0000105010,"LAND AND BUILDING","VALID SALE","N"
"R72 04804 0149",914,18-JAN-13,000000000.00,"ABUSHANAB SAED K","SADCO BUSHNAB LLC","3420 3RD ST","SADCO BUSHNAB LLC","","955 BAKERSFIELD CT","","MIAMISBURG OH 45342","C",0000.00000,0000005670,0000031080,0000036750,0000016200,0000088810,0000105010,"LAND AND BUILDING","NOT VALIDATED","N"
"R72 05107 0038",1831,07-FEB-13,000050000.00,"HOTOPP BETTY M","RABABAH MAHMOUD AMIN","905 VALLEY ST","HOTOPP BETTY M","","3311 CARLTON DR","","DAYTON OH 45404","C",0000.00000,0000006960,0000008790,0000015750,0000019890,0000025120,0000045010,"LAND AND BUILDING","VALID SALE","N"
"R72 05110 0016",400,10-JAN-13,000000000.00,"HOTOPP RONALD R AND","HOTOPP RONALD R AND","VALLEY ST","RONALD HOTOPP AND BETTY","","3111 CARLTON DR","","VANDALIA OH 45404","C",0000.00000,0000003120,0000000000,0000003120,0000008910,0000000000,0000008910,"LAND AND BUILDING","RELATED INDIVIDUALS OR CORPORATIONS","N"
"R72 05110 0023",400,10-JAN-13,000000000.00,"HOTOPP RONALD R AND","HOTOPP BETTY M","1050 VALLEY ST","THE CHILDREN'S MEDICAL CTR","DAYTON OHIO","1 CHILDREN'S PLZ","","DAYTON OH 45404","C",0000.00000,0000005480,0000004380,0000009860,0000015660,0000012520,0000028180,"LAND AND BUILDING","RELATED INDIVIDUALS OR CORPORATIONS","N"
"R72 05110 0023",401,10-JAN-13,000075000.00,"HOTOPP BETTY M","THE CHILDREN'S MEDICAL CTR","1050 VALLEY ST","THE CHILDREN'S MEDICAL CTR","DAYTON OHIO","1 CHILDREN'S PLZ","","DAYTON OH 45404","C",0000.00000,0000005480,0000004380,0000009860,0000015660,0000012520,0000028180,"LAND AND BUILDING","VALID SALE","N"
"R72 05110 0035",400,10-JAN-13,000000000.00,"HOTOPP RONALD R AND","HOTOPP BETTY M","928 VALLEY ST","HOTOPP BETTY M","","3311 CARLTON DR","","DAYTON OH 45404","C",0000.00000,0000002500,0000006130,0000008630,0000007140,0000017500,0000024640,"LAND AND BUILDING","RELATED INDIVIDUALS OR CORPORATIONS","N"
"R72 05209 0004",1454,31-JAN-13,000040000.00,"ELAM GARRY W II","CODE CREDIT UNION INC","642 TROY ST","ELAM GARRY W II","","642 TROY ST","","DAYTON OH 45404","C",0000.00000,0000004130,0000014950,0000019080,0000011810,0000042720,0000054530,"LAND AND BUILDING","SALE INVOLVING MULTIPLE PARCELS","N"
"R72 05209 0005",1454,31-JAN-13,000040000.00,"ELAM GARRY W II","CODE CREDIT UNION INC","TROY ST","ELAM GARRY W II","","642 TROY ST","","DAYTON OH 45404","C",0000.00000,0000003890,0000000540,0000004430,0000011100,0000001550,0000012650,"LAND AND BUILDING","SALE INVOLVING MULTIPLE PARCELS","N"
"R72 05409 0009",1944,08-FEB-13,000000000.00,"OLD NORTH DAYTON DEV CORP","DAYTON CITY OF","115 117 VALLEY ST","OLD NORTH DAYTON DEV CORP","","111 VALLEY ST","","DAYTON OH 45404","C",0000.00000,0000002960,0000000000,0000002960,0000008460,0000000000,0000008460,"LAND ONLY","LIQUIDATION/FORECLOSURE","N"
"R72 06005 0056",1329,29-JAN-13,000055000.00,"INSANI MARK A AND","PATTERSON ERIC","1131 RIVERSIDE DR","PATTERSON ERIC","","20802 BELSHIRE AVE","","LAKEWOOD CA 90715","C",0000.00000,0000003190,0000015180,0000018370,0000009100,0000043360,0000052460,"LAND AND BUILDING","VALID SALE","N"
"R72 06008 0022",152,04-JAN-13,000000000.00,"REVIVAL PROPERTY GROUP LLC","BOEHMKE BRAD","1501 1515 RIVERSIDE DR","BOEHMKE BRAD","","1408 SCENIC RIVER DR","","DAYTON OH 45415","C",0000.00000,0000011150,0000046240,0000057390,0000031850,0000132120,0000163970,"LAND AND BUILDING","NOT VALIDATED","N"
"R72 06802 0010",1463,31-JAN-13,000000000.00,"REID DOROTHY L AND","CITY OF DAYTON","20 DELAWARE AVE","DOROTHY L REID","","1851 WESLEYAN RD","","DAYTON OH 45406 3946","C",0000.00000,0000003190,0000011850,0000015040,0000009100,0000033860,0000042960,"LAND AND BUILDING","LIQUIDATION/FORECLOSURE","N"
"R72 06806 0030",1391,30-JAN-13,000070000.00,"PARKWOOD INVESTMENT GROUP INC","LUCIAN DEVELOPMENT LLC","250 DELAWARE AVE","PARKWOOD INVESTMENT GROUP INC","","PO BOX 41038","","DAYTON OH 45441","C",0000.00000,0000008760,0000028230,0000036990,0000025030,0000080670,0000105700,"LAND AND BUILDING","VALID SALE","N"
"R72 07001 0029",1995,08-FEB-13,000000000.00,"BLAIR YOLANDA","DAYTON CITY OF","804 RICHMOND AVE","BLAIR YOLANDA","","538 LONGSHOAL RD","","ARDEN NC 28704","C",0000.00000,0000000830,0000000000,0000000830,0000002360,0000000000,0000002360,"LAND ONLY","LIQUIDATION/FORECLOSURE","N"
"R72 07008 0033",1986,08-FEB-13,000000000.00,"GERAMI MAJID","DAYTON CITY OF","303 DELAWARE AVE","GERAMI MAJID","","P O BOX 140","","DAYTON OH 45409","C",0000.00000,0000003260,0000000150,0000003410,0000009320,0000000430,0000009750,"LAND AND BUILDING","LIQUIDATION/FORECLOSURE","N"
"R72 07010 0023",209,04-JAN-13,000000000.00,"WELLS SHANE","WELLSCORP LLC","229 VICTOR AVE","WELLSCORP LLC","","814 MANHATTAN AVE","","DAYTON OH 45406","C",0000.00000,0000003190,0000010970,0000014160,0000009100,0000031350,0000040450,"LAND AND BUILDING","RELATED INDIVIDUALS OR CORPORATIONS","N"
"R72 07710 0010",724,16-JAN-13,000000000.00,"NASIR INVESTMENTS INC","ACE PROPERTY GROUP OF OHIO LLC","1706 1708 W GRAND AVE","MOORE DANNY JR","","2064 RUGBY RD","","DAYTON OH 45406","C",0000.00000,0000004610,0000017610,0000022220,0000013160,0000050300,0000063460,"LAND AND BUILDING","NOT VALIDATED","N"
"R72 07710 0010",725,16-JAN-13,000059400.00,"ACE PROPERTY GROUP OF OHIO LLC","MOORE DANNY JR","1706 1708 W GRAND AVE","MOORE DANNY JR","","2064 RUGBY RD","","DAYTON OH 45406","C",0000.00000,0000004610,0000017610,0000022220,0000013160,0000050300,0000063460,"LAND AND BUILDING","NOT VALIDATED","N"
"R72 08207 0036",395,10-JAN-13,000000000.00,"BIGGS SCOTT WINSTON AND","BIGGS SCOTT WINSTON AND","1819 1841 W 3RD ST","BIGGS SCOTT WINSTON AND","D'ANNA STEPHENSON BIGGS TRUSTEES","28175 MYHRER WAY","","NEVADA CITY CA 95959 3006","C",0000.00000,0000016120,0000149650,0000165770,0000046070,0000427570,0000473640,"LAND AND BUILDING","RELATED INDIVIDUALS OR CORPORATIONS","N"
"R72 08207 0084",395,10-JAN-13,000000000.00,"BIGGS SCOTT WINSTON AND","BIGGS SCOTT WINSTON AND","3RD ST","BIGGS SCOTT WINSTON AND","D'ANNA STEPHENSON BIGGS TRUSTEES","28175 MYHRER WAY","","NEVADA CITY CA 95959 3006","C",0000.23100,0000002320,0000000000,0000002320,0000006640,0000000000,0000006640,"LAND AND BUILDING","RELATED INDIVIDUALS OR CORPORATIONS","N"
"R72 08313 0011",395,10-JAN-13,000000000.00,"BIGGS SCOTT WINSTON AND","BIGGS SCOTT WINSTON AND","JAMES H MCGEE BLVD","BIGGS SCOTT WINSTON AND","D'ANNA STEPHENSON BIGGS TRUSTEES","28175 MYHRER WAY","","NEVADA CITY CA 95959 3006","C",0000.00000,0000003400,0000000000,0000003400,0000009720,0000000000,0000009720,"LAND AND BUILDING","RELATED INDIVIDUALS OR CORPORATIONS","N"
"R72 08801 0050",237,07-JAN-13,000000000.00,"FREEMAN CHERLYN F ET AL 4","SURE FOUNDATION APOSTOLIC","1506 1510 W 3RD ST","SURE FOUNDATION APOSTOLIC","HOLINESS CHURCH","209 S KILMER ST","","DAYTON OH 45417","C",0000.00000,0000001380,0000002840,0000004220,0000003940,0000008120,0000012060,"LAND AND BUILDING","NOT VALIDATED","N"
"R72 09911 0001",2013,08-FEB-13,000055000.00,"VICTORIA STORAGE LLC","SAVYWORLD LLC","DRAHER ST","VICTORIA STORAGE LLC","","1200 E DOROTHY LN","","DAYTON OH 45419","C",0000.00000,0000006190,0000005100,0000011290,0000017690,0000014570,0000032260,"LAND AND BUILDING","VALID SALE","N"
"R72 09911 0004",2013,08-FEB-13,000055000.00,"VICTORIA STORAGE LLC","SAVYWORLD LLC","612 DRAHER ST","VICTORIA STORAGE LLC","","1200 E DOROTHY LN","","DAYTON OH 45419","C",0000.00000,0000000580,0000000000,0000000580,0000001650,0000000000,0000001650,"LAND AND BUILDING","VALID SALE","N"
"R72 09911 0005",2013,08-FEB-13,000055000.00,"VICTORIA STORAGE LLC","SAVYWORLD LLC","616 DRAHER ST","VICTORIA STORAGE LLC","","1200 E DOROTHY LN","","DAYTON OH 45419","C",0000.00000,0000000560,0000000000,0000000560,0000001600,0000000000,0000001600,"LAND AND BUILDING","VALID SALE","N"
"R72 09911 0007",2013,08-FEB-13,000055000.00,"VICTORIA STAORAGE LLC","SAVYWORLD LLC","DRAHER ST","VICTORIA STORAGE LLC","","1200 E DOROTHY LN","","DAYTON OH 45419","C",0000.00000,0000000400,0000000000,0000000400,0000001130,0000000000,0000001130,"LAND AND BUILDING","VALID SALE","N"
"R72 09911 0009",2013,08-FEB-13,000055000.00,"VICTORIA STYORAGE LLC","SAVYWORLD LLC","DRAHER ST","VICTORIA STORAGE LLC","","1200 E DOROTHY LN","","DAYTON OH 45419","C",0000.00000,0000000600,0000000000,0000000600,0000001710,0000000000,0000001710,"LAND AND BUILDING","VALID SALE","N"
"R72 10911 0006",1112,24-JAN-13,000000000.00,"GRAHAM MATTHEW","GRAHAM MATTHEW","421 E BRUCE AVE","GRAHAM MATTHEW","","421 E BRUCE DR","","DAYTON OH 45405","C",0000.00000,0000004780,0000021450,0000026230,0000013650,0000061280,0000074930,"LAND AND BUILDING","RELATED INDIVIDUALS OR CORPORATIONS","N"
"R72 11008 0005",1036,23-JAN-13,000015000.00,"RAMBY CRAIG S TRUSTEE","SPIERS MARK A","3510 3512 MAIN ST","SPIERS MARK A","","6720 ARCANUM-BEARS MILL RD","","GREENVILLE OH 45331","C",0000.00000,0000005940,0000015950,0000021890,0000016960,0000045570,0000062530,"LAND AND BUILDING","NOT VALIDATED","N"
"R72 11102 0011",1392,30-JAN-13,000026489.00,"THE LIGHTING GUYS INC","TRIMBACH NANCY L","3409 N MAIN ST","THE LIGHTING GUYS INC","","3409 N MAIN ST","","DAYTON OH 45405","C",0000.00000,0000008800,0000019000,0000027800,0000025130,0000054280,0000079410,"LAND AND BUILDING","NOT VALIDATED","N"
"R72 11409 0051",1673,05-FEB-13,000019000.00,"FEDERAL HOME LOAN MORTG CORP","MILLER JACK","45 49 MARIE AVE","MILLER JACK","","1925 NE CLIFF ALY","","BEND OR 97701 2609","C",0000.00000,0000004610,0000028260,0000032870,0000013160,0000080750,0000093910,"LAND AND BUILDING","NOT VALIDATED","N"
"R72 12307 0035",1746,06-FEB-13,000000000.00,"MURPHY ERNEST JR AND","MURPHY SARAH C","4001 HOOVER AVE","MURPHY SARAH C","","1728 BENSON DR","","DAYTON OH 45406","C",0000.00000,0000001100,0000008380,0000009480,0000003130,0000023950,0000027080,"LAND AND BUILDING","NOT VALIDATED","N"
"R72 12309 0004",1411,30-JAN-13,000000000.00,"ANDERSON NEDRA ANN","DAYTON CITY OF","N GETTYSBURG AVE","ANDERSON NEDRA ANN","","175 W FRANKLIN ST","","DAYTON OH 45459","C",0000.38000,0000003290,0000000000,0000003290,0000009400,0000000000,0000009400,"LAND AND BUILDING","SALE INVOLVING MULTIPLE PARCELS","N"
"R72 12310 0009",1411,30-JAN-13,000000000.00,"ANDERSON NEDRA ANN","DAYTON CITY OF","2000 N GETTYSBURG AVE","ANDERSON NEDRA","","175 W FRANKLIN ST","","DAYTON OH 45459","C",0000.81700,0000007070,0000000000,0000007070,0000020190,0000000000,0000020190,"LAND AND BUILDING","SALE INVOLVING MULTIPLE PARCELS","N"
"R72 12415 0057",1240,28-JAN-13,000001900.00,"DUNSON JO","THURMOND FRANK","KAMMER AVE","THURMOND FRANK","","2057 KIPLING DR","","DAYTON OH 45406","C",0000.00000,0000000680,0000000000,0000000680,0000001930,0000000000,0000001930,"LAND ONLY","NOT VALIDATED","N"
"R72 13310 0043",513,11-JAN-13,000012500.00,"WELLS FARGO NA","JOHNSON ERICA R AND","1118 1120 CROCUS DR","JOHNSON ERICA R AND","ANDRE P PHILLIPS","206 YALE AVE D","","DAYTON OH 45406","C",0000.00000,0000004620,0000019810,0000024430,0000013200,0000056590,0000069790,"LAND AND BUILDING","NOT VALIDATED","N"
"R72 15603 0036",379,09-JAN-13,000450000.00,"KENNY PROPERTIES LLC","TRANK PROPERTIES LLC","2009 STANLEY","TRANK PROPERTIES LLC","","2009 STANLEY AVE","","DAYTON OH 45404","C",0001.17000,0000029300,0000084390,0000113690,0000083700,0000241110,0000324810,"LAND AND BUILDING","VALID SALE","N"
"R72 16208 0004",261,07-JAN-13,000005000.00,"MARITIME PROPERTIES LLC","CYRUS & TYLER INVESTMENTS INC","3537 OTTERBEIN AVE","CYRUS & TYLER INVESTMENTS INC","","P O BOX 5356","","OAKLAND CA 94605","C",0000.00000,0000004410,0000008610,0000013020,0000012600,0000024590,0000037190,"LAND AND BUILDING","NOT VALIDATED","N"
"R72 16715 0001",1777,06-FEB-13,000000000.00,"SEREX PROPERTIES LLC","BAYVIEW LOAN SERVICING LLC","BRANDT PIKE","BAYVIEW LOAN SERVICING LLC","","4425 PONCE DE LEON 5TH FL","","MIAMI FL 33146","C",0001.61500,0000027740,0000000000,0000027740,0000079250,0000000000,0000079250,"LAND AND BUILDING","NOT VALIDATED","N"
"R72 16903 0011",185,04-JAN-13,000070000.00,"LAW DOYLE G","ARJA LIMITED PARTNERSHIP I","1475 W RIVER RD","ARJA LIMITED PARTNERSHIP I","","1101 NEGLEY PL","","DAYTON OH 45402","C",0000.96600,0000006490,0000047680,0000054170,0000018550,0000136230,0000154780,"LAND AND BUILDING","VALID SALE","N"
"R72115606 0056",1409,30-JAN-13,000152500.00,"KILGORE JAMES B","GREENWOOD TED A","3043 IDLEWILDE BLVD","TED A GREENWOOD","","1838 S MAIN ST","","DAYTON OH 45409 2413","C",0000.00000,0000002600,0000000280,0000002880,0000007440,0000000800,0000008240,"LAND AND BUILDING","VALID SALE","N"
"R72115606 0057",1409,30-JAN-13,000152500.00,"KILGORE JAMES B","GREENWOOD TED A","3043 IDLEWILDE BLVD","JAMES B KILGORE","C/O TED A GREENWOOD","1838 S MAIN ST","","DAYTON OH 45409 2413","C",0000.00000,0000005210,0000025640,0000030850,0000014880,0000073260,0000088140,"LAND AND BUILDING","VALID SALE","N"
"R72115606 0058",1407,30-JAN-13,000171000.00,"KILGORE JAMES B","GREENWOOD TED A","3057 IDLEWILDE BLVD","JAMES B KILGORE","C/O TED A GREENWOOD","1838 S MAIN ST","","DAYTON OH 45409 2413","C",0000.00000,0000002600,0000000280,0000002880,0000007440,0000000800,0000008240,"LAND AND BUILDING","VALID SALE","N"
"R72115606 0059",1407,30-JAN-13,000171000.00,"KILGORE JAMES B","GREENWOOD TED A","3057 IDLEWILDE BLVD","JAMES B KILGORE","C/O TED A GREENWOOD","1838 S MAIN ST","","DAYTON OH 45409 2413","C",0000.00000,0000005210,0000000280,0000005490,0000014880,0000000800,0000015680,"LAND AND BUILDING","VALID SALE","N"
"R72115606 0060",1407,30-JAN-13,000171000.00,"KILGORE JAMES B","GREENWOOD TED A","3057 IDLEWILDE BLVD","JAMES B KILGORE","C/O TED A GREENWOOD","1838 S MAIN ST","","DAYTON OH 45409 2413","C",0000.00000,0000005210,0000027980,0000033190,0000014880,0000079930,0000094810,"LAND AND BUILDING","VALID SALE","N"
