"PARID","CONVNUM","SALEDTE","PRICE","OLDOWN","OWNERNAME1","PARCELLOCATION","MAILINGNAME1","MAILINGNAME2","PADDR1","PADDR2","PADDR3","CLS","ACRES","TAXLAND","TAXBLDG","TAXTOTAL","ASMTLAND","ASMTBLDG","ASMTTOTL","SALETYPE","SALEVALIDITY","DYTNCRDT"
"A01 00203 0069",222,04-JAN-13,000250000.00,"JD MARINE INC","SMITH GREGREY S AND","LIGHTNER RD","SMITH GREGREY S AND","STEPHANIE M","5486 WORLEY RD","","TIPP CITY OH 45371","I",0001.00000,0000014320,0000000000,0000014320,0000040920,0000000000,0000040920,"LAND AND BUILDING","VALID SALE","N"
"E20 01007 0088",3076,01-MAR-13,000000000.00,"TIME WARNER ENTERTAINMENT","TIME WARNER CABLE MIDWEST LLC","3691 TURNER RD","TIME WARNER CABLE MIDWEST LLC","","7820 CRESCENT EXECUTIVE DR","","CHARLOTTE NC 28217","I",0015.47500,0000106160,0000000000,0000106160,0000303310,0000000000,0000303310,"LAND AND BUILDING","NOT VALIDATED","N"
"J44 04103 0018",890,18-JAN-13,000225000.00,"RAJKOVICH THOMAS R","2220 DOROTHY LLC","1900 W DOROTHY LN","2220 DOROTHY LLC","","2475 ARBOR BLVD","","DAYTON OH 45439","I",0000.57300,0000006460,0000000000,0000006460,0000018450,0000000000,0000018450,"LAND AND BUILDING","VALID SALE","N"
"J44 04103 0019",4621,29-MAR-13,000205000.00,"ATHERTON FAMILY LTD PARTNERSHIP","THREE SISTERS INVESTMENTS LLC","3220 ENCRETE LN","ATHERTON ENTERPRISES, LLC","","195 LEES LN","","CARYVILLE TN 37714","I",0000.81700,0000022390,0000056630,0000079020,0000063980,0000161800,0000225780,"LAND AND BUILDING","VALID SALE","N"
"J44 04103 0097",890,18-JAN-13,000225000.00,"RAJKOVICH THOMAS R","2220 DOROTHY LLC","2220 W DOROTHY LN","2220 DOROTHY LLC","","2475 ARBOR BLVD","","DAYTON OH 45439","I",0000.68400,0000023610,0000119510,0000143120,0000067450,0000341470,0000408920,"LAND AND BUILDING","VALID SALE","N"
"J44 04105 0002",1804,06-FEB-13,000000000.00,"CITY OF MORAINE","CENTRAL READY MIX LLC","EAST RIVER RD","CENTRAL READY MIX LLC","","5989 BRIERLY RIDGE","","CINCINNATI OH 45247 1118","I",0019.02700,0000138090,0000000000,0000138090,0000394540,0000000000,0000394540,"LAND ONLY","NOT VALIDATED","N"
"K45100102 0003",291,08-JAN-13,000000000.00,"VICTORY 4 LLC ET AL 3","VICTORY 4 HOLDINGS LLC ET AL 3","AUSTIN BLVD","VICTORY 4 HOLDINGS LLC ET AL 3","","7810 MCEWEN RD","","DAYTON OH 45459","I",0050.73400,0000295760,0000000000,0000295760,0000845040,0000000000,0000845040,"LAND AND BUILDING","NOT VALIDATED","N"
"M57 00907 0027",771,17-JAN-13,000000000.00,"WENRICK JAROD D","WENRICK COMMERCIAL INVESTMENTS LLC","44 LAU PKWY","WENRICK COMMERCIAL INVESTMENTS LLC","","44 LAU PKWY","","CLAYTON OH 45315 2518","I",0002.62700,0000031360,0000000000,0000031360,0000089590,0000000000,0000089590,"LAND AND BUILDING","NOT VALIDATED","N"
"M57 00907 0039",771,17-JAN-13,000000000.00,"WENRICK JAROD D","WENRICK COMMERCIAL INVESTMENTS LLC","METRO DR","WENRICK COMMERCIAL INVESTMENTS LLC","","44 LAU PKWY","","CLAYTON OH 45315 2518","I",0001.94200,0000005590,0000000000,0000005590,0000015980,0000000000,0000015980,"LAND AND BUILDING","NOT VALIDATED","N"
"O68 01302 0002",453,11-JAN-13,000000000.00,"RENTZ RICHARD J","RENTZ PROPERTIES LLC","7985 S SUBURBAN RD","RENTZ PROPERTIES LLC","","759 GRANTS TR","","CENTERVILLE OH 45459","I",0000.69100,0000017630,0000047470,0000065100,0000050380,0000135620,0000186000,"LAND AND BUILDING","RELATED INDIVIDUALS OR CORPORATIONS","N"
"P70 01217 0035",1456,31-JAN-13,000000000.00,"MEHMET PANAYIRCI","REED SHARON L","7900 TECHNOLOGY BLVD","REED SHARON L","","7900 TECHNOLOGY DR","","DAYTON OH 45424","I",0005.80100,0000095430,0000219300,0000314730,0000272650,0000626560,0000899210,"LAND AND BUILDING","NOT VALIDATED","N"
"R72 00605 0001",1249,29-JAN-13,000000000.00,"H D SUPPLY HOLDINGS LLC","DAYTON CITY OF","210 WAYNE AVE","DAYTON CITY OF","","101 W THIRD ST FL 6","","DAYTON OH 45402","I",0000.00000,0000041990,0000351780,0000393770,0000119970,0001005080,0001125050,"LAND AND BUILDING","SALE INVOLVING MULTIPLE PARCELS","N"
"R72 00605 0078",1249,29-JAN-13,000000000.00,"HD SUPPLY HOLDINGS LLC","DAYTON CITY OF","5TH & WALNUT ST","DAYTON CITY OF","","101 W THIRD ST FL 6","","DAYTON OH 45401","I",0000.00000,0000009600,0000002440,0000012040,0000027420,0000006960,0000034380,"LAND AND BUILDING","SALE INVOLVING MULTIPLE PARCELS","N"
"R72 01707 0003",2217,13-FEB-13,000000000.00,"PICKREL BROS INC","PICKREL BROS INC","955 S PERRY ST","PICKREL BROS INC","","901 S PERRY ST","","DAYTON OH 45402","I",0000.61700,0000036160,0000000420,0000036580,0000103320,0000001210,0000104530,"LAND AND BUILDING","NOT VALIDATED","N"
"R72 02207 0041",4422,26-MAR-13,000085000.00,"SIGN-ART OF DAYTON","EFE LLC","350 E HUFFMAN AVE","EFE LLC","","2571 ADIRONDACK TRL","","DAYTON OH 45409","I",0000.00000,0000006370,0000000000,0000006370,0000018210,0000000000,0000018210,"LAND ONLY","NOT VALIDATED","N"
"R72 03008 0004",2043,11-FEB-13,000000000.00,"MJS VENTURES LLC","MJS VENTURES LLC","949 S PATTERSON BLVD","MJS VENTURES LLC","","1100 SALEM AVE","","DAYTON OH 45406 1339","I",0000.00000,0000019820,0000034380,0000054200,0000056640,0000098220,0000154860,"LAND AND BUILDING","NOT VALIDATED","N"
"R72 03008 0004",1060,23-JAN-13,000165000.00,"UPDYKE HOWARD S JR AND","MJS VENTURES LLC","949 S PATTERSON BLVD","MJS VENTURES LLC","","1100 SALEM AVE","","DAYTON OH 45406 1339","I",0000.00000,0000019820,0000034380,0000054200,0000056640,0000098220,0000154860,"LAND AND BUILDING","SALE INVOLVING MULTIPLE PARCELS","N"
"R72 03008 0024",1060,23-JAN-13,000165000.00,"UPDYKE HOWARD S JR AND","MJS VENTURES LLC","S PATTERSON BLVD","MJS VENTURES LLC","","1100 SALEM AVE","","DAYTON OH 45406 4619","I",0000.03500,0000001280,0000000000,0000001280,0000003660,0000000000,0000003660,"LAND AND BUILDING","SALE INVOLVING MULTIPLE PARCELS","N"
"R72 13706 0001",2358,14-FEB-13,000000000.00,"IRG DAYTON 1 LLC","IRG DAYTON II LLC","EDWIN C MOSES BLVD","IRG DAYTON II LLC","","360 E HIGHLAND RD","","MACEDONIA OH 44056","I",0002.09800,0000005580,0000000000,0000005580,0000015940,0000000000,0000015940,"LAND ONLY","NOT VALIDATED","N"
"R72 13706 0003",2358,14-FEB-13,000000000.00,"IRG DAYTON 1 LLC","IRG DAYTON II LLC","WISCONSIN BLVD","IRG DAYTON II LLC","","360 E HIGHLAND RD","","MACEDONIA OH 44056","I",0001.25400,0000003340,0000000000,0000003340,0000009530,0000000000,0000009530,"LAND ONLY","NOT VALIDATED","N"
"R72 13706 0004",2358,14-FEB-13,000000000.00,"IRG DAYTON 1 LLC","IRG DAYTON II LLC","WISCONSIN BLVD","IRG DAYTON II LLC","","360 E HIGHLAND RD","","MACEDONIA OH 44056","I",0001.25000,0000003330,0000000000,0000003330,0000009500,0000000000,0000009500,"LAND ONLY","NOT VALIDATED","N"
"R72 13706 0005",2358,14-FEB-13,000000000.00,"IRG DAYTON 1 LLC","IRG DAYTON II LLC","WISCONSIN BLVD","IRG DAYTON II LLC","","360 E HIGHLAND RD","","MACEDONIA OH 44056","I",0001.55500,0000004120,0000000000,0000004120,0000011780,0000000000,0000011780,"LAND ONLY","NOT VALIDATED","N"
"R72 13706 0006",2358,14-FEB-13,000000000.00,"IRG DAYTON 1 LLC","IRG DAYTON II LLC","WISCONSIN BLVD","IRG DAYTON II LLC","","360 E HIGHLAND RD","","MACEDONIA OH 44056","I",0016.49600,0000013160,0000000000,0000013160,0000037610,0000000000,0000037610,"LAND ONLY","NOT VALIDATED","N"
"R72 13706 0007",2358,14-FEB-13,000000000.00,"IRG DAYTON 1 LLC","IRG DAYTON II LLC","MIAMI CHAPEL RD","IRG DAYTON II LLC","","360 E HIGHLAND RD","","MACEDONIA OH 44056","I",0000.15100,0000000400,0000000000,0000000400,0000001150,0000000000,0000001150,"LAND ONLY","NOT VALIDATED","N"
"R72 13706 0009",2358,14-FEB-13,000000000.00,"IRG DAYTON 1 LLC","IRG DAYTON II LLC","1420 CINCINNATI ST","IRG DAYTON II LLC","","360 E HIGHLAND RD","","MACEDONIA OH 44056","I",0007.70700,0000009840,0000000000,0000009840,0000028120,0000000000,0000028120,"LAND ONLY","NOT VALIDATED","N"
"R72 16715 0002",1777,06-FEB-13,000000000.00,"SEREX PROPERTIES LLC","BAYVIEW LOAN SERVICING LLC","BRANDT PIKE","BAYVIEW LOAN SERVICING LLC","","4425 PONCE DE LEON 5TH FL","","MIAMI FL 33146","I",0001.85000,0000034210,0000074870,0000109080,0000097730,0000213900,0000311630,"LAND AND BUILDING","NOT VALIDATED","N"
