"PARID","CONVNUM","SALEDTE","PRICE","OLDOWN","OWNERNAME1","PARCELLOCATION","MAILINGNAME1","MAILINGNAME2","PADDR1","PADDR2","PADDR3","CLS","ACRES","TAXLAND","TAXBLDG","TAXTOTAL","ASMTLAND","ASMTBLDG","ASMTTOTL","SALETYPE","SALEVALIDITY","DYTNCRDT"
"A01 00203 0069",222,04-JAN-13,000250000.00,"JD MARINE INC","SMITH GREGREY S AND","LIGHTNER RD","SMITH GREGREY S AND","STEPHANIE M","5486 WORLEY RD","","TIPP CITY OH 45371","I",0001.00000,0000014320,0000000000,0000014320,0000040920,0000000000,0000040920,"LAND AND BUILDING","VALID SALE","N"
"J44 04103 0018",890,18-JAN-13,000225000.00,"RAJKOVICH THOMAS R","2220 DOROTHY LLC","1900 W DOROTHY LN","2220 DOROTHY LLC","","2475 ARBOR BLVD","","DAYTON OH 45439","I",0000.57300,0000006460,0000000000,0000006460,0000018450,0000000000,0000018450,"LAND AND BUILDING","VALID SALE","N"
"J44 04103 0097",890,18-JAN-13,000225000.00,"RAJKOVICH THOMAS R","2220 DOROTHY LLC","2220 W DOROTHY LN","2220 DOROTHY LLC","","2475 ARBOR BLVD","","DAYTON OH 45439","I",0000.68400,0000023610,0000119510,0000143120,0000067450,0000341470,0000408920,"LAND AND BUILDING","VALID SALE","N"
"J44 04105 0002",1804,06-FEB-13,000000000.00,"CITY OF MORAINE","CENTRAL READY MIX LLC","EAST RIVER RD","CENTRAL READY MIX LLC","","5989 BRIERLY RIDGE","","CINCINNATI OH 45247 1118","I",0019.02700,0000138090,0000000000,0000138090,0000394540,0000000000,0000394540,"LAND ONLY","NOT VALIDATED","N"
"K45100102 0003",291,08-JAN-13,000000000.00,"VICTORY 4 LLC ET AL 3","VICTORY 4 HOLDINGS LLC ET AL 3","AUSTIN BLVD","VICTORY 4 HOLDINGS LLC ET AL 3","","7810 MCEWEN RD","","DAYTON OH 45459","I",0050.73400,0000295760,0000000000,0000295760,0000845040,0000000000,0000845040,"LAND AND BUILDING","NOT VALIDATED","N"
"M57 00907 0027",771,17-JAN-13,000000000.00,"WENRICK JAROD D","WENRICK COMMERCIAL INVESTMENTS LLC","44 LAU PKWY","WENRICK COMMERCIAL INVESTMENTS LLC","","44 LAU PKWY","","CLAYTON OH 45315 2518","I",0002.62700,0000031360,0000000000,0000031360,0000089590,0000000000,0000089590,"LAND AND BUILDING","NOT VALIDATED","N"
"M57 00907 0039",771,17-JAN-13,000000000.00,"WENRICK JAROD D","WENRICK COMMERCIAL INVESTMENTS LLC","METRO DR","WENRICK COMMERCIAL INVESTMENTS LLC","","44 LAU PKWY","","CLAYTON OH 45315 2518","I",0001.94200,0000005590,0000000000,0000005590,0000015980,0000000000,0000015980,"LAND AND BUILDING","NOT VALIDATED","N"
"O68 01302 0002",453,11-JAN-13,000000000.00,"RENTZ RICHARD J","RENTZ PROPERTIES LLC","7985 S SUBURBAN RD","RENTZ PROPERTIES LLC","","759 GRANTS TR","","CENTERVILLE OH 45459","I",0000.69100,0000017630,0000047470,0000065100,0000050380,0000135620,0000186000,"LAND AND BUILDING","RELATED INDIVIDUALS OR CORPORATIONS","N"
"P70 01217 0035",1456,31-JAN-13,000000000.00,"MEHMET PANAYIRCI","REED SHARON L","7900 TECHNOLOGY BLVD","MEHMET PANAYIRCI","","7900 TECHNOLOGY DR","","DAYTON OH 45424","I",0005.80100,0000095430,0000219300,0000314730,0000272650,0000626560,0000899210,"LAND AND BUILDING","NOT VALIDATED","N"
"R72 00605 0001",1249,29-JAN-13,000000000.00,"H D SUPPLY HOLDINGS LLC","DAYTON CITY OF","210 WAYNE AVE","DAYTON CITY OF","","101 W THIRD ST P O BOX 22","","DAYTON OH 45402","I",0000.00000,0000041990,0000351780,0000393770,0000119970,0001005080,0001125050,"LAND AND BUILDING","SALE INVOLVING MULTIPLE PARCELS","N"
"R72 00605 0078",1249,29-JAN-13,000000000.00,"HD SUPPLY HOLDINGS LLC","DAYTON CITY OF","5TH & WALNUT ST","HUGHES SUPPLY, INC #7402","ATTN: PROPERTY TAX DEPT","P.O. BOX 1713","","ORLANDO FL 32802","I",0000.00000,0000009600,0000002440,0000012040,0000027420,0000006960,0000034380,"LAND AND BUILDING","SALE INVOLVING MULTIPLE PARCELS","N"
"R72 03008 0004",1060,23-JAN-13,000165000.00,"UPDYKE HOWARD S JR AND","MJS VENTURES LLC","949 S PATTERSON BLVD","MJS VENTURES LLC","","1100 SALEM AVE","","DAYTON OH 45406 4619","I",0000.00000,0000019820,0000034380,0000054200,0000056640,0000098220,0000154860,"LAND AND BUILDING","SALE INVOLVING MULTIPLE PARCELS","N"
"R72 03008 0024",1060,23-JAN-13,000165000.00,"UPDYKE HOWARD S JR AND","MJS VENTURES LLC","S PATTERSON BLVD","MJS VENTURES LLC","","1100 SALEM AVE","","DAYTON OH 45406 4619","I",0000.03500,0000001280,0000000000,0000001280,0000003660,0000000000,0000003660,"LAND AND BUILDING","SALE INVOLVING MULTIPLE PARCELS","N"
"R72 16715 0002",1777,06-FEB-13,000000000.00,"SEREX PROPERTIES LLC","BAYVIEW LOAN SERVICING LLC","BRANDT PIKE","BAYVIEW LOAN SERVICING LLC","","4425 PONCE DE LEON 5TH FL","","MIAMI FL 33146","I",0001.85000,0000034210,0000074870,0000109080,0000097730,0000213900,0000311630,"LAND AND BUILDING","NOT VALIDATED","N"
