"PARID","CONVNUM","SALEDTE","PRICE","OLDOWN","OWNERNAME1","PARCELLOCATION","MAILINGNAME1","MAILINGNAME2","PADDR1","PADDR2","PADDR3","CLS","ACRES","TAXLAND","TAXBLDG","TAXTOTAL","ASMTLAND","ASMTBLDG","ASMTTOTL","SALETYPE","SALEVALIDITY","DYTNCRDT"
"A01 00205 0011",433,10-JAN-13,000000000.00,"HORATIO ENTERPRISES, LLC","HORATIO ENTERPRISES, LLC","OLD SPRINGFIELD RD","THIES RICHARD P AND","DEBRA L","1847 STATE ROUTE 48","","ENGLEWOOD OH 45322 4124","A",0076.87800,0000032320,0000000000,0000032320,0000092350,0000000000,0000092350,"LAND ONLY","NOT VALIDATED","N"
"A01 00205 0011",434,10-JAN-13,000574663.00,"HORATIO ENTERPRISES, LLC","THIES RICHARD P AND","OLD SPRINGFIELD RD","THIES RICHARD P AND","DEBRA L","1847 STATE ROUTE 48","","ENGLEWOOD OH 45322 4124","A",0076.87800,0000032320,0000000000,0000032320,0000092350,0000000000,0000092350,"LAND ONLY","VALID SALE","N"
"F22 01406 0001",29,02-JAN-13,000050000.00,"FULTZ GREGORY ET AL 3","LANDIS JEFFREY T ET AL 3","2136 S PREBLE COUNTY LINE RD","LANDIS JEFFREY T ET AL 3","","2660 ZEHRING RD","","FARMERSVILLE OH 45325","A",0020.07200,0000007380,0000000000,0000007380,0000021080,0000000000,0000021080,"LAND AND BUILDING","VALID SALE","N"
"F22 01406 0001",27,02-JAN-13,000050000.00,"FULTZ GREGORY A AND","FULTZ GREGORY ET AL 3","2136 S PREBLE COUNTY LINE RD","LANDIS JEFFREY T ET AL 3","","2660 ZEHRING RD","","FARMERSVILLE OH 45325","A",0020.07200,0000007380,0000000000,0000007380,0000021080,0000000000,0000021080,"LAND ONLY","VALID SALE","N"
"F22 01502 0008",315,09-JAN-13,000087013.00,"LONG TAMMIE","SEARS TREVIN E AND","HEMPLE RD","SEARS TREVIN E AND","MELISSA A","410 W CENTER ST","","FARMERSVILLE OH 45325","A",0015.67800,0000007480,0000000000,0000007480,0000021370,0000000000,0000021370,"LAND ONLY","VALID SALE","N"
"L55 02806 0009",427,10-JAN-13,000000000.00,"OSSWALD KEVIN R AND","OSSWALD MARCIA A AND","3085 N SULPHUR SPRINGS RD","OSSWALD RANDALL E AND","JOY","13352 UPPER LEWISBURG SALEM RD","","BROOKVILLE OH 45309 3217","A",0030.15000,0000019410,0000034450,0000053860,0000055460,0000098420,0000153880,"LAND AND BUILDING","NOT VALIDATED","N"
"L55 02806 0009",425,10-JAN-13,000000000.00,"OSSWALD KEVIN R AND","OSSWALD KEVIN R AND","3085 N SULPHUR SPRINGS RD","OSSWALD RANDALL E AND","JOY","13352 UPPER LEWISBURG SALEM RD","","BROOKVILLE OH 45309 3217","A",0030.15000,0000019410,0000034450,0000053860,0000055460,0000098420,0000153880,"LAND AND BUILDING","NOT VALIDATED","N"
"L55 02806 0009",428,10-JAN-13,000113000.00,"OSSWALD MARCIA A AND","OSSWALD RANDALL E","3085 N SULPHUR SPRINGS RD","OSSWALD RANDALL E AND","JOY","13352 UPPER LEWISBURG SALEM RD","","BROOKVILLE OH 45309 3217","A",0030.15000,0000019410,0000034450,0000053860,0000055460,0000098420,0000153880,"LAND AND BUILDING","VALID SALE","N"
"L55 02806 0009",429,10-JAN-13,000000000.00,"OSSWALD RANDALL E","OSSWALD RANDALL E AND","3085 N SULPHUR SPRINGS RD","OSSWALD RANDALL E AND","JOY","13352 UPPER LEWISBURG SALEM RD","","BROOKVILLE OH 45309 3217","A",0030.15000,0000019410,0000034450,0000053860,0000055460,0000098420,0000153880,"LAND AND BUILDING","RELATED INDIVIDUALS OR CORPORATIONS","N"
"L55 02809 0001",5,02-JAN-13,000597984.00,"OSSWALD RICHARD E AND","FLORA BYRON B","2870 CRAWFORD TOMS RUN RD","FLORA BYRON B","","12366 PROVIDENCE PIKE","","BROOKVILLE OH 45309","A",0010.38460,0000013630,0000037090,0000050720,0000038930,0000105980,0000144910,"LAND AND BUILDING","VALID SALE","N"
"M58 00213 0005",311,08-JAN-13,000000000.00,"SWARTZ DOUGLAS I AND","SWARTZ DOUGLAS I TR AND","406 ST RT 48","SWARTZ DOUGLAS I TR AND","CYNTHIA A TR","406 N MAIN ST","","UNION OH 45322","A",0060.69100,0000042210,0000086780,0000128990,0000120600,0000247940,0000368540,"LAND AND BUILDING","RELATED INDIVIDUALS OR CORPORATIONS","N"
"P70 03910 0005",169,04-JAN-13,000000000.00,"LEHMAN EUGENE A","EUGENE LEHMAN FAMILY","8303 BRANDT PIKE","EUGENE LEHMAN FAMILY","LIMITED PARTNERSHIP","6886 WILLOW TREE LN","","HUBER HEIGHTS OH 45424","A",0051.59790,0000029720,0000027980,0000057700,0000084900,0000079950,0000164850,"LAND AND BUILDING","NOT VALIDATED","N"
